{
  "type": "FeatureCollection",
  "generator": "overpass-turbo",
  "copyright": "The data included in this document is from www.openstreetmap.org. The data is made available under ODbL.",
  "timestamp": "2026-01-28T15:51:29Z",
  "features": [
    {
      "type": "Feature",
      "properties": {
        "@id": "relation/18079637",
        "bicycle": "yes",
        "duration": "02:45",
        "fee": "yes",
        "foot": "yes",
        "from": "Biel/Bienne",
        "interval": "03:00",
        "name": "3216: Biel/Bienne-Solothurn Kurs 32,34,36",
        "operator": "BSG",
        "operator:official_name:de": "Bielersee-Schifffahrts-Gesellschaft AG",
        "operator:official_name:fr": "Société de Navigation Lac de Bienne SA",
        "public_transport:version": "2",
        "ref": "3216",
        "reservation": "yes",
        "roundtrip": "yes",
        "route": "ferry",
        "to": "Solothurn",
        "type": "route",
        "vehicle": "no",
        "via": "Büren an der Aare",
        "website": "https://www.bielersee.ch/fahrplan"
      },
      "geometry": {
        "type": "MultiLineString",
        "coordinates": [
          [
            [
              7.2357925,
              47.1311447
            ],
            [
              7.2304043,
              47.1293325
            ],
            [
              7.2286413,
              47.1287085
            ],
            [
              7.2273778,
              47.1281899
            ],
            [
              7.2266918,
              47.1276916
            ],
            [
              7.2260979,
              47.1271171
            ],
            [
              7.2258979,
              47.12675
            ],
            [
              7.2257987,
              47.126402
            ],
            [
              7.2258223,
              47.1257525
            ],
            [
              7.2261758,
              47.1251753
            ],
            [
              7.2267441,
              47.1247995
            ],
            [
              7.2277077,
              47.1244055
            ],
            [
              7.2287115,
              47.1241419
            ],
            [
              7.2337098,
              47.1232662
            ],
            [
              7.2383148,
              47.1223876
            ],
            [
              7.2406843,
              47.1219731
            ],
            [
              7.2433384,
              47.1217045
            ],
            [
              7.2477203,
              47.1206797
            ],
            [
              7.2525234,
              47.1196282
            ],
            [
              7.2545511,
              47.1192082
            ],
            [
              7.2565749,
              47.1184943
            ],
            [
              7.2566378,
              47.1184714
            ],
            [
              7.2573067,
              47.1183218
            ],
            [
              7.2573918,
              47.1183018
            ],
            [
              7.2583133,
              47.1180847
            ],
            [
              7.2616179,
              47.1173848
            ],
            [
              7.2633042,
              47.1167634
            ],
            [
              7.2653202,
              47.1163222
            ],
            [
              7.2671408,
              47.1162285
            ],
            [
              7.2692235,
              47.1165035
            ],
            [
              7.2709198,
              47.1168631
            ],
            [
              7.2721809,
              47.1172287
            ],
            [
              7.2743967,
              47.1180356
            ],
            [
              7.2762262,
              47.1189965
            ],
            [
              7.2780069,
              47.1199664
            ],
            [
              7.2803915,
              47.1213654
            ],
            [
              7.281535,
              47.1221309
            ],
            [
              7.281541,
              47.1221371
            ],
            [
              7.2825601,
              47.1224018
            ],
            [
              7.2851872,
              47.1229476
            ],
            [
              7.2882817,
              47.1237297
            ],
            [
              7.2909237,
              47.1244056
            ],
            [
              7.2935138,
              47.1251487
            ],
            [
              7.2955369,
              47.126005
            ],
            [
              7.2965302,
              47.1264792
            ],
            [
              7.2993907,
              47.1284112
            ],
            [
              7.301341,
              47.12977
            ],
            [
              7.3036346,
              47.1313587
            ],
            [
              7.3063026,
              47.1331985
            ],
            [
              7.3075092,
              47.1340866
            ],
            [
              7.308955,
              47.1347729
            ],
            [
              7.3109209,
              47.1352859
            ],
            [
              7.3125644,
              47.1356397
            ],
            [
              7.3143379,
              47.1360254
            ],
            [
              7.3169331,
              47.1365631
            ],
            [
              7.3188054,
              47.1370726
            ],
            [
              7.3212498,
              47.1378509
            ],
            [
              7.3243807,
              47.1388061
            ],
            [
              7.326045,
              47.1393721
            ],
            [
              7.3270175,
              47.1396729
            ],
            [
              7.3306269,
              47.1408084
            ],
            [
              7.333815,
              47.1418202
            ],
            [
              7.3358798,
              47.1423084
            ],
            [
              7.3374504,
              47.1426303
            ],
            [
              7.3400092,
              47.1427788
            ],
            [
              7.3422196,
              47.1427329
            ],
            [
              7.3472956,
              47.1426727
            ],
            [
              7.356141,
              47.1424125
            ],
            [
              7.3615889,
              47.1422534
            ],
            [
              7.3636443,
              47.142026
            ],
            [
              7.3671453,
              47.1416339
            ],
            [
              7.3689836,
              47.1413611
            ],
            [
              7.3711811,
              47.140895
            ],
            [
              7.374014,
              47.1403389
            ],
            [
              7.3755908,
              47.14082
            ],
            [
              7.377003,
              47.1413408
            ],
            [
              7.3785166,
              47.1421138
            ],
            [
              7.383037,
              47.1451884
            ],
            [
              7.3837806,
              47.1458248
            ],
            [
              7.3837953,
              47.1458424
            ],
            [
              7.3848919,
              47.1471546
            ],
            [
              7.3856189,
              47.1482514
            ],
            [
              7.3869725,
              47.151462
            ],
            [
              7.3877496,
              47.1534167
            ],
            [
              7.3886185,
              47.1559963
            ],
            [
              7.3891616,
              47.1573202
            ],
            [
              7.3902061,
              47.1586838
            ],
            [
              7.3923034,
              47.1600928
            ],
            [
              7.3992051,
              47.162638
            ],
            [
              7.4011185,
              47.1629277
            ],
            [
              7.4054384,
              47.1625925
            ],
            [
              7.4086051,
              47.1621835
            ],
            [
              7.4113291,
              47.1622858
            ],
            [
              7.4133595,
              47.1632118
            ],
            [
              7.415816,
              47.1653876
            ],
            [
              7.4162171,
              47.1660238
            ],
            [
              7.4167936,
              47.169063
            ],
            [
              7.4176877,
              47.1706932
            ],
            [
              7.4201776,
              47.1719088
            ],
            [
              7.4225718,
              47.1728188
            ],
            [
              7.4225989,
              47.1728202
            ],
            [
              7.4261144,
              47.1731566
            ],
            [
              7.427925,
              47.1736184
            ],
            [
              7.4298589,
              47.1746551
            ],
            [
              7.4313996,
              47.1761193
            ],
            [
              7.4316198,
              47.1787696
            ],
            [
              7.4311795,
              47.1809069
            ],
            [
              7.4308179,
              47.1826594
            ],
            [
              7.4316355,
              47.1839631
            ],
            [
              7.4328147,
              47.1845294
            ],
            [
              7.4343712,
              47.1849889
            ],
            [
              7.4357862,
              47.1851492
            ],
            [
              7.4377357,
              47.1849782
            ],
            [
              7.4386948,
              47.1841768
            ],
            [
              7.4391193,
              47.1836425
            ],
            [
              7.4398425,
              47.1811634
            ],
            [
              7.4400582,
              47.1806412
            ],
            [
              7.4409586,
              47.1794107
            ],
            [
              7.441947,
              47.1793175
            ],
            [
              7.4432387,
              47.1793641
            ],
            [
              7.4454896,
              47.1801091
            ],
            [
              7.4486042,
              47.1819051
            ],
            [
              7.4498994,
              47.1833619
            ],
            [
              7.4502088,
              47.1844603
            ],
            [
              7.4500369,
              47.1855742
            ],
            [
              7.4490054,
              47.1871243
            ],
            [
              7.4483177,
              47.1888847
            ],
            [
              7.4482234,
              47.1892279
            ],
            [
              7.4482925,
              47.1900064
            ],
            [
              7.4487975,
              47.1900762
            ],
            [
              7.4492026,
              47.1900582
            ],
            [
              7.4495015,
              47.1899679
            ],
            [
              7.4497627,
              47.189825
            ],
            [
              7.4501236,
              47.1896309
            ],
            [
              7.4503848,
              47.1895241
            ],
            [
              7.4506926,
              47.189348
            ],
            [
              7.4509405,
              47.189157
            ],
            [
              7.4517619,
              47.1888892
            ],
            [
              7.4529463,
              47.1886183
            ],
            [
              7.4536548,
              47.1885281
            ],
            [
              7.4544584,
              47.1884559
            ],
            [
              7.4563712,
              47.1884032
            ],
            [
              7.4578921,
              47.1883972
            ],
            [
              7.4596123,
              47.1885943
            ],
            [
              7.4609783,
              47.1888215
            ],
            [
              7.4617952,
              47.1889569
            ],
            [
              7.4629553,
              47.1892848
            ],
            [
              7.4639914,
              47.1895707
            ],
            [
              7.4647087,
              47.1897798
            ],
            [
              7.4654968,
              47.190007
            ],
            [
              7.4660879,
              47.190171
            ],
            [
              7.4670089,
              47.1903094
            ],
            [
              7.4684745,
              47.1904884
            ],
            [
              7.4691343,
              47.1905591
            ],
            [
              7.4703585,
              47.1906359
            ],
            [
              7.4710006,
              47.1906569
            ],
            [
              7.4720256,
              47.1906584
            ],
            [
              7.4736683,
              47.1906569
            ],
            [
              7.4750852,
              47.1907442
            ],
            [
              7.4757958,
              47.1908194
            ],
            [
              7.4769803,
              47.1909202
            ],
            [
              7.4776688,
              47.19103
            ],
            [
              7.4781935,
              47.1911865
            ],
            [
              7.478572,
              47.191343
            ],
            [
              7.4788643,
              47.1915265
            ],
            [
              7.4791012,
              47.1917176
            ],
            [
              7.4793071,
              47.1919824
            ],
            [
              7.4795439,
              47.1923194
            ],
            [
              7.4797321,
              47.1927767
            ],
            [
              7.4797565,
              47.1930054
            ],
            [
              7.4799602,
              47.1934206
            ],
            [
              7.4803166,
              47.1940765
            ],
            [
              7.4806907,
              47.1945985
            ],
            [
              7.4810649,
              47.1950167
            ],
            [
              7.4815054,
              47.1953492
            ],
            [
              7.481977,
              47.1956561
            ],
            [
              7.4825969,
              47.1960186
            ],
            [
              7.4831371,
              47.1963902
            ],
            [
              7.48354,
              47.196694
            ],
            [
              7.4837061,
              47.196867
            ],
            [
              7.4839142,
              47.1971724
            ],
            [
              7.4840957,
              47.197544
            ],
            [
              7.4841422,
              47.1977561
            ],
            [
              7.4841422,
              47.1980975
            ],
            [
              7.4840271,
              47.1987053
            ],
            [
              7.4838893,
              47.1994137
            ],
            [
              7.4839175,
              47.2000331
            ],
            [
              7.4839828,
              47.2007841
            ],
            [
              7.4840381,
              47.201303
            ],
            [
              7.484171,
              47.2019212
            ],
            [
              7.4843569,
              47.2023514
            ],
            [
              7.4846226,
              47.2027485
            ],
            [
              7.4849768,
              47.203105
            ],
            [
              7.4853133,
              47.2034148
            ],
            [
              7.4859864,
              47.203836
            ],
            [
              7.486469,
              47.2040405
            ],
            [
              7.486914,
              47.2042616
            ],
            [
              7.4871066,
              47.2043308
            ],
            [
              7.487308,
              47.2044542
            ],
            [
              7.4878106,
              47.2046181
            ],
            [
              7.4884393,
              47.2048272
            ],
            [
              7.4894533,
              47.2050407
            ],
            [
              7.4902592,
              47.2051009
            ],
            [
              7.4904053,
              47.20514
            ],
            [
              7.4914015,
              47.2050829
            ],
            [
              7.4924598,
              47.2048693
            ],
            [
              7.4932922,
              47.2045865
            ],
            [
              7.4944611,
              47.2040721
            ],
            [
              7.4951651,
              47.2037292
            ],
            [
              7.496002,
              47.2031666
            ],
            [
              7.4967104,
              47.2026613
            ],
            [
              7.4970115,
              47.2023544
            ],
            [
              7.4972772,
              47.2021829
            ],
            [
              7.4974189,
              47.2020024
            ],
            [
              7.4981893,
              47.2013196
            ],
            [
              7.4987251,
              47.200763
            ],
            [
              7.4992962,
              47.2001523
            ],
            [
              7.4998851,
              47.1995296
            ],
            [
              7.5003722,
              47.1990678
            ],
            [
              7.5005205,
              47.1988903
            ],
            [
              7.5012046,
              47.198269
            ],
            [
              7.5017293,
              47.1978749
            ],
            [
              7.5022407,
              47.1975199
            ],
            [
              7.5029115,
              47.1971664
            ],
            [
              7.5036487,
              47.1968806
            ],
            [
              7.5045476,
              47.1966218
            ],
            [
              7.505256,
              47.1964534
            ],
            [
              7.5058825,
              47.1963526
            ],
            [
              7.5071041,
              47.1963454
            ],
            [
              7.5077505,
              47.1963541
            ],
            [
              7.5085392,
              47.1964172
            ],
            [
              7.5093938,
              47.1964684
            ],
            [
              7.5098183,
              47.1964643
            ],
            [
              7.5113331,
              47.1965165
            ],
            [
              7.5130777,
              47.196521
            ],
            [
              7.5143462,
              47.1964699
            ],
            [
              7.5155927,
              47.196339
            ],
            [
              7.5176095,
              47.196166
            ],
            [
              7.518836,
              47.1961028
            ],
            [
              7.5198942,
              47.1961329
            ],
            [
              7.5209901,
              47.1962277
            ],
            [
              7.5217583,
              47.1963586
            ],
            [
              7.5224358,
              47.1965376
            ],
            [
              7.5234962,
              47.1968159
            ],
            [
              7.525057,
              47.1972025
            ],
            [
              7.5269698,
              47.1977485
            ],
            [
              7.527479,
              47.1979396
            ],
            [
              7.5278443,
              47.1981592
            ],
            [
              7.5284266,
              47.1985593
            ],
            [
              7.5296176,
              47.1994544
            ],
            [
              7.5303039,
              47.1999492
            ],
            [
              7.5308795,
              47.200396
            ],
            [
              7.5318714,
              47.2012489
            ],
            [
              7.5325377,
              47.2019799
            ],
            [
              7.5327547,
              47.2022657
            ],
            [
              7.5329473,
              47.2024702
            ],
            [
              7.5334167,
              47.2029967
            ],
            [
              7.5337509,
              47.2034118
            ],
            [
              7.5338318,
              47.203487
            ],
            [
              7.5339741,
              47.2035486
            ],
            [
              7.534032,
              47.2035386
            ],
            [
              7.5340351,
              47.2035438
            ],
            [
              7.5341126,
              47.2035208
            ],
            [
              7.5341094,
              47.2035162
            ],
            [
              7.5341052,
              47.2035101
            ],
            [
              7.5340277,
              47.2035329
            ],
            [
              7.534032,
              47.2035386
            ]
          ],
          [
            [
              7.4481183,
              47.19012
            ],
            [
              7.4482668,
              47.190016
            ],
            [
              7.4482531,
              47.1900073
            ],
            [
              7.4482722,
              47.1899935
            ],
            [
              7.4482925,
              47.1900064
            ],
            [
              7.4483096,
              47.1900173
            ],
            [
              7.4482917,
              47.1900303
            ],
            [
              7.4482788,
              47.1900222
            ],
            [
              7.4481304,
              47.1901279
            ],
            [
              7.4481258,
              47.1901307
            ],
            [
              7.4481199,
              47.1901268
            ],
            [
              7.4481136,
              47.1901226
            ],
            [
              7.4481183,
              47.19012
            ]
          ]
        ]
      },
      "id": "relation/18079637"
    },
    {
      "type": "Feature",
      "properties": {
        "@id": "relation/18637779",
        "duration": "02:45",
        "from": "Solothurn",
        "name": "3216: Solothurn-Biel/Bienne Kurs 31,33,35",
        "operator": "BSG",
        "operator:de": "Bielersee-Schifffahrts-Gesellschaft AG",
        "operator:fr": "Société de Navigation Lac de Bienne SA",
        "public_transport:version": "2",
        "ref": "3216",
        "route": "ferry",
        "to": "Biel/Bienne",
        "type": "route",
        "vehicle": "no",
        "via": "Büren an der Aare",
        "website": "https://www.bielersee.ch/fahrplan"
      },
      "geometry": {
        "type": "LineString",
        "coordinates": [
          [
            7.2357925,
            47.1311447
          ],
          [
            7.2304043,
            47.1293325
          ],
          [
            7.2286413,
            47.1287085
          ],
          [
            7.2273778,
            47.1281899
          ],
          [
            7.2266918,
            47.1276916
          ],
          [
            7.2260979,
            47.1271171
          ],
          [
            7.2258979,
            47.12675
          ],
          [
            7.2257987,
            47.126402
          ],
          [
            7.2258223,
            47.1257525
          ],
          [
            7.2261758,
            47.1251753
          ],
          [
            7.2267441,
            47.1247995
          ],
          [
            7.2277077,
            47.1244055
          ],
          [
            7.2287115,
            47.1241419
          ],
          [
            7.2337098,
            47.1232662
          ],
          [
            7.2383148,
            47.1223876
          ],
          [
            7.2406843,
            47.1219731
          ],
          [
            7.2433384,
            47.1217045
          ],
          [
            7.2477203,
            47.1206797
          ],
          [
            7.2525234,
            47.1196282
          ],
          [
            7.2545511,
            47.1192082
          ],
          [
            7.2565749,
            47.1184943
          ],
          [
            7.2566378,
            47.1184714
          ],
          [
            7.2573067,
            47.1183218
          ],
          [
            7.2573918,
            47.1183018
          ],
          [
            7.2583133,
            47.1180847
          ],
          [
            7.2616179,
            47.1173848
          ],
          [
            7.2633042,
            47.1167634
          ],
          [
            7.2653202,
            47.1163222
          ],
          [
            7.2671408,
            47.1162285
          ],
          [
            7.2692235,
            47.1165035
          ],
          [
            7.2709198,
            47.1168631
          ],
          [
            7.2721809,
            47.1172287
          ],
          [
            7.2743967,
            47.1180356
          ],
          [
            7.2762262,
            47.1189965
          ],
          [
            7.2780069,
            47.1199664
          ],
          [
            7.2803915,
            47.1213654
          ],
          [
            7.281535,
            47.1221309
          ],
          [
            7.281541,
            47.1221371
          ],
          [
            7.2825601,
            47.1224018
          ],
          [
            7.2851872,
            47.1229476
          ],
          [
            7.2882817,
            47.1237297
          ],
          [
            7.2909237,
            47.1244056
          ],
          [
            7.2935138,
            47.1251487
          ],
          [
            7.2955369,
            47.126005
          ],
          [
            7.2965302,
            47.1264792
          ],
          [
            7.2993907,
            47.1284112
          ],
          [
            7.301341,
            47.12977
          ],
          [
            7.3036346,
            47.1313587
          ],
          [
            7.3063026,
            47.1331985
          ],
          [
            7.3075092,
            47.1340866
          ],
          [
            7.308955,
            47.1347729
          ],
          [
            7.3109209,
            47.1352859
          ],
          [
            7.3125644,
            47.1356397
          ],
          [
            7.3143379,
            47.1360254
          ],
          [
            7.3169331,
            47.1365631
          ],
          [
            7.3188054,
            47.1370726
          ],
          [
            7.3212498,
            47.1378509
          ],
          [
            7.3243807,
            47.1388061
          ],
          [
            7.326045,
            47.1393721
          ],
          [
            7.3270175,
            47.1396729
          ],
          [
            7.3306269,
            47.1408084
          ],
          [
            7.333815,
            47.1418202
          ],
          [
            7.3358798,
            47.1423084
          ],
          [
            7.3374504,
            47.1426303
          ],
          [
            7.3400092,
            47.1427788
          ],
          [
            7.3422196,
            47.1427329
          ],
          [
            7.3472956,
            47.1426727
          ],
          [
            7.356141,
            47.1424125
          ],
          [
            7.3615889,
            47.1422534
          ],
          [
            7.3636443,
            47.142026
          ],
          [
            7.3671453,
            47.1416339
          ],
          [
            7.3689836,
            47.1413611
          ],
          [
            7.3711811,
            47.140895
          ],
          [
            7.374014,
            47.1403389
          ],
          [
            7.3755908,
            47.14082
          ],
          [
            7.377003,
            47.1413408
          ],
          [
            7.3785166,
            47.1421138
          ],
          [
            7.383037,
            47.1451884
          ],
          [
            7.3837806,
            47.1458248
          ],
          [
            7.3837953,
            47.1458424
          ],
          [
            7.3848919,
            47.1471546
          ],
          [
            7.3856189,
            47.1482514
          ],
          [
            7.3869725,
            47.151462
          ],
          [
            7.3877496,
            47.1534167
          ],
          [
            7.3886185,
            47.1559963
          ],
          [
            7.3891616,
            47.1573202
          ],
          [
            7.3902061,
            47.1586838
          ],
          [
            7.3923034,
            47.1600928
          ],
          [
            7.3992051,
            47.162638
          ],
          [
            7.4011185,
            47.1629277
          ],
          [
            7.4054384,
            47.1625925
          ],
          [
            7.4086051,
            47.1621835
          ],
          [
            7.4113291,
            47.1622858
          ],
          [
            7.4133595,
            47.1632118
          ],
          [
            7.415816,
            47.1653876
          ],
          [
            7.4162171,
            47.1660238
          ],
          [
            7.4167936,
            47.169063
          ],
          [
            7.4176877,
            47.1706932
          ],
          [
            7.4201776,
            47.1719088
          ],
          [
            7.4225718,
            47.1728188
          ],
          [
            7.4225989,
            47.1728202
          ],
          [
            7.4261144,
            47.1731566
          ],
          [
            7.427925,
            47.1736184
          ],
          [
            7.4298589,
            47.1746551
          ],
          [
            7.4313996,
            47.1761193
          ],
          [
            7.4316198,
            47.1787696
          ],
          [
            7.4311795,
            47.1809069
          ],
          [
            7.4308179,
            47.1826594
          ],
          [
            7.4316355,
            47.1839631
          ],
          [
            7.4328147,
            47.1845294
          ],
          [
            7.4343712,
            47.1849889
          ],
          [
            7.4357862,
            47.1851492
          ],
          [
            7.4377357,
            47.1849782
          ],
          [
            7.4386948,
            47.1841768
          ],
          [
            7.4391193,
            47.1836425
          ],
          [
            7.4398425,
            47.1811634
          ],
          [
            7.4400582,
            47.1806412
          ],
          [
            7.4409586,
            47.1794107
          ],
          [
            7.441947,
            47.1793175
          ],
          [
            7.4432387,
            47.1793641
          ],
          [
            7.4454896,
            47.1801091
          ],
          [
            7.4486042,
            47.1819051
          ],
          [
            7.4498994,
            47.1833619
          ],
          [
            7.4502088,
            47.1844603
          ],
          [
            7.4500369,
            47.1855742
          ],
          [
            7.4490054,
            47.1871243
          ],
          [
            7.4483177,
            47.1888847
          ],
          [
            7.4482234,
            47.1892279
          ],
          [
            7.4482925,
            47.1900064
          ],
          [
            7.4487975,
            47.1900762
          ],
          [
            7.4492026,
            47.1900582
          ],
          [
            7.4495015,
            47.1899679
          ],
          [
            7.4497627,
            47.189825
          ],
          [
            7.4501236,
            47.1896309
          ],
          [
            7.4503848,
            47.1895241
          ],
          [
            7.4506926,
            47.189348
          ],
          [
            7.4509405,
            47.189157
          ],
          [
            7.4517619,
            47.1888892
          ],
          [
            7.4529463,
            47.1886183
          ],
          [
            7.4536548,
            47.1885281
          ],
          [
            7.4544584,
            47.1884559
          ],
          [
            7.4563712,
            47.1884032
          ],
          [
            7.4578921,
            47.1883972
          ],
          [
            7.4596123,
            47.1885943
          ],
          [
            7.4609783,
            47.1888215
          ],
          [
            7.4617952,
            47.1889569
          ],
          [
            7.4629553,
            47.1892848
          ],
          [
            7.4639914,
            47.1895707
          ],
          [
            7.4647087,
            47.1897798
          ],
          [
            7.4654968,
            47.190007
          ],
          [
            7.4660879,
            47.190171
          ],
          [
            7.4670089,
            47.1903094
          ],
          [
            7.4684745,
            47.1904884
          ],
          [
            7.4691343,
            47.1905591
          ],
          [
            7.4703585,
            47.1906359
          ],
          [
            7.4710006,
            47.1906569
          ],
          [
            7.4720256,
            47.1906584
          ],
          [
            7.4736683,
            47.1906569
          ],
          [
            7.4750852,
            47.1907442
          ],
          [
            7.4757958,
            47.1908194
          ],
          [
            7.4769803,
            47.1909202
          ],
          [
            7.4776688,
            47.19103
          ],
          [
            7.4781935,
            47.1911865
          ],
          [
            7.478572,
            47.191343
          ],
          [
            7.4788643,
            47.1915265
          ],
          [
            7.4791012,
            47.1917176
          ],
          [
            7.4793071,
            47.1919824
          ],
          [
            7.4795439,
            47.1923194
          ],
          [
            7.4797321,
            47.1927767
          ],
          [
            7.4797565,
            47.1930054
          ],
          [
            7.4799602,
            47.1934206
          ],
          [
            7.4803166,
            47.1940765
          ],
          [
            7.4806907,
            47.1945985
          ],
          [
            7.4810649,
            47.1950167
          ],
          [
            7.4815054,
            47.1953492
          ],
          [
            7.481977,
            47.1956561
          ],
          [
            7.4825969,
            47.1960186
          ],
          [
            7.4831371,
            47.1963902
          ],
          [
            7.48354,
            47.196694
          ],
          [
            7.4837061,
            47.196867
          ],
          [
            7.4839142,
            47.1971724
          ],
          [
            7.4840957,
            47.197544
          ],
          [
            7.4841422,
            47.1977561
          ],
          [
            7.4841422,
            47.1980975
          ],
          [
            7.4840271,
            47.1987053
          ],
          [
            7.4838893,
            47.1994137
          ],
          [
            7.4839175,
            47.2000331
          ],
          [
            7.4839828,
            47.2007841
          ],
          [
            7.4840381,
            47.201303
          ],
          [
            7.484171,
            47.2019212
          ],
          [
            7.4843569,
            47.2023514
          ],
          [
            7.4846226,
            47.2027485
          ],
          [
            7.4849768,
            47.203105
          ],
          [
            7.4853133,
            47.2034148
          ],
          [
            7.4859864,
            47.203836
          ],
          [
            7.486469,
            47.2040405
          ],
          [
            7.486914,
            47.2042616
          ],
          [
            7.4871066,
            47.2043308
          ],
          [
            7.487308,
            47.2044542
          ],
          [
            7.4878106,
            47.2046181
          ],
          [
            7.4884393,
            47.2048272
          ],
          [
            7.4894533,
            47.2050407
          ],
          [
            7.4902592,
            47.2051009
          ],
          [
            7.4904053,
            47.20514
          ],
          [
            7.4914015,
            47.2050829
          ],
          [
            7.4924598,
            47.2048693
          ],
          [
            7.4932922,
            47.2045865
          ],
          [
            7.4944611,
            47.2040721
          ],
          [
            7.4951651,
            47.2037292
          ],
          [
            7.496002,
            47.2031666
          ],
          [
            7.4967104,
            47.2026613
          ],
          [
            7.4970115,
            47.2023544
          ],
          [
            7.4972772,
            47.2021829
          ],
          [
            7.4974189,
            47.2020024
          ],
          [
            7.4981893,
            47.2013196
          ],
          [
            7.4987251,
            47.200763
          ],
          [
            7.4992962,
            47.2001523
          ],
          [
            7.4998851,
            47.1995296
          ],
          [
            7.5003722,
            47.1990678
          ],
          [
            7.5005205,
            47.1988903
          ],
          [
            7.5012046,
            47.198269
          ],
          [
            7.5017293,
            47.1978749
          ],
          [
            7.5022407,
            47.1975199
          ],
          [
            7.5029115,
            47.1971664
          ],
          [
            7.5036487,
            47.1968806
          ],
          [
            7.5045476,
            47.1966218
          ],
          [
            7.505256,
            47.1964534
          ],
          [
            7.5058825,
            47.1963526
          ],
          [
            7.5071041,
            47.1963454
          ],
          [
            7.5077505,
            47.1963541
          ],
          [
            7.5085392,
            47.1964172
          ],
          [
            7.5093938,
            47.1964684
          ],
          [
            7.5098183,
            47.1964643
          ],
          [
            7.5113331,
            47.1965165
          ],
          [
            7.5130777,
            47.196521
          ],
          [
            7.5143462,
            47.1964699
          ],
          [
            7.5155927,
            47.196339
          ],
          [
            7.5176095,
            47.196166
          ],
          [
            7.518836,
            47.1961028
          ],
          [
            7.5198942,
            47.1961329
          ],
          [
            7.5209901,
            47.1962277
          ],
          [
            7.5217583,
            47.1963586
          ],
          [
            7.5224358,
            47.1965376
          ],
          [
            7.5234962,
            47.1968159
          ],
          [
            7.525057,
            47.1972025
          ],
          [
            7.5269698,
            47.1977485
          ],
          [
            7.527479,
            47.1979396
          ],
          [
            7.5278443,
            47.1981592
          ],
          [
            7.5284266,
            47.1985593
          ],
          [
            7.5296176,
            47.1994544
          ],
          [
            7.5303039,
            47.1999492
          ],
          [
            7.5308795,
            47.200396
          ],
          [
            7.5318714,
            47.2012489
          ],
          [
            7.5325377,
            47.2019799
          ],
          [
            7.5327547,
            47.2022657
          ],
          [
            7.5329473,
            47.2024702
          ],
          [
            7.5334167,
            47.2029967
          ],
          [
            7.5337509,
            47.2034118
          ],
          [
            7.5338318,
            47.203487
          ],
          [
            7.5339741,
            47.2035486
          ],
          [
            7.534032,
            47.2035386
          ]
        ]
      },
      "id": "relation/18637779"
    },
    {
      "type": "Feature",
      "properties": {
        "@id": "relation/18638220",
        "bicycle": "yes",
        "duration": "01:14",
        "foot": "yes",
        "from": "Erlach",
        "motor_vehicle": "no",
        "name": "3217: Erlach/Biel Kurs LNM",
        "operator": "BSG",
        "public_transport:version": "2",
        "ref": "3217",
        "route": "ferry",
        "to": "Biel/Bienne",
        "type": "route",
        "website": "https://bielersee.ch/fahrplan"
      },
      "geometry": {
        "type": "LineString",
        "coordinates": [
          [
            7.2357925,
            47.1311447
          ],
          [
            7.2301117,
            47.1294307
          ],
          [
            7.2284701,
            47.128938
          ],
          [
            7.2268903,
            47.1283978
          ],
          [
            7.224648,
            47.1273777
          ],
          [
            7.2236717,
            47.1269142
          ],
          [
            7.2224271,
            47.1262499
          ],
          [
            7.2211879,
            47.1255491
          ],
          [
            7.2126371,
            47.1200192
          ],
          [
            7.2101909,
            47.118581
          ],
          [
            7.2016346,
            47.1132548
          ],
          [
            7.1860027,
            47.103521
          ],
          [
            7.1771085,
            47.0977514
          ],
          [
            7.1736431,
            47.0957064
          ],
          [
            7.1721572,
            47.0950198
          ],
          [
            7.1707892,
            47.0944866
          ],
          [
            7.169432,
            47.0940155
          ],
          [
            7.1662509,
            47.0933763
          ],
          [
            7.1630376,
            47.0929198
          ],
          [
            7.1615624,
            47.0929016
          ],
          [
            7.1600926,
            47.0929563
          ],
          [
            7.1570487,
            47.09334
          ],
          [
            7.1569307,
            47.0932102
          ],
          [
            7.1566743,
            47.092971
          ],
          [
            7.1563254,
            47.0926666
          ],
          [
            7.1557644,
            47.0921964
          ],
          [
            7.1551662,
            47.0915957
          ],
          [
            7.1544205,
            47.0907485
          ],
          [
            7.1535669,
            47.0896939
          ],
          [
            7.152579,
            47.0884793
          ],
          [
            7.1514953,
            47.087539
          ],
          [
            7.1501813,
            47.0868337
          ],
          [
            7.1481768,
            47.0857627
          ],
          [
            7.1464217,
            47.0849791
          ],
          [
            7.1437363,
            47.0842215
          ],
          [
            7.1417222,
            47.0839472
          ],
          [
            7.1376365,
            47.0836142
          ],
          [
            7.1359965,
            47.0834183
          ],
          [
            7.1355205,
            47.0832911
          ],
          [
            7.135022,
            47.0829394
          ],
          [
            7.1345885,
            47.0825688
          ],
          [
            7.134228,
            47.0822124
          ],
          [
            7.133949,
            47.0818376
          ],
          [
            7.133646,
            47.0811367
          ],
          [
            7.1334604,
            47.0804161
          ],
          [
            7.1331346,
            47.0788961
          ],
          [
            7.1328812,
            47.0774171
          ],
          [
            7.1327244,
            47.0758805
          ],
          [
            7.1326701,
            47.0747588
          ],
          [
            7.1328628,
            47.0736256
          ],
          [
            7.1332432,
            47.0725145
          ],
          [
            7.1342434,
            47.0711618
          ],
          [
            7.1347832,
            47.0700049
          ],
          [
            7.1348753,
            47.0688822
          ],
          [
            7.1353741,
            47.0683582
          ],
          [
            7.1255139,
            47.0657582
          ],
          [
            7.1040563,
            47.0604961
          ],
          [
            7.1001939,
            47.0596776
          ],
          [
            7.098906,
            47.0594665
          ],
          [
            7.09764,
            47.0594958
          ],
          [
            7.0966101,
            47.0596419
          ],
          [
            7.0956341,
            47.059948
          ],
          [
            7.0945072,
            47.0605628
          ],
          [
            7.0935328,
            47.0612927
          ],
          [
            7.0938742,
            47.0582204
          ],
          [
            7.0945488,
            47.0551667
          ],
          [
            7.0958805,
            47.0520694
          ],
          [
            7.0973536,
            47.0493995
          ]
        ]
      },
      "id": "relation/18638220"
    },
    {
      "type": "Feature",
      "properties": {
        "@id": "relation/18638221",
        "bicycle": "yes",
        "duration": "01:10",
        "foot": "yes",
        "from": "Erlach",
        "motor_vehicle": "no",
        "name": "3217: Erlach-Biel Kurs 76",
        "operator": "BSG",
        "public_transport:version": "2",
        "ref": "3217",
        "route": "ferry",
        "to": "Biel/Bienne",
        "type": "route",
        "website": "https://bielersee.ch/fahrplan"
      },
      "geometry": {
        "type": "LineString",
        "coordinates": [
          [
            7.2357925,
            47.1311447
          ],
          [
            7.2301465,
            47.129396
          ],
          [
            7.2269735,
            47.1282938
          ],
          [
            7.2237736,
            47.1268302
          ],
          [
            7.2225451,
            47.126166
          ],
          [
            7.2212791,
            47.1254725
          ],
          [
            7.2175648,
            47.1229733
          ],
          [
            7.2132815,
            47.1202027
          ],
          [
            7.2103767,
            47.118413
          ],
          [
            7.1833204,
            47.1009577
          ],
          [
            7.1740293,
            47.0950782
          ],
          [
            7.1638583,
            47.0899944
          ],
          [
            7.1415852,
            47.080819
          ],
          [
            7.1390533,
            47.0797814
          ],
          [
            7.1371434,
            47.0783787
          ],
          [
            7.135663,
            47.076552
          ],
          [
            7.1354592,
            47.0756679
          ],
          [
            7.1353733,
            47.0745062
          ],
          [
            7.1357059,
            47.0708673
          ],
          [
            7.1355772,
            47.0700926
          ],
          [
            7.1352717,
            47.0690375
          ],
          [
            7.1353741,
            47.0683582
          ],
          [
            7.1255139,
            47.0657582
          ],
          [
            7.1040563,
            47.0604961
          ],
          [
            7.1001939,
            47.0596776
          ],
          [
            7.098906,
            47.0594665
          ],
          [
            7.09764,
            47.0594958
          ],
          [
            7.0966101,
            47.0596419
          ],
          [
            7.0956341,
            47.059948
          ],
          [
            7.0945072,
            47.0605628
          ],
          [
            7.0935328,
            47.0612927
          ],
          [
            7.0938742,
            47.0582204
          ],
          [
            7.0945488,
            47.0551667
          ],
          [
            7.0958805,
            47.0520694
          ],
          [
            7.0973536,
            47.0493995
          ]
        ]
      },
      "id": "relation/18638221"
    },
    {
      "type": "Feature",
      "properties": {
        "@id": "relation/18638222",
        "bicycle": "yes",
        "duration": "01:15",
        "foot": "yes",
        "from": "Erlach",
        "motor_vehicle": "no",
        "name": "3217: Erlach-Biel Kurs 82",
        "operator": "BSG",
        "public_transport:version": "2",
        "ref": "3217",
        "route": "ferry",
        "to": "Biel/Bienne",
        "type": "route",
        "website": "https://bielersee.ch/fahrplan"
      },
      "geometry": {
        "type": "LineString",
        "coordinates": [
          [
            7.2357925,
            47.1311447
          ],
          [
            7.2300795,
            47.1294927
          ],
          [
            7.2268152,
            47.1284763
          ],
          [
            7.2235751,
            47.1269653
          ],
          [
            7.2223252,
            47.1263193
          ],
          [
            7.2210646,
            47.1256112
          ],
          [
            7.2122455,
            47.1200302
          ],
          [
            7.1879564,
            47.1055368
          ],
          [
            7.1844202,
            47.1034845
          ],
          [
            7.1830308,
            47.1028564
          ],
          [
            7.1815635,
            47.1024059
          ],
          [
            7.1798062,
            47.1021021
          ],
          [
            7.1784742,
            47.1019665
          ],
          [
            7.1777881,
            47.1020359
          ],
          [
            7.1779239,
            47.1011256
          ],
          [
            7.1778493,
            47.1001877
          ],
          [
            7.1772051,
            47.0991975
          ],
          [
            7.1764326,
            47.0983503
          ],
          [
            7.1746126,
            47.0967165
          ],
          [
            7.1733105,
            47.0959547
          ],
          [
            7.1719265,
            47.0953119
          ],
          [
            7.1693086,
            47.094304
          ],
          [
            7.166513,
            47.0937127
          ],
          [
            7.1630059,
            47.0931871
          ],
          [
            7.1601033,
            47.0931937
          ],
          [
            7.1570487,
            47.09334
          ],
          [
            7.1569307,
            47.0932102
          ],
          [
            7.1566743,
            47.092971
          ],
          [
            7.1563254,
            47.0926666
          ],
          [
            7.1557644,
            47.0921964
          ],
          [
            7.1551662,
            47.0915957
          ],
          [
            7.1544205,
            47.0907485
          ],
          [
            7.1535669,
            47.0896939
          ],
          [
            7.152579,
            47.0884793
          ],
          [
            7.1514953,
            47.087539
          ],
          [
            7.1501813,
            47.0868337
          ],
          [
            7.1481768,
            47.0857627
          ],
          [
            7.1464217,
            47.0849791
          ],
          [
            7.1437363,
            47.0842215
          ],
          [
            7.1417222,
            47.0839472
          ],
          [
            7.1376365,
            47.0836142
          ],
          [
            7.1359965,
            47.0834183
          ],
          [
            7.1355205,
            47.0832911
          ],
          [
            7.135022,
            47.0829394
          ],
          [
            7.1345885,
            47.0825688
          ],
          [
            7.134228,
            47.0822124
          ],
          [
            7.133949,
            47.0818376
          ],
          [
            7.133646,
            47.0811367
          ],
          [
            7.1334604,
            47.0804161
          ],
          [
            7.1331346,
            47.0788961
          ],
          [
            7.1328812,
            47.0774171
          ],
          [
            7.1327244,
            47.0758805
          ],
          [
            7.1326701,
            47.0747588
          ],
          [
            7.1328628,
            47.0736256
          ],
          [
            7.1332432,
            47.0725145
          ],
          [
            7.1342434,
            47.0711618
          ],
          [
            7.1347832,
            47.0700049
          ],
          [
            7.1348753,
            47.0688822
          ],
          [
            7.1353741,
            47.0683582
          ],
          [
            7.1255139,
            47.0657582
          ],
          [
            7.1040563,
            47.0604961
          ],
          [
            7.1001939,
            47.0596776
          ],
          [
            7.098906,
            47.0594665
          ],
          [
            7.09764,
            47.0594958
          ],
          [
            7.0966101,
            47.0596419
          ],
          [
            7.0956341,
            47.059948
          ],
          [
            7.0945072,
            47.0605628
          ],
          [
            7.0935328,
            47.0612927
          ],
          [
            7.0938742,
            47.0582204
          ],
          [
            7.0945488,
            47.0551667
          ],
          [
            7.0958805,
            47.0520694
          ],
          [
            7.0973536,
            47.0493995
          ]
        ]
      },
      "id": "relation/18638222"
    },
    {
      "type": "Feature",
      "properties": {
        "@id": "relation/18638223",
        "bicycle": "yes",
        "duration": "01:15",
        "foot": "yes",
        "from": "Erlach",
        "motor_vehicle": "no",
        "name": "3217: Erlach-Biel Kurs 66,70,72,74,302",
        "operator": "BSG",
        "public_transport:version": "2",
        "ref": "3217",
        "route": "ferry",
        "to": "Biel/Bienne",
        "type": "route",
        "website": "https://bielersee.ch/fahrplan"
      },
      "geometry": {
        "type": "LineString",
        "coordinates": [
          [
            7.0973536,
            47.0493995
          ],
          [
            7.0958805,
            47.0520694
          ],
          [
            7.0945488,
            47.0551667
          ],
          [
            7.0938742,
            47.0582204
          ],
          [
            7.0935328,
            47.0612927
          ],
          [
            7.0945072,
            47.0605628
          ],
          [
            7.0956341,
            47.059948
          ],
          [
            7.0966101,
            47.0596419
          ],
          [
            7.09764,
            47.0594958
          ],
          [
            7.098906,
            47.0594665
          ],
          [
            7.1001939,
            47.0596776
          ],
          [
            7.1040563,
            47.0604961
          ],
          [
            7.1255139,
            47.0657582
          ],
          [
            7.1353741,
            47.0683582
          ],
          [
            7.1348753,
            47.0688822
          ],
          [
            7.1347832,
            47.0700049
          ],
          [
            7.1342434,
            47.0711618
          ],
          [
            7.1332432,
            47.0725145
          ],
          [
            7.1328628,
            47.0736256
          ],
          [
            7.1326701,
            47.0747588
          ],
          [
            7.1327244,
            47.0758805
          ],
          [
            7.1328812,
            47.0774171
          ],
          [
            7.1331346,
            47.0788961
          ],
          [
            7.1334604,
            47.0804161
          ],
          [
            7.133646,
            47.0811367
          ],
          [
            7.133949,
            47.0818376
          ],
          [
            7.134228,
            47.0822124
          ],
          [
            7.1345885,
            47.0825688
          ],
          [
            7.135022,
            47.0829394
          ],
          [
            7.1355205,
            47.0832911
          ],
          [
            7.1359965,
            47.0834183
          ],
          [
            7.1376365,
            47.0836142
          ],
          [
            7.1417222,
            47.0839472
          ],
          [
            7.1437363,
            47.0842215
          ],
          [
            7.1464217,
            47.0849791
          ],
          [
            7.1481768,
            47.0857627
          ],
          [
            7.1501813,
            47.0868337
          ],
          [
            7.1514953,
            47.087539
          ],
          [
            7.152579,
            47.0884793
          ],
          [
            7.1535669,
            47.0896939
          ],
          [
            7.1544205,
            47.0907485
          ],
          [
            7.1551662,
            47.0915957
          ],
          [
            7.1557644,
            47.0921964
          ],
          [
            7.1563254,
            47.0926666
          ],
          [
            7.1566743,
            47.092971
          ],
          [
            7.1569307,
            47.0932102
          ],
          [
            7.1570487,
            47.09334
          ],
          [
            7.1601033,
            47.0931937
          ],
          [
            7.1630059,
            47.0931871
          ],
          [
            7.166513,
            47.0937127
          ],
          [
            7.1693086,
            47.094304
          ],
          [
            7.1719265,
            47.0953119
          ],
          [
            7.1733105,
            47.0959547
          ],
          [
            7.1746126,
            47.0967165
          ],
          [
            7.1764326,
            47.0983503
          ],
          [
            7.1772051,
            47.0991975
          ],
          [
            7.1778493,
            47.1001877
          ],
          [
            7.1779239,
            47.1011256
          ],
          [
            7.1777881,
            47.1020359
          ],
          [
            7.179662,
            47.1022649
          ],
          [
            7.1814228,
            47.1026265
          ],
          [
            7.1828163,
            47.1030755
          ],
          [
            7.1841359,
            47.1036963
          ],
          [
            7.1875921,
            47.1058092
          ],
          [
            7.1893072,
            47.1071869
          ],
          [
            7.1910023,
            47.1088956
          ],
          [
            7.1937804,
            47.1124025
          ],
          [
            7.196515,
            47.1132591
          ],
          [
            7.1991187,
            47.1139959
          ],
          [
            7.2016944,
            47.1148773
          ],
          [
            7.2036243,
            47.1155587
          ],
          [
            7.2049855,
            47.1161816
          ],
          [
            7.2097586,
            47.1188341
          ],
          [
            7.2169644,
            47.1231775
          ],
          [
            7.2209959,
            47.1257006
          ],
          [
            7.2222179,
            47.126385
          ],
          [
            7.2234944,
            47.127046
          ],
          [
            7.2266313,
            47.1285338
          ],
          [
            7.2300498,
            47.1295434
          ],
          [
            7.2357925,
            47.1311447
          ]
        ]
      },
      "id": "relation/18638223"
    },
    {
      "type": "Feature",
      "properties": {
        "@id": "relation/18638224",
        "bicycle": "yes",
        "duration": "01:14",
        "foot": "yes",
        "from": "Biel/Bienne",
        "motor_vehicle": "no",
        "name": "3215: Biel-Erlach Kurs LNM",
        "operator": "BSG",
        "public_transport:version": "2",
        "ref": "3215",
        "route": "ferry",
        "to": "Erlach",
        "type": "route",
        "website": "https://bielersee.ch/fahrplan"
      },
      "geometry": {
        "type": "LineString",
        "coordinates": [
          [
            7.0973536,
            47.0493995
          ],
          [
            7.0958805,
            47.0520694
          ],
          [
            7.0945488,
            47.0551667
          ],
          [
            7.0938742,
            47.0582204
          ],
          [
            7.0935328,
            47.0612927
          ],
          [
            7.0945072,
            47.0605628
          ],
          [
            7.0956341,
            47.059948
          ],
          [
            7.0966101,
            47.0596419
          ],
          [
            7.09764,
            47.0594958
          ],
          [
            7.098906,
            47.0594665
          ],
          [
            7.1001939,
            47.0596776
          ],
          [
            7.1040563,
            47.0604961
          ],
          [
            7.1255139,
            47.0657582
          ],
          [
            7.1353741,
            47.0683582
          ],
          [
            7.1348753,
            47.0688822
          ],
          [
            7.1347832,
            47.0700049
          ],
          [
            7.1342434,
            47.0711618
          ],
          [
            7.1332432,
            47.0725145
          ],
          [
            7.1328628,
            47.0736256
          ],
          [
            7.1326701,
            47.0747588
          ],
          [
            7.1327244,
            47.0758805
          ],
          [
            7.1328812,
            47.0774171
          ],
          [
            7.1331346,
            47.0788961
          ],
          [
            7.1334604,
            47.0804161
          ],
          [
            7.133646,
            47.0811367
          ],
          [
            7.133949,
            47.0818376
          ],
          [
            7.134228,
            47.0822124
          ],
          [
            7.1345885,
            47.0825688
          ],
          [
            7.135022,
            47.0829394
          ],
          [
            7.1355205,
            47.0832911
          ],
          [
            7.1359965,
            47.0834183
          ],
          [
            7.1376365,
            47.0836142
          ],
          [
            7.1417222,
            47.0839472
          ],
          [
            7.1437363,
            47.0842215
          ],
          [
            7.1464217,
            47.0849791
          ],
          [
            7.1481768,
            47.0857627
          ],
          [
            7.1501813,
            47.0868337
          ],
          [
            7.1514953,
            47.087539
          ],
          [
            7.152579,
            47.0884793
          ],
          [
            7.1535669,
            47.0896939
          ],
          [
            7.1544205,
            47.0907485
          ],
          [
            7.1551662,
            47.0915957
          ],
          [
            7.1557644,
            47.0921964
          ],
          [
            7.1563254,
            47.0926666
          ],
          [
            7.1566743,
            47.092971
          ],
          [
            7.1569307,
            47.0932102
          ],
          [
            7.1570487,
            47.09334
          ],
          [
            7.1600926,
            47.0929563
          ],
          [
            7.1615624,
            47.0929016
          ],
          [
            7.1630376,
            47.0929198
          ],
          [
            7.1662509,
            47.0933763
          ],
          [
            7.169432,
            47.0940155
          ],
          [
            7.1707892,
            47.0944866
          ],
          [
            7.1721572,
            47.0950198
          ],
          [
            7.1736431,
            47.0957064
          ],
          [
            7.1771085,
            47.0977514
          ],
          [
            7.1860027,
            47.103521
          ],
          [
            7.2016346,
            47.1132548
          ],
          [
            7.2101909,
            47.118581
          ],
          [
            7.2126371,
            47.1200192
          ],
          [
            7.2211879,
            47.1255491
          ],
          [
            7.2224271,
            47.1262499
          ],
          [
            7.2236717,
            47.1269142
          ],
          [
            7.224648,
            47.1273777
          ],
          [
            7.2268903,
            47.1283978
          ],
          [
            7.2284701,
            47.128938
          ],
          [
            7.2301117,
            47.1294307
          ],
          [
            7.2357925,
            47.1311447
          ]
        ]
      },
      "id": "relation/18638224"
    },
    {
      "type": "Feature",
      "properties": {
        "@id": "relation/18638225",
        "bicycle": "yes",
        "duration": "01:15",
        "foot": "yes",
        "from": "Biel/Bienne",
        "motor_vehicle": "no",
        "name": "3217: Biel-Erlach Kurs 81",
        "operator": "BSG",
        "public_transport:version": "2",
        "ref": "3217",
        "route": "ferry",
        "to": "Erlach",
        "type": "route",
        "website": "https://bielersee.ch/fahrplan"
      },
      "geometry": {
        "type": "LineString",
        "coordinates": [
          [
            7.0973536,
            47.0493995
          ],
          [
            7.0958805,
            47.0520694
          ],
          [
            7.0945488,
            47.0551667
          ],
          [
            7.0938742,
            47.0582204
          ],
          [
            7.0935328,
            47.0612927
          ],
          [
            7.0945072,
            47.0605628
          ],
          [
            7.0956341,
            47.059948
          ],
          [
            7.0966101,
            47.0596419
          ],
          [
            7.09764,
            47.0594958
          ],
          [
            7.098906,
            47.0594665
          ],
          [
            7.1001939,
            47.0596776
          ],
          [
            7.1040563,
            47.0604961
          ],
          [
            7.1255139,
            47.0657582
          ],
          [
            7.1353741,
            47.0683582
          ],
          [
            7.1348753,
            47.0688822
          ],
          [
            7.1347832,
            47.0700049
          ],
          [
            7.1342434,
            47.0711618
          ],
          [
            7.1332432,
            47.0725145
          ],
          [
            7.1328628,
            47.0736256
          ],
          [
            7.1326701,
            47.0747588
          ],
          [
            7.1327244,
            47.0758805
          ],
          [
            7.1328812,
            47.0774171
          ],
          [
            7.1331346,
            47.0788961
          ],
          [
            7.1334604,
            47.0804161
          ],
          [
            7.133646,
            47.0811367
          ],
          [
            7.133949,
            47.0818376
          ],
          [
            7.134228,
            47.0822124
          ],
          [
            7.1345885,
            47.0825688
          ],
          [
            7.135022,
            47.0829394
          ],
          [
            7.1355205,
            47.0832911
          ],
          [
            7.1359965,
            47.0834183
          ],
          [
            7.1376365,
            47.0836142
          ],
          [
            7.1417222,
            47.0839472
          ],
          [
            7.1437363,
            47.0842215
          ],
          [
            7.1464217,
            47.0849791
          ],
          [
            7.1481768,
            47.0857627
          ],
          [
            7.1501813,
            47.0868337
          ],
          [
            7.1514953,
            47.087539
          ],
          [
            7.152579,
            47.0884793
          ],
          [
            7.1535669,
            47.0896939
          ],
          [
            7.1544205,
            47.0907485
          ],
          [
            7.1551662,
            47.0915957
          ],
          [
            7.1557644,
            47.0921964
          ],
          [
            7.1563254,
            47.0926666
          ],
          [
            7.1566743,
            47.092971
          ],
          [
            7.1569307,
            47.0932102
          ],
          [
            7.1570487,
            47.09334
          ],
          [
            7.1601033,
            47.0931937
          ],
          [
            7.1630059,
            47.0931871
          ],
          [
            7.166513,
            47.0937127
          ],
          [
            7.1693086,
            47.094304
          ],
          [
            7.1719265,
            47.0953119
          ],
          [
            7.1733105,
            47.0959547
          ],
          [
            7.1746126,
            47.0967165
          ],
          [
            7.1764326,
            47.0983503
          ],
          [
            7.1772051,
            47.0991975
          ],
          [
            7.1778493,
            47.1001877
          ],
          [
            7.1779239,
            47.1011256
          ],
          [
            7.1777881,
            47.1020359
          ],
          [
            7.1784742,
            47.1019665
          ],
          [
            7.1798062,
            47.1021021
          ],
          [
            7.1815635,
            47.1024059
          ],
          [
            7.1830308,
            47.1028564
          ],
          [
            7.1844202,
            47.1034845
          ],
          [
            7.1879564,
            47.1055368
          ],
          [
            7.2122455,
            47.1200302
          ],
          [
            7.2210646,
            47.1256112
          ],
          [
            7.2223252,
            47.1263193
          ],
          [
            7.2235751,
            47.1269653
          ],
          [
            7.2268152,
            47.1284763
          ],
          [
            7.2300795,
            47.1294927
          ],
          [
            7.2357925,
            47.1311447
          ]
        ]
      },
      "id": "relation/18638225"
    },
    {
      "type": "Feature",
      "properties": {
        "@id": "relation/18638226",
        "bicycle": "yes",
        "duration": "01:05",
        "foot": "yes",
        "from": "Biel/Bienne",
        "motor_vehicle": "no",
        "name": "3217: Biel-Erlach Kurs 75",
        "operator": "BSG",
        "public_transport:version": "2",
        "ref": "3217",
        "route": "ferry",
        "to": "Erlach",
        "type": "route",
        "website": "https://bielersee.ch/fahrplan"
      },
      "geometry": {
        "type": "LineString",
        "coordinates": [
          [
            7.0973536,
            47.0493995
          ],
          [
            7.0958805,
            47.0520694
          ],
          [
            7.0945488,
            47.0551667
          ],
          [
            7.0938742,
            47.0582204
          ],
          [
            7.0935328,
            47.0612927
          ],
          [
            7.0945072,
            47.0605628
          ],
          [
            7.0956341,
            47.059948
          ],
          [
            7.0966101,
            47.0596419
          ],
          [
            7.09764,
            47.0594958
          ],
          [
            7.098906,
            47.0594665
          ],
          [
            7.1001939,
            47.0596776
          ],
          [
            7.1040563,
            47.0604961
          ],
          [
            7.1255139,
            47.0657582
          ],
          [
            7.1353741,
            47.0683582
          ],
          [
            7.1352717,
            47.0690375
          ],
          [
            7.1355772,
            47.0700926
          ],
          [
            7.1357059,
            47.0708673
          ],
          [
            7.1353733,
            47.0745062
          ],
          [
            7.1354592,
            47.0756679
          ],
          [
            7.135663,
            47.076552
          ],
          [
            7.1371434,
            47.0783787
          ],
          [
            7.1390533,
            47.0797814
          ],
          [
            7.1415852,
            47.080819
          ],
          [
            7.1638583,
            47.0899944
          ],
          [
            7.1740293,
            47.0950782
          ],
          [
            7.1833204,
            47.1009577
          ],
          [
            7.2103767,
            47.118413
          ],
          [
            7.2132815,
            47.1202027
          ],
          [
            7.2175648,
            47.1229733
          ],
          [
            7.2212791,
            47.1254725
          ],
          [
            7.2225451,
            47.126166
          ],
          [
            7.2237736,
            47.1268302
          ],
          [
            7.2269735,
            47.1282938
          ],
          [
            7.2301465,
            47.129396
          ],
          [
            7.2357925,
            47.1311447
          ]
        ]
      },
      "id": "relation/18638226"
    },
    {
      "type": "Feature",
      "properties": {
        "@id": "relation/18638227",
        "bicycle": "yes",
        "duration": "01:15",
        "foot": "yes",
        "from": "Biel/Bienne",
        "motor_vehicle": "no",
        "name": "3217: Biel-Erlach Kurs 301,65,69,71,73",
        "operator": "BSG",
        "public_transport:version": "2",
        "ref": "3217",
        "route": "ferry",
        "to": "Erlach",
        "type": "route",
        "website": "https://bielersee.ch/fahrplan"
      },
      "geometry": {
        "type": "LineString",
        "coordinates": [
          [
            7.0973536,
            47.0493995
          ],
          [
            7.0958805,
            47.0520694
          ],
          [
            7.0945488,
            47.0551667
          ],
          [
            7.0938742,
            47.0582204
          ],
          [
            7.0935328,
            47.0612927
          ],
          [
            7.0945072,
            47.0605628
          ],
          [
            7.0956341,
            47.059948
          ],
          [
            7.0966101,
            47.0596419
          ],
          [
            7.09764,
            47.0594958
          ],
          [
            7.098906,
            47.0594665
          ],
          [
            7.1001939,
            47.0596776
          ],
          [
            7.1040563,
            47.0604961
          ],
          [
            7.1255139,
            47.0657582
          ],
          [
            7.1353741,
            47.0683582
          ],
          [
            7.1348753,
            47.0688822
          ],
          [
            7.1347832,
            47.0700049
          ],
          [
            7.1342434,
            47.0711618
          ],
          [
            7.1332432,
            47.0725145
          ],
          [
            7.1328628,
            47.0736256
          ],
          [
            7.1326701,
            47.0747588
          ],
          [
            7.1327244,
            47.0758805
          ],
          [
            7.1328812,
            47.0774171
          ],
          [
            7.1331346,
            47.0788961
          ],
          [
            7.1334604,
            47.0804161
          ],
          [
            7.133646,
            47.0811367
          ],
          [
            7.133949,
            47.0818376
          ],
          [
            7.134228,
            47.0822124
          ],
          [
            7.1345885,
            47.0825688
          ],
          [
            7.135022,
            47.0829394
          ],
          [
            7.1355205,
            47.0832911
          ],
          [
            7.1359965,
            47.0834183
          ],
          [
            7.1376365,
            47.0836142
          ],
          [
            7.1417222,
            47.0839472
          ],
          [
            7.1437363,
            47.0842215
          ],
          [
            7.1464217,
            47.0849791
          ],
          [
            7.1481768,
            47.0857627
          ],
          [
            7.1501813,
            47.0868337
          ],
          [
            7.1514953,
            47.087539
          ],
          [
            7.152579,
            47.0884793
          ],
          [
            7.1535669,
            47.0896939
          ],
          [
            7.1544205,
            47.0907485
          ],
          [
            7.1551662,
            47.0915957
          ],
          [
            7.1557644,
            47.0921964
          ],
          [
            7.1563254,
            47.0926666
          ],
          [
            7.1566743,
            47.092971
          ],
          [
            7.1569307,
            47.0932102
          ],
          [
            7.1570487,
            47.09334
          ],
          [
            7.1601033,
            47.0931937
          ],
          [
            7.1630059,
            47.0931871
          ],
          [
            7.166513,
            47.0937127
          ],
          [
            7.1693086,
            47.094304
          ],
          [
            7.1719265,
            47.0953119
          ],
          [
            7.1733105,
            47.0959547
          ],
          [
            7.1746126,
            47.0967165
          ],
          [
            7.1764326,
            47.0983503
          ],
          [
            7.1772051,
            47.0991975
          ],
          [
            7.1778493,
            47.1001877
          ],
          [
            7.1779239,
            47.1011256
          ],
          [
            7.1777881,
            47.1020359
          ],
          [
            7.179662,
            47.1022649
          ],
          [
            7.1814228,
            47.1026265
          ],
          [
            7.1828163,
            47.1030755
          ],
          [
            7.1841359,
            47.1036963
          ],
          [
            7.1875921,
            47.1058092
          ],
          [
            7.1893072,
            47.1071869
          ],
          [
            7.1910023,
            47.1088956
          ],
          [
            7.1937804,
            47.1124025
          ],
          [
            7.196515,
            47.1132591
          ],
          [
            7.1991187,
            47.1139959
          ],
          [
            7.2016944,
            47.1148773
          ],
          [
            7.2036243,
            47.1155587
          ],
          [
            7.2049855,
            47.1161816
          ],
          [
            7.2097586,
            47.1188341
          ],
          [
            7.2169644,
            47.1231775
          ],
          [
            7.2209959,
            47.1257006
          ],
          [
            7.2222179,
            47.126385
          ],
          [
            7.2234944,
            47.127046
          ],
          [
            7.2266313,
            47.1285338
          ],
          [
            7.2300498,
            47.1295434
          ],
          [
            7.2357925,
            47.1311447
          ]
        ]
      },
      "id": "relation/18638227"
    },
    {
      "type": "Feature",
      "properties": {
        "@id": "relation/18638379",
        "bicycle": "yes",
        "duration": "02:25",
        "foot": "yes",
        "from": "Neuchâtel",
        "motor_vehicle": "no",
        "name": "3215: Neuchâtel-Biel/Bienne Kurs 302",
        "operator": "LMN",
        "public_transport:version": "2",
        "ref": "3215",
        "route": "ferry",
        "to": "Biel/Bienne",
        "type": "route",
        "website": "https://bielersee.ch/fahrplan"
      },
      "geometry": {
        "type": "LineString",
        "coordinates": [
          [
            6.9332432,
            46.990931
          ],
          [
            6.9345711,
            46.9896254
          ],
          [
            6.9367504,
            46.9891817
          ],
          [
            6.9388902,
            46.9888261
          ],
          [
            6.9444751,
            46.9884865
          ],
          [
            6.9499468,
            46.9884425
          ],
          [
            6.9626321,
            46.9888951
          ],
          [
            6.9745159,
            46.9901405
          ],
          [
            7.0034838,
            46.9941361
          ],
          [
            7.0109463,
            46.9955669
          ],
          [
            7.0126462,
            46.9961266
          ],
          [
            7.0141196,
            46.996918
          ],
          [
            7.0220517,
            47.0036216
          ],
          [
            7.0228084,
            47.0047268
          ],
          [
            7.0240589,
            47.0051494
          ],
          [
            7.0251038,
            47.0060672
          ],
          [
            7.0276262,
            47.0080635
          ],
          [
            7.0284293,
            47.008616
          ],
          [
            7.0308707,
            47.0108916
          ],
          [
            7.0317081,
            47.0122456
          ],
          [
            7.0323873,
            47.0135933
          ],
          [
            7.0333187,
            47.0157788
          ],
          [
            7.0336787,
            47.0180008
          ],
          [
            7.0331618,
            47.0196787
          ],
          [
            7.033562,
            47.0202524
          ],
          [
            7.0335594,
            47.0203198
          ],
          [
            7.0333684,
            47.0225979
          ],
          [
            7.0331316,
            47.0282679
          ],
          [
            7.0331988,
            47.0295131
          ],
          [
            7.033646,
            47.0307846
          ],
          [
            7.0349212,
            47.0322477
          ],
          [
            7.039198,
            47.0363301
          ],
          [
            7.0463696,
            47.0401345
          ],
          [
            7.0479192,
            47.0409434
          ],
          [
            7.0503743,
            47.0422248
          ],
          [
            7.0518174,
            47.0428359
          ],
          [
            7.0533144,
            47.0433119
          ],
          [
            7.0594469,
            47.044263
          ],
          [
            7.0600812,
            47.0443614
          ],
          [
            7.0626257,
            47.0444465
          ],
          [
            7.0654533,
            47.0450171
          ],
          [
            7.0693661,
            47.0471025
          ],
          [
            7.0718672,
            47.0489202
          ],
          [
            7.0743086,
            47.0497581
          ],
          [
            7.0757923,
            47.050526
          ],
          [
            7.0762905,
            47.0511431
          ],
          [
            7.0768117,
            47.051103
          ],
          [
            7.0784569,
            47.0519963
          ],
          [
            7.0792454,
            47.052307
          ],
          [
            7.0800934,
            47.0524997
          ],
          [
            7.082405,
            47.0526688
          ],
          [
            7.0842665,
            47.0525263
          ],
          [
            7.0882725,
            47.0522099
          ],
          [
            7.0929193,
            47.0511154
          ],
          [
            7.0973536,
            47.0493995
          ],
          [
            7.0958805,
            47.0520694
          ],
          [
            7.0945488,
            47.0551667
          ],
          [
            7.0938742,
            47.0582204
          ],
          [
            7.0935328,
            47.0612927
          ],
          [
            7.0945072,
            47.0605628
          ],
          [
            7.0956341,
            47.059948
          ],
          [
            7.0966101,
            47.0596419
          ],
          [
            7.09764,
            47.0594958
          ],
          [
            7.098906,
            47.0594665
          ],
          [
            7.1001939,
            47.0596776
          ],
          [
            7.1040563,
            47.0604961
          ],
          [
            7.1255139,
            47.0657582
          ],
          [
            7.1353741,
            47.0683582
          ],
          [
            7.1348753,
            47.0688822
          ],
          [
            7.1347832,
            47.0700049
          ],
          [
            7.1342434,
            47.0711618
          ],
          [
            7.1332432,
            47.0725145
          ],
          [
            7.1328628,
            47.0736256
          ],
          [
            7.1326701,
            47.0747588
          ],
          [
            7.1327244,
            47.0758805
          ],
          [
            7.1328812,
            47.0774171
          ],
          [
            7.1331346,
            47.0788961
          ],
          [
            7.1334604,
            47.0804161
          ],
          [
            7.133646,
            47.0811367
          ],
          [
            7.133949,
            47.0818376
          ],
          [
            7.134228,
            47.0822124
          ],
          [
            7.1345885,
            47.0825688
          ],
          [
            7.135022,
            47.0829394
          ],
          [
            7.1355205,
            47.0832911
          ],
          [
            7.1359965,
            47.0834183
          ],
          [
            7.1376365,
            47.0836142
          ],
          [
            7.1417222,
            47.0839472
          ],
          [
            7.1437363,
            47.0842215
          ],
          [
            7.1464217,
            47.0849791
          ],
          [
            7.1481768,
            47.0857627
          ],
          [
            7.1501813,
            47.0868337
          ],
          [
            7.1514953,
            47.087539
          ],
          [
            7.152579,
            47.0884793
          ],
          [
            7.1535669,
            47.0896939
          ],
          [
            7.1544205,
            47.0907485
          ],
          [
            7.1551662,
            47.0915957
          ],
          [
            7.1557644,
            47.0921964
          ],
          [
            7.1563254,
            47.0926666
          ],
          [
            7.1566743,
            47.092971
          ],
          [
            7.1569307,
            47.0932102
          ],
          [
            7.1570487,
            47.09334
          ],
          [
            7.1601033,
            47.0931937
          ],
          [
            7.1630059,
            47.0931871
          ],
          [
            7.166513,
            47.0937127
          ],
          [
            7.1693086,
            47.094304
          ],
          [
            7.1719265,
            47.0953119
          ],
          [
            7.1733105,
            47.0959547
          ],
          [
            7.1746126,
            47.0967165
          ],
          [
            7.1764326,
            47.0983503
          ],
          [
            7.1772051,
            47.0991975
          ],
          [
            7.1778493,
            47.1001877
          ],
          [
            7.1779239,
            47.1011256
          ],
          [
            7.1777881,
            47.1020359
          ],
          [
            7.179662,
            47.1022649
          ],
          [
            7.1814228,
            47.1026265
          ],
          [
            7.1828163,
            47.1030755
          ],
          [
            7.1841359,
            47.1036963
          ],
          [
            7.1875921,
            47.1058092
          ],
          [
            7.1893072,
            47.1071869
          ],
          [
            7.1910023,
            47.1088956
          ],
          [
            7.1937804,
            47.1124025
          ],
          [
            7.196515,
            47.1132591
          ],
          [
            7.1991187,
            47.1139959
          ],
          [
            7.2016944,
            47.1148773
          ],
          [
            7.2036243,
            47.1155587
          ],
          [
            7.2049855,
            47.1161816
          ],
          [
            7.2097586,
            47.1188341
          ],
          [
            7.2169644,
            47.1231775
          ],
          [
            7.2209959,
            47.1257006
          ],
          [
            7.2222179,
            47.126385
          ],
          [
            7.2234944,
            47.127046
          ],
          [
            7.2266313,
            47.1285338
          ],
          [
            7.2300498,
            47.1295434
          ],
          [
            7.2357925,
            47.1311447
          ]
        ]
      },
      "id": "relation/18638379"
    },
    {
      "type": "Feature",
      "properties": {
        "@id": "relation/18638380",
        "bicycle": "yes",
        "duration": "02:25",
        "foot": "yes",
        "from": "Neuchâtel",
        "motor_vehicle": "no",
        "name": "3215: Neuchâtel-Biel/Bienne Kurs LNM",
        "operator": "LMN",
        "public_transport:version": "2",
        "ref": "3215",
        "route": "ferry",
        "to": "Biel/Bienne",
        "type": "route",
        "website": "https://bielersee.ch/fahrplan"
      },
      "geometry": {
        "type": "LineString",
        "coordinates": [
          [
            7.2357925,
            47.1311447
          ],
          [
            7.2301117,
            47.1294307
          ],
          [
            7.2284701,
            47.128938
          ],
          [
            7.2268903,
            47.1283978
          ],
          [
            7.224648,
            47.1273777
          ],
          [
            7.2236717,
            47.1269142
          ],
          [
            7.2224271,
            47.1262499
          ],
          [
            7.2211879,
            47.1255491
          ],
          [
            7.2126371,
            47.1200192
          ],
          [
            7.2101909,
            47.118581
          ],
          [
            7.2016346,
            47.1132548
          ],
          [
            7.1860027,
            47.103521
          ],
          [
            7.1771085,
            47.0977514
          ],
          [
            7.1736431,
            47.0957064
          ],
          [
            7.1721572,
            47.0950198
          ],
          [
            7.1707892,
            47.0944866
          ],
          [
            7.169432,
            47.0940155
          ],
          [
            7.1662509,
            47.0933763
          ],
          [
            7.1630376,
            47.0929198
          ],
          [
            7.1615624,
            47.0929016
          ],
          [
            7.1600926,
            47.0929563
          ],
          [
            7.1570487,
            47.09334
          ],
          [
            7.1569307,
            47.0932102
          ],
          [
            7.1566743,
            47.092971
          ],
          [
            7.1563254,
            47.0926666
          ],
          [
            7.1557644,
            47.0921964
          ],
          [
            7.1551662,
            47.0915957
          ],
          [
            7.1544205,
            47.0907485
          ],
          [
            7.1535669,
            47.0896939
          ],
          [
            7.152579,
            47.0884793
          ],
          [
            7.1514953,
            47.087539
          ],
          [
            7.1501813,
            47.0868337
          ],
          [
            7.1481768,
            47.0857627
          ],
          [
            7.1464217,
            47.0849791
          ],
          [
            7.1437363,
            47.0842215
          ],
          [
            7.1417222,
            47.0839472
          ],
          [
            7.1376365,
            47.0836142
          ],
          [
            7.1359965,
            47.0834183
          ],
          [
            7.1355205,
            47.0832911
          ],
          [
            7.135022,
            47.0829394
          ],
          [
            7.1345885,
            47.0825688
          ],
          [
            7.134228,
            47.0822124
          ],
          [
            7.133949,
            47.0818376
          ],
          [
            7.133646,
            47.0811367
          ],
          [
            7.1334604,
            47.0804161
          ],
          [
            7.1331346,
            47.0788961
          ],
          [
            7.1328812,
            47.0774171
          ],
          [
            7.1327244,
            47.0758805
          ],
          [
            7.1326701,
            47.0747588
          ],
          [
            7.1328628,
            47.0736256
          ],
          [
            7.1332432,
            47.0725145
          ],
          [
            7.1342434,
            47.0711618
          ],
          [
            7.1347832,
            47.0700049
          ],
          [
            7.1348753,
            47.0688822
          ],
          [
            7.1353741,
            47.0683582
          ],
          [
            7.1255139,
            47.0657582
          ],
          [
            7.1040563,
            47.0604961
          ],
          [
            7.1001939,
            47.0596776
          ],
          [
            7.098906,
            47.0594665
          ],
          [
            7.09764,
            47.0594958
          ],
          [
            7.0966101,
            47.0596419
          ],
          [
            7.0956341,
            47.059948
          ],
          [
            7.0945072,
            47.0605628
          ],
          [
            7.0935328,
            47.0612927
          ],
          [
            7.0938742,
            47.0582204
          ],
          [
            7.0945488,
            47.0551667
          ],
          [
            7.0958805,
            47.0520694
          ],
          [
            7.0973536,
            47.0493995
          ],
          [
            7.0929193,
            47.0511154
          ],
          [
            7.0882725,
            47.0522099
          ],
          [
            7.0842665,
            47.0525263
          ],
          [
            7.082405,
            47.0526688
          ],
          [
            7.0800934,
            47.0524997
          ],
          [
            7.0792454,
            47.052307
          ],
          [
            7.0784569,
            47.0519963
          ],
          [
            7.0768117,
            47.051103
          ],
          [
            7.0762905,
            47.0511431
          ],
          [
            7.0757923,
            47.050526
          ],
          [
            7.0743086,
            47.0497581
          ],
          [
            7.0718672,
            47.0489202
          ],
          [
            7.0693661,
            47.0471025
          ],
          [
            7.0654533,
            47.0450171
          ],
          [
            7.0626257,
            47.0444465
          ],
          [
            7.0600812,
            47.0443614
          ],
          [
            7.0594469,
            47.044263
          ],
          [
            7.0533144,
            47.0433119
          ],
          [
            7.0518174,
            47.0428359
          ],
          [
            7.0503743,
            47.0422248
          ],
          [
            7.0479192,
            47.0409434
          ],
          [
            7.0463696,
            47.0401345
          ],
          [
            7.039198,
            47.0363301
          ],
          [
            7.0349212,
            47.0322477
          ],
          [
            7.033646,
            47.0307846
          ],
          [
            7.0331988,
            47.0295131
          ],
          [
            7.0331316,
            47.0282679
          ],
          [
            7.0333684,
            47.0225979
          ],
          [
            7.0335594,
            47.0203198
          ],
          [
            7.033562,
            47.0202524
          ],
          [
            7.0331618,
            47.0196787
          ],
          [
            7.0336787,
            47.0180008
          ],
          [
            7.0333187,
            47.0157788
          ],
          [
            7.0323873,
            47.0135933
          ],
          [
            7.0317081,
            47.0122456
          ],
          [
            7.0308707,
            47.0108916
          ],
          [
            7.0284293,
            47.008616
          ],
          [
            7.0276262,
            47.0080635
          ],
          [
            7.0251038,
            47.0060672
          ],
          [
            7.0240589,
            47.0051494
          ],
          [
            7.0228084,
            47.0047268
          ],
          [
            7.0220517,
            47.0036216
          ],
          [
            7.0141196,
            46.996918
          ],
          [
            7.0126462,
            46.9961266
          ],
          [
            7.0109463,
            46.9955669
          ],
          [
            7.0034838,
            46.9941361
          ],
          [
            6.9745159,
            46.9901405
          ],
          [
            6.9626321,
            46.9888951
          ],
          [
            6.9499468,
            46.9884425
          ],
          [
            6.9444751,
            46.9884865
          ],
          [
            6.9388902,
            46.9888261
          ],
          [
            6.9367504,
            46.9891817
          ],
          [
            6.9345711,
            46.9896254
          ],
          [
            6.9332432,
            46.990931
          ]
        ]
      },
      "id": "relation/18638380"
    },
    {
      "type": "Feature",
      "properties": {
        "@id": "relation/18638381",
        "bicycle": "yes",
        "duration": "02:25",
        "foot": "yes",
        "from": "Biel/Bienne",
        "motor_vehicle": "no",
        "name": "3215: Biel/Bienne-Neuchâtel Kurs LNM",
        "operator": "LMN",
        "public_transport:version": "2",
        "ref": "3215",
        "route": "ferry",
        "to": "Neuchâtel",
        "type": "route",
        "website": "https://bielersee.ch/fahrplan"
      },
      "geometry": {
        "type": "LineString",
        "coordinates": [
          [
            6.9332432,
            46.990931
          ],
          [
            6.9345711,
            46.9896254
          ],
          [
            6.9367504,
            46.9891817
          ],
          [
            6.9388902,
            46.9888261
          ],
          [
            6.9444751,
            46.9884865
          ],
          [
            6.9499468,
            46.9884425
          ],
          [
            6.9626321,
            46.9888951
          ],
          [
            6.9745159,
            46.9901405
          ],
          [
            7.0034838,
            46.9941361
          ],
          [
            7.0109463,
            46.9955669
          ],
          [
            7.0126462,
            46.9961266
          ],
          [
            7.0141196,
            46.996918
          ],
          [
            7.0220517,
            47.0036216
          ],
          [
            7.0228084,
            47.0047268
          ],
          [
            7.0240589,
            47.0051494
          ],
          [
            7.0251038,
            47.0060672
          ],
          [
            7.0276262,
            47.0080635
          ],
          [
            7.0284293,
            47.008616
          ],
          [
            7.0308707,
            47.0108916
          ],
          [
            7.0317081,
            47.0122456
          ],
          [
            7.0323873,
            47.0135933
          ],
          [
            7.0333187,
            47.0157788
          ],
          [
            7.0336787,
            47.0180008
          ],
          [
            7.0331618,
            47.0196787
          ],
          [
            7.033562,
            47.0202524
          ],
          [
            7.0335594,
            47.0203198
          ],
          [
            7.0333684,
            47.0225979
          ],
          [
            7.0331316,
            47.0282679
          ],
          [
            7.0331988,
            47.0295131
          ],
          [
            7.033646,
            47.0307846
          ],
          [
            7.0349212,
            47.0322477
          ],
          [
            7.039198,
            47.0363301
          ],
          [
            7.0463696,
            47.0401345
          ],
          [
            7.0479192,
            47.0409434
          ],
          [
            7.0503743,
            47.0422248
          ],
          [
            7.0518174,
            47.0428359
          ],
          [
            7.0533144,
            47.0433119
          ],
          [
            7.0594469,
            47.044263
          ],
          [
            7.0600812,
            47.0443614
          ],
          [
            7.0626257,
            47.0444465
          ],
          [
            7.0654533,
            47.0450171
          ],
          [
            7.0693661,
            47.0471025
          ],
          [
            7.0718672,
            47.0489202
          ],
          [
            7.0743086,
            47.0497581
          ],
          [
            7.0757923,
            47.050526
          ],
          [
            7.0762905,
            47.0511431
          ],
          [
            7.0768117,
            47.051103
          ],
          [
            7.0784569,
            47.0519963
          ],
          [
            7.0792454,
            47.052307
          ],
          [
            7.0800934,
            47.0524997
          ],
          [
            7.082405,
            47.0526688
          ],
          [
            7.0842665,
            47.0525263
          ],
          [
            7.0882725,
            47.0522099
          ],
          [
            7.0929193,
            47.0511154
          ],
          [
            7.0973536,
            47.0493995
          ],
          [
            7.0958805,
            47.0520694
          ],
          [
            7.0945488,
            47.0551667
          ],
          [
            7.0938742,
            47.0582204
          ],
          [
            7.0935328,
            47.0612927
          ],
          [
            7.0945072,
            47.0605628
          ],
          [
            7.0956341,
            47.059948
          ],
          [
            7.0966101,
            47.0596419
          ],
          [
            7.09764,
            47.0594958
          ],
          [
            7.098906,
            47.0594665
          ],
          [
            7.1001939,
            47.0596776
          ],
          [
            7.1040563,
            47.0604961
          ],
          [
            7.1255139,
            47.0657582
          ],
          [
            7.1353741,
            47.0683582
          ],
          [
            7.1348753,
            47.0688822
          ],
          [
            7.1347832,
            47.0700049
          ],
          [
            7.1342434,
            47.0711618
          ],
          [
            7.1332432,
            47.0725145
          ],
          [
            7.1328628,
            47.0736256
          ],
          [
            7.1326701,
            47.0747588
          ],
          [
            7.1327244,
            47.0758805
          ],
          [
            7.1328812,
            47.0774171
          ],
          [
            7.1331346,
            47.0788961
          ],
          [
            7.1334604,
            47.0804161
          ],
          [
            7.133646,
            47.0811367
          ],
          [
            7.133949,
            47.0818376
          ],
          [
            7.134228,
            47.0822124
          ],
          [
            7.1345885,
            47.0825688
          ],
          [
            7.135022,
            47.0829394
          ],
          [
            7.1355205,
            47.0832911
          ],
          [
            7.1359965,
            47.0834183
          ],
          [
            7.1376365,
            47.0836142
          ],
          [
            7.1417222,
            47.0839472
          ],
          [
            7.1437363,
            47.0842215
          ],
          [
            7.1464217,
            47.0849791
          ],
          [
            7.1481768,
            47.0857627
          ],
          [
            7.1501813,
            47.0868337
          ],
          [
            7.1514953,
            47.087539
          ],
          [
            7.152579,
            47.0884793
          ],
          [
            7.1535669,
            47.0896939
          ],
          [
            7.1544205,
            47.0907485
          ],
          [
            7.1551662,
            47.0915957
          ],
          [
            7.1557644,
            47.0921964
          ],
          [
            7.1563254,
            47.0926666
          ],
          [
            7.1566743,
            47.092971
          ],
          [
            7.1569307,
            47.0932102
          ],
          [
            7.1570487,
            47.09334
          ],
          [
            7.1600926,
            47.0929563
          ],
          [
            7.1615624,
            47.0929016
          ],
          [
            7.1630376,
            47.0929198
          ],
          [
            7.1662509,
            47.0933763
          ],
          [
            7.169432,
            47.0940155
          ],
          [
            7.1707892,
            47.0944866
          ],
          [
            7.1721572,
            47.0950198
          ],
          [
            7.1736431,
            47.0957064
          ],
          [
            7.1771085,
            47.0977514
          ],
          [
            7.1860027,
            47.103521
          ],
          [
            7.2016346,
            47.1132548
          ],
          [
            7.2101909,
            47.118581
          ],
          [
            7.2126371,
            47.1200192
          ],
          [
            7.2211879,
            47.1255491
          ],
          [
            7.2224271,
            47.1262499
          ],
          [
            7.2236717,
            47.1269142
          ],
          [
            7.224648,
            47.1273777
          ],
          [
            7.2268903,
            47.1283978
          ],
          [
            7.2284701,
            47.128938
          ],
          [
            7.2301117,
            47.1294307
          ],
          [
            7.2357925,
            47.1311447
          ]
        ]
      },
      "id": "relation/18638381"
    },
    {
      "type": "Feature",
      "properties": {
        "@id": "relation/18638846",
        "bicycle": "yes",
        "duration": "03:15",
        "foot": "yes",
        "from": "Biel/Bienne",
        "motor_vehicle": "no",
        "name": "3215: Biel/Bienne-Murten Kurs BSG,301",
        "operator": "BSG",
        "public_transport:version": "2",
        "ref": "3215",
        "route": "ferry",
        "to": "Murten",
        "type": "route",
        "website": "https://bielersee.ch/fahrplan"
      },
      "geometry": {
        "type": "LineString",
        "coordinates": [
          [
            7.1164789,
            46.9307331
          ],
          [
            7.1161687,
            46.9316179
          ],
          [
            7.1160213,
            46.9319019
          ],
          [
            7.1149289,
            46.933389
          ],
          [
            7.1143663,
            46.9345649
          ],
          [
            7.1138238,
            46.9365759
          ],
          [
            7.1135448,
            46.9386123
          ],
          [
            7.11339,
            46.9406671
          ],
          [
            7.113459,
            46.9427144
          ],
          [
            7.1140122,
            46.9455015
          ],
          [
            7.1147464,
            46.9482225
          ],
          [
            7.1153855,
            46.949918
          ],
          [
            7.1161365,
            46.9515805
          ],
          [
            7.1169412,
            46.9529354
          ],
          [
            7.1179926,
            46.9542536
          ],
          [
            7.1183128,
            46.955002
          ],
          [
            7.1186964,
            46.9567404
          ],
          [
            7.1187829,
            46.9571715
          ],
          [
            7.118828,
            46.957726
          ],
          [
            7.1187592,
            46.9580904
          ],
          [
            7.1186475,
            46.9583949
          ],
          [
            7.1179671,
            46.959464
          ],
          [
            7.1154532,
            46.9630358
          ],
          [
            7.1143711,
            46.9642105
          ],
          [
            7.1142207,
            46.9645763
          ],
          [
            7.1136465,
            46.9656779
          ],
          [
            7.1127281,
            46.9668516
          ],
          [
            7.1120662,
            46.9674146
          ],
          [
            7.1112927,
            46.9679916
          ],
          [
            7.1104847,
            46.9684619
          ],
          [
            7.109116,
            46.9690376
          ],
          [
            7.1082575,
            46.9693149
          ],
          [
            7.1072452,
            46.9695889
          ],
          [
            7.0993021,
            46.9717851
          ],
          [
            7.098727,
            46.971992
          ],
          [
            7.0982859,
            46.9722205
          ],
          [
            7.0978478,
            46.9724807
          ],
          [
            7.0956548,
            46.9740316
          ],
          [
            7.0946679,
            46.9746385
          ],
          [
            7.0937213,
            46.9752775
          ],
          [
            7.093138,
            46.9755599
          ],
          [
            7.0931285,
            46.975588
          ],
          [
            7.0930675,
            46.975588
          ],
          [
            7.0921381,
            46.9758373
          ],
          [
            7.0918046,
            46.9759853
          ],
          [
            7.0909377,
            46.9762624
          ],
          [
            7.0898688,
            46.9763699
          ],
          [
            7.0875605,
            46.9762159
          ],
          [
            7.0861766,
            46.976002
          ],
          [
            7.0851648,
            46.9757599
          ],
          [
            7.0841933,
            46.9754564
          ],
          [
            7.0832859,
            46.9750694
          ],
          [
            7.082448,
            46.9746046
          ],
          [
            7.0804608,
            46.9732984
          ],
          [
            7.076296,
            46.9706769
          ],
          [
            7.0757621,
            46.970463
          ],
          [
            7.0739569,
            46.9700063
          ],
          [
            7.0732748,
            46.9697822
          ],
          [
            7.0708429,
            46.9688135
          ],
          [
            7.0702766,
            46.9686681
          ],
          [
            7.0698227,
            46.9686121
          ],
          [
            7.069264,
            46.9685686
          ],
          [
            7.0684023,
            46.9686291
          ],
          [
            7.067546,
            46.9688078
          ],
          [
            7.0663077,
            46.9692297
          ],
          [
            7.0651787,
            46.9696782
          ],
          [
            7.0646202,
            46.9700111
          ],
          [
            7.0630391,
            46.9710992
          ],
          [
            7.0609597,
            46.9727419
          ],
          [
            7.0602534,
            46.9732302
          ],
          [
            7.0595664,
            46.9735867
          ],
          [
            7.0589752,
            46.9738285
          ],
          [
            7.0561713,
            46.9748512
          ],
          [
            7.0550428,
            46.9754966
          ],
          [
            7.0541014,
            46.9758117
          ],
          [
            7.0540517,
            46.9760994
          ],
          [
            7.052373,
            46.977043
          ],
          [
            7.0521478,
            46.9771357
          ],
          [
            7.0512584,
            46.9773881
          ],
          [
            7.049224,
            46.9778067
          ],
          [
            7.0366152,
            46.9802647
          ],
          [
            7.0328465,
            46.9810669
          ],
          [
            7.0246821,
            46.9826323
          ],
          [
            7.0131822,
            46.985232
          ],
          [
            7.0113373,
            46.9858736
          ],
          [
            7.0100069,
            46.9870007
          ],
          [
            7.0087108,
            46.9885072
          ],
          [
            7.0089984,
            46.9901624
          ],
          [
            7.0099132,
            46.9916307
          ],
          [
            7.0144202,
            46.9969678
          ],
          [
            7.0223278,
            47.0036666
          ],
          [
            7.0228084,
            47.0047268
          ],
          [
            7.0240589,
            47.0051494
          ],
          [
            7.0251038,
            47.0060672
          ],
          [
            7.0276262,
            47.0080635
          ],
          [
            7.0284293,
            47.008616
          ],
          [
            7.0308707,
            47.0108916
          ],
          [
            7.0317081,
            47.0122456
          ],
          [
            7.0323873,
            47.0135933
          ],
          [
            7.0333187,
            47.0157788
          ],
          [
            7.0336787,
            47.0180008
          ],
          [
            7.0331618,
            47.0196787
          ],
          [
            7.033562,
            47.0202524
          ],
          [
            7.0335594,
            47.0203198
          ],
          [
            7.0333684,
            47.0225979
          ],
          [
            7.0331316,
            47.0282679
          ],
          [
            7.0331988,
            47.0295131
          ],
          [
            7.033646,
            47.0307846
          ],
          [
            7.0349212,
            47.0322477
          ],
          [
            7.039198,
            47.0363301
          ],
          [
            7.0463696,
            47.0401345
          ],
          [
            7.0479192,
            47.0409434
          ],
          [
            7.0503743,
            47.0422248
          ],
          [
            7.0518174,
            47.0428359
          ],
          [
            7.0533144,
            47.0433119
          ],
          [
            7.0594469,
            47.044263
          ],
          [
            7.0600812,
            47.0443614
          ],
          [
            7.0626257,
            47.0444465
          ],
          [
            7.0654533,
            47.0450171
          ],
          [
            7.0693661,
            47.0471025
          ],
          [
            7.0718672,
            47.0489202
          ],
          [
            7.0743086,
            47.0497581
          ],
          [
            7.0757923,
            47.050526
          ],
          [
            7.0762905,
            47.0511431
          ],
          [
            7.0768117,
            47.051103
          ],
          [
            7.0784569,
            47.0519963
          ],
          [
            7.0792454,
            47.052307
          ],
          [
            7.0800934,
            47.0524997
          ],
          [
            7.082405,
            47.0526688
          ],
          [
            7.0842665,
            47.0525263
          ],
          [
            7.0882725,
            47.0522099
          ],
          [
            7.0929193,
            47.0511154
          ],
          [
            7.0973536,
            47.0493995
          ],
          [
            7.0958805,
            47.0520694
          ],
          [
            7.0945488,
            47.0551667
          ],
          [
            7.0938742,
            47.0582204
          ],
          [
            7.0935328,
            47.0612927
          ],
          [
            7.0945072,
            47.0605628
          ],
          [
            7.0956341,
            47.059948
          ],
          [
            7.0966101,
            47.0596419
          ],
          [
            7.09764,
            47.0594958
          ],
          [
            7.098906,
            47.0594665
          ],
          [
            7.1001939,
            47.0596776
          ],
          [
            7.1040563,
            47.0604961
          ],
          [
            7.1255139,
            47.0657582
          ],
          [
            7.1353741,
            47.0683582
          ],
          [
            7.1348753,
            47.0688822
          ],
          [
            7.1347832,
            47.0700049
          ],
          [
            7.1342434,
            47.0711618
          ],
          [
            7.1332432,
            47.0725145
          ],
          [
            7.1328628,
            47.0736256
          ],
          [
            7.1326701,
            47.0747588
          ],
          [
            7.1327244,
            47.0758805
          ],
          [
            7.1328812,
            47.0774171
          ],
          [
            7.1331346,
            47.0788961
          ],
          [
            7.1334604,
            47.0804161
          ],
          [
            7.133646,
            47.0811367
          ],
          [
            7.133949,
            47.0818376
          ],
          [
            7.134228,
            47.0822124
          ],
          [
            7.1345885,
            47.0825688
          ],
          [
            7.135022,
            47.0829394
          ],
          [
            7.1355205,
            47.0832911
          ],
          [
            7.1359965,
            47.0834183
          ],
          [
            7.1376365,
            47.0836142
          ],
          [
            7.1417222,
            47.0839472
          ],
          [
            7.1437363,
            47.0842215
          ],
          [
            7.1464217,
            47.0849791
          ],
          [
            7.1481768,
            47.0857627
          ],
          [
            7.1501813,
            47.0868337
          ],
          [
            7.1514953,
            47.087539
          ],
          [
            7.152579,
            47.0884793
          ],
          [
            7.1535669,
            47.0896939
          ],
          [
            7.1544205,
            47.0907485
          ],
          [
            7.1551662,
            47.0915957
          ],
          [
            7.1557644,
            47.0921964
          ],
          [
            7.1563254,
            47.0926666
          ],
          [
            7.1566743,
            47.092971
          ],
          [
            7.1569307,
            47.0932102
          ],
          [
            7.1570487,
            47.09334
          ],
          [
            7.1601033,
            47.0931937
          ],
          [
            7.1630059,
            47.0931871
          ],
          [
            7.166513,
            47.0937127
          ],
          [
            7.1693086,
            47.094304
          ],
          [
            7.1719265,
            47.0953119
          ],
          [
            7.1733105,
            47.0959547
          ],
          [
            7.1746126,
            47.0967165
          ],
          [
            7.1764326,
            47.0983503
          ],
          [
            7.1772051,
            47.0991975
          ],
          [
            7.1778493,
            47.1001877
          ],
          [
            7.1779239,
            47.1011256
          ],
          [
            7.1777881,
            47.1020359
          ],
          [
            7.179662,
            47.1022649
          ],
          [
            7.1814228,
            47.1026265
          ],
          [
            7.1828163,
            47.1030755
          ],
          [
            7.1841359,
            47.1036963
          ],
          [
            7.1875921,
            47.1058092
          ],
          [
            7.1893072,
            47.1071869
          ],
          [
            7.1910023,
            47.1088956
          ],
          [
            7.1937804,
            47.1124025
          ],
          [
            7.196515,
            47.1132591
          ],
          [
            7.1991187,
            47.1139959
          ],
          [
            7.2016944,
            47.1148773
          ],
          [
            7.2036243,
            47.1155587
          ],
          [
            7.2049855,
            47.1161816
          ],
          [
            7.2097586,
            47.1188341
          ],
          [
            7.2169644,
            47.1231775
          ],
          [
            7.2209959,
            47.1257006
          ],
          [
            7.2222179,
            47.126385
          ],
          [
            7.2234944,
            47.127046
          ],
          [
            7.2266313,
            47.1285338
          ],
          [
            7.2300498,
            47.1295434
          ],
          [
            7.2357925,
            47.1311447
          ]
        ]
      },
      "id": "relation/18638846"
    },
    {
      "type": "Feature",
      "properties": {
        "@id": "relation/18642862",
        "bicycle": "no",
        "description": "Reservation 079 760 82 60 30 minutes in advance",
        "duration": "00:15",
        "fee": "yes",
        "foot": "yes",
        "from": "St. Petersinsel",
        "interval": "01:00",
        "motor_vehicle": "no",
        "name": "Taxiboot: Petersinsel Süd-Erlach",
        "operator": "Tourismus Erlach",
        "public_transport:version": "2",
        "ref": "TA",
        "reservation": "yes",
        "route": "ferry",
        "to": "Erlach",
        "type": "route",
        "website": "https://www.tourismus-erlach.ch/tourismus-wAssets/docs/Fahrplan_Navette_2024.pdf?highlight=Navette"
      },
      "geometry": {
        "type": "LineString",
        "coordinates": [
          [
            7.1453848,
            47.068996
          ],
          [
            7.1454662,
            47.0689532
          ],
          [
            7.1497822,
            47.051565
          ],
          [
            7.1500397,
            47.0510021
          ],
          [
            7.1504903,
            47.0504173
          ],
          [
            7.1506834,
            47.0499751
          ],
          [
            7.1507985,
            47.0494767
          ],
          [
            7.150737,
            47.0493135
          ],
          [
            7.1505994,
            47.0491113
          ],
          [
            7.1498624,
            47.0492958
          ],
          [
            7.1482694,
            47.0494451
          ],
          [
            7.1467322,
            47.04947
          ],
          [
            7.1310067,
            47.0477271
          ],
          [
            7.1231317,
            47.0470253
          ],
          [
            7.1154731,
            47.046282
          ],
          [
            7.1034631,
            47.0459144
          ],
          [
            7.1030125,
            47.0459396
          ],
          [
            7.102672,
            47.0460192
          ],
          [
            7.1019638,
            47.0463872
          ],
          [
            7.101788,
            47.0463531
          ]
        ]
      },
      "id": "relation/18642862"
    },
    {
      "type": "Feature",
      "properties": {
        "@id": "relation/18642863",
        "bicycle": "no",
        "description": "Reservation 079 760 82 60 30 minutes in advance",
        "duration": "00:15",
        "fee": "yes",
        "foot": "yes",
        "from": "Erlach",
        "interval": "01:00",
        "motor_vehicle": "no",
        "name": "Taxiboot: Erlach-Petersinsel Süd",
        "operator": "Tourismus Erlach",
        "public_transport:version": "2",
        "ref": "TA",
        "reservation": "yes",
        "route": "ferry",
        "to": "St. Petersinsel",
        "type": "route",
        "website": "https://www.tourismus-erlach.ch/tourismus-wAssets/docs/Fahrplan_Navette_2024.pdf?highlight=Navette"
      },
      "geometry": {
        "type": "LineString",
        "coordinates": [
          [
            7.1453848,
            47.068996
          ],
          [
            7.1454662,
            47.0689532
          ],
          [
            7.1497822,
            47.051565
          ],
          [
            7.1500397,
            47.0510021
          ],
          [
            7.1504903,
            47.0504173
          ],
          [
            7.1506834,
            47.0499751
          ],
          [
            7.1507985,
            47.0494767
          ],
          [
            7.150737,
            47.0493135
          ],
          [
            7.1505994,
            47.0491113
          ],
          [
            7.1498624,
            47.0492958
          ],
          [
            7.1482694,
            47.0494451
          ],
          [
            7.1467322,
            47.04947
          ],
          [
            7.1310067,
            47.0477271
          ],
          [
            7.1231317,
            47.0470253
          ],
          [
            7.1154731,
            47.046282
          ],
          [
            7.1034631,
            47.0459144
          ],
          [
            7.1030125,
            47.0459396
          ],
          [
            7.102672,
            47.0460192
          ],
          [
            7.1019638,
            47.0463872
          ],
          [
            7.101788,
            47.0463531
          ]
        ]
      },
      "id": "relation/18642863"
    },
    {
      "type": "Feature",
      "properties": {
        "@id": "way/1355997691",
        "bicycle": "yes",
        "foot": "yes",
        "from": "Neuchâtel",
        "horse": "no",
        "motor_vehicle": "no",
        "name": "La Landeron - Thielle",
        "operator": "LNM / BSG",
        "operator:official_name:de": "Bielersee-Schifffahrts-Gesellschaft AG",
        "operator:official_name:fr": "Société de Navigation Lac de Bienne SA",
        "route": "ferry",
        "to": "Biel/Bienne",
        "@relations": [
          {
            "role": "",
            "rel": 18638379,
            "reltags": {
              "bicycle": "yes",
              "duration": "02:25",
              "foot": "yes",
              "from": "Neuchâtel",
              "motor_vehicle": "no",
              "name": "3215: Neuchâtel-Biel/Bienne Kurs 302",
              "operator": "LMN",
              "public_transport:version": "2",
              "ref": "3215",
              "route": "ferry",
              "to": "Biel/Bienne",
              "type": "route",
              "website": "https://bielersee.ch/fahrplan"
            }
          },
          {
            "role": "",
            "rel": 18638380,
            "reltags": {
              "bicycle": "yes",
              "duration": "02:25",
              "foot": "yes",
              "from": "Neuchâtel",
              "motor_vehicle": "no",
              "name": "3215: Neuchâtel-Biel/Bienne Kurs LNM",
              "operator": "LMN",
              "public_transport:version": "2",
              "ref": "3215",
              "route": "ferry",
              "to": "Biel/Bienne",
              "type": "route",
              "website": "https://bielersee.ch/fahrplan"
            }
          },
          {
            "role": "",
            "rel": 18638381,
            "reltags": {
              "bicycle": "yes",
              "duration": "02:25",
              "foot": "yes",
              "from": "Biel/Bienne",
              "motor_vehicle": "no",
              "name": "3215: Biel/Bienne-Neuchâtel Kurs LNM",
              "operator": "LMN",
              "public_transport:version": "2",
              "ref": "3215",
              "route": "ferry",
              "to": "Neuchâtel",
              "type": "route",
              "website": "https://bielersee.ch/fahrplan"
            }
          },
          {
            "role": "",
            "rel": 18638846,
            "reltags": {
              "bicycle": "yes",
              "duration": "03:15",
              "foot": "yes",
              "from": "Biel/Bienne",
              "motor_vehicle": "no",
              "name": "3215: Biel/Bienne-Murten Kurs BSG,301",
              "operator": "BSG",
              "public_transport:version": "2",
              "ref": "3215",
              "route": "ferry",
              "to": "Murten",
              "type": "route",
              "website": "https://bielersee.ch/fahrplan"
            }
          }
        ]
      },
      "geometry": {
        "type": "LineString",
        "coordinates": [
          [
            7.0331618,
            47.0196787
          ],
          [
            7.033562,
            47.0202524
          ],
          [
            7.0335594,
            47.0203198
          ],
          [
            7.0333684,
            47.0225979
          ],
          [
            7.0331316,
            47.0282679
          ],
          [
            7.0331988,
            47.0295131
          ],
          [
            7.033646,
            47.0307846
          ],
          [
            7.0349212,
            47.0322477
          ],
          [
            7.039198,
            47.0363301
          ],
          [
            7.0463696,
            47.0401345
          ],
          [
            7.0479192,
            47.0409434
          ],
          [
            7.0503743,
            47.0422248
          ],
          [
            7.0518174,
            47.0428359
          ],
          [
            7.0533144,
            47.0433119
          ],
          [
            7.0594469,
            47.044263
          ],
          [
            7.0600812,
            47.0443614
          ],
          [
            7.0626257,
            47.0444465
          ],
          [
            7.0654533,
            47.0450171
          ],
          [
            7.0693661,
            47.0471025
          ],
          [
            7.0718672,
            47.0489202
          ],
          [
            7.0743086,
            47.0497581
          ],
          [
            7.0757923,
            47.050526
          ],
          [
            7.0762905,
            47.0511431
          ]
        ]
      },
      "id": "way/1355997691"
    },
    {
      "type": "Feature",
      "properties": {
        "@id": "way/1356009639",
        "bicycle": "yes",
        "foot": "yes",
        "from": "Neuchâtel",
        "horse": "no",
        "motor_vehicle": "no",
        "name": "Erlach - La Landeron",
        "operator": "LNM / BSG",
        "operator:official_name:de": "Bielersee-Schifffahrts-Gesellschaft AG",
        "operator:official_name:fr": "Société de Navigation Lac de Bienne SA",
        "route": "ferry",
        "to": "Biel/Bienne",
        "@relations": [
          {
            "role": "",
            "rel": 18638379,
            "reltags": {
              "bicycle": "yes",
              "duration": "02:25",
              "foot": "yes",
              "from": "Neuchâtel",
              "motor_vehicle": "no",
              "name": "3215: Neuchâtel-Biel/Bienne Kurs 302",
              "operator": "LMN",
              "public_transport:version": "2",
              "ref": "3215",
              "route": "ferry",
              "to": "Biel/Bienne",
              "type": "route",
              "website": "https://bielersee.ch/fahrplan"
            }
          },
          {
            "role": "",
            "rel": 18638380,
            "reltags": {
              "bicycle": "yes",
              "duration": "02:25",
              "foot": "yes",
              "from": "Neuchâtel",
              "motor_vehicle": "no",
              "name": "3215: Neuchâtel-Biel/Bienne Kurs LNM",
              "operator": "LMN",
              "public_transport:version": "2",
              "ref": "3215",
              "route": "ferry",
              "to": "Biel/Bienne",
              "type": "route",
              "website": "https://bielersee.ch/fahrplan"
            }
          },
          {
            "role": "",
            "rel": 18638381,
            "reltags": {
              "bicycle": "yes",
              "duration": "02:25",
              "foot": "yes",
              "from": "Biel/Bienne",
              "motor_vehicle": "no",
              "name": "3215: Biel/Bienne-Neuchâtel Kurs LNM",
              "operator": "LMN",
              "public_transport:version": "2",
              "ref": "3215",
              "route": "ferry",
              "to": "Neuchâtel",
              "type": "route",
              "website": "https://bielersee.ch/fahrplan"
            }
          },
          {
            "role": "",
            "rel": 18638846,
            "reltags": {
              "bicycle": "yes",
              "duration": "03:15",
              "foot": "yes",
              "from": "Biel/Bienne",
              "motor_vehicle": "no",
              "name": "3215: Biel/Bienne-Murten Kurs BSG,301",
              "operator": "BSG",
              "public_transport:version": "2",
              "ref": "3215",
              "route": "ferry",
              "to": "Murten",
              "type": "route",
              "website": "https://bielersee.ch/fahrplan"
            }
          }
        ]
      },
      "geometry": {
        "type": "LineString",
        "coordinates": [
          [
            7.0762905,
            47.0511431
          ],
          [
            7.0768117,
            47.051103
          ],
          [
            7.0784569,
            47.0519963
          ],
          [
            7.0792454,
            47.052307
          ],
          [
            7.0800934,
            47.0524997
          ],
          [
            7.082405,
            47.0526688
          ],
          [
            7.0842665,
            47.0525263
          ],
          [
            7.0882725,
            47.0522099
          ],
          [
            7.0929193,
            47.0511154
          ],
          [
            7.0973536,
            47.0493995
          ]
        ]
      },
      "id": "way/1356009639"
    },
    {
      "type": "Feature",
      "properties": {
        "@id": "way/1011527723",
        "foot": "yes",
        "motor_vehicle": "no",
        "name": "Erlach-Lüscherz",
        "name:de": "Erlach-Lüscherz",
        "name:fr": "Cerlier-Locras",
        "route": "ferry",
        "@relations": [
          {
            "role": "",
            "rel": 18642862,
            "reltags": {
              "bicycle": "no",
              "description": "Reservation 079 760 82 60 30 minutes in advance",
              "duration": "00:15",
              "fee": "yes",
              "foot": "yes",
              "from": "St. Petersinsel",
              "interval": "01:00",
              "motor_vehicle": "no",
              "name": "Taxiboot: Petersinsel Süd-Erlach",
              "operator": "Tourismus Erlach",
              "public_transport:version": "2",
              "ref": "TA",
              "reservation": "yes",
              "route": "ferry",
              "to": "Erlach",
              "type": "route",
              "website": "https://www.tourismus-erlach.ch/tourismus-wAssets/docs/Fahrplan_Navette_2024.pdf?highlight=Navette"
            }
          },
          {
            "role": "",
            "rel": 18642863,
            "reltags": {
              "bicycle": "no",
              "description": "Reservation 079 760 82 60 30 minutes in advance",
              "duration": "00:15",
              "fee": "yes",
              "foot": "yes",
              "from": "Erlach",
              "interval": "01:00",
              "motor_vehicle": "no",
              "name": "Taxiboot: Erlach-Petersinsel Süd",
              "operator": "Tourismus Erlach",
              "public_transport:version": "2",
              "ref": "TA",
              "reservation": "yes",
              "route": "ferry",
              "to": "St. Petersinsel",
              "type": "route",
              "website": "https://www.tourismus-erlach.ch/tourismus-wAssets/docs/Fahrplan_Navette_2024.pdf?highlight=Navette"
            }
          }
        ]
      },
      "geometry": {
        "type": "LineString",
        "coordinates": [
          [
            7.1505994,
            47.0491113
          ],
          [
            7.1498624,
            47.0492958
          ],
          [
            7.1482694,
            47.0494451
          ],
          [
            7.1467322,
            47.04947
          ],
          [
            7.1310067,
            47.0477271
          ],
          [
            7.1231317,
            47.0470253
          ],
          [
            7.1154731,
            47.046282
          ],
          [
            7.1034631,
            47.0459144
          ],
          [
            7.1030125,
            47.0459396
          ],
          [
            7.102672,
            47.0460192
          ],
          [
            7.1019638,
            47.0463872
          ],
          [
            7.101788,
            47.0463531
          ]
        ]
      },
      "id": "way/1011527723"
    },
    {
      "type": "Feature",
      "properties": {
        "@id": "way/1355997689",
        "bicycle": "yes",
        "foot": "yes",
        "from": "Neuchâtel",
        "horse": "no",
        "motor_vehicle": "no",
        "name": "St. Petersinsel Nord - La Neuveville",
        "operator": "BSG",
        "operator:official_name:de": "Bielersee-Schifffahrts-Gesellschaft AG",
        "operator:official_name:fr": "Société de Navigation Lac de Bienne SA",
        "route": "ferry",
        "to": "Biel/Bienne",
        "@relations": [
          {
            "role": "",
            "rel": 18638220,
            "reltags": {
              "bicycle": "yes",
              "duration": "01:14",
              "foot": "yes",
              "from": "Erlach",
              "motor_vehicle": "no",
              "name": "3217: Erlach/Biel Kurs LNM",
              "operator": "BSG",
              "public_transport:version": "2",
              "ref": "3217",
              "route": "ferry",
              "to": "Biel/Bienne",
              "type": "route",
              "website": "https://bielersee.ch/fahrplan"
            }
          },
          {
            "role": "",
            "rel": 18638221,
            "reltags": {
              "bicycle": "yes",
              "duration": "01:10",
              "foot": "yes",
              "from": "Erlach",
              "motor_vehicle": "no",
              "name": "3217: Erlach-Biel Kurs 76",
              "operator": "BSG",
              "public_transport:version": "2",
              "ref": "3217",
              "route": "ferry",
              "to": "Biel/Bienne",
              "type": "route",
              "website": "https://bielersee.ch/fahrplan"
            }
          },
          {
            "role": "",
            "rel": 18638222,
            "reltags": {
              "bicycle": "yes",
              "duration": "01:15",
              "foot": "yes",
              "from": "Erlach",
              "motor_vehicle": "no",
              "name": "3217: Erlach-Biel Kurs 82",
              "operator": "BSG",
              "public_transport:version": "2",
              "ref": "3217",
              "route": "ferry",
              "to": "Biel/Bienne",
              "type": "route",
              "website": "https://bielersee.ch/fahrplan"
            }
          },
          {
            "role": "",
            "rel": 18638223,
            "reltags": {
              "bicycle": "yes",
              "duration": "01:15",
              "foot": "yes",
              "from": "Erlach",
              "motor_vehicle": "no",
              "name": "3217: Erlach-Biel Kurs 66,70,72,74,302",
              "operator": "BSG",
              "public_transport:version": "2",
              "ref": "3217",
              "route": "ferry",
              "to": "Biel/Bienne",
              "type": "route",
              "website": "https://bielersee.ch/fahrplan"
            }
          },
          {
            "role": "",
            "rel": 18638224,
            "reltags": {
              "bicycle": "yes",
              "duration": "01:14",
              "foot": "yes",
              "from": "Biel/Bienne",
              "motor_vehicle": "no",
              "name": "3215: Biel-Erlach Kurs LNM",
              "operator": "BSG",
              "public_transport:version": "2",
              "ref": "3215",
              "route": "ferry",
              "to": "Erlach",
              "type": "route",
              "website": "https://bielersee.ch/fahrplan"
            }
          },
          {
            "role": "",
            "rel": 18638225,
            "reltags": {
              "bicycle": "yes",
              "duration": "01:15",
              "foot": "yes",
              "from": "Biel/Bienne",
              "motor_vehicle": "no",
              "name": "3217: Biel-Erlach Kurs 81",
              "operator": "BSG",
              "public_transport:version": "2",
              "ref": "3217",
              "route": "ferry",
              "to": "Erlach",
              "type": "route",
              "website": "https://bielersee.ch/fahrplan"
            }
          },
          {
            "role": "",
            "rel": 18638226,
            "reltags": {
              "bicycle": "yes",
              "duration": "01:05",
              "foot": "yes",
              "from": "Biel/Bienne",
              "motor_vehicle": "no",
              "name": "3217: Biel-Erlach Kurs 75",
              "operator": "BSG",
              "public_transport:version": "2",
              "ref": "3217",
              "route": "ferry",
              "to": "Erlach",
              "type": "route",
              "website": "https://bielersee.ch/fahrplan"
            }
          },
          {
            "role": "",
            "rel": 18638227,
            "reltags": {
              "bicycle": "yes",
              "duration": "01:15",
              "foot": "yes",
              "from": "Biel/Bienne",
              "motor_vehicle": "no",
              "name": "3217: Biel-Erlach Kurs 301,65,69,71,73",
              "operator": "BSG",
              "public_transport:version": "2",
              "ref": "3217",
              "route": "ferry",
              "to": "Erlach",
              "type": "route",
              "website": "https://bielersee.ch/fahrplan"
            }
          },
          {
            "role": "",
            "rel": 18638379,
            "reltags": {
              "bicycle": "yes",
              "duration": "02:25",
              "foot": "yes",
              "from": "Neuchâtel",
              "motor_vehicle": "no",
              "name": "3215: Neuchâtel-Biel/Bienne Kurs 302",
              "operator": "LMN",
              "public_transport:version": "2",
              "ref": "3215",
              "route": "ferry",
              "to": "Biel/Bienne",
              "type": "route",
              "website": "https://bielersee.ch/fahrplan"
            }
          },
          {
            "role": "",
            "rel": 18638380,
            "reltags": {
              "bicycle": "yes",
              "duration": "02:25",
              "foot": "yes",
              "from": "Neuchâtel",
              "motor_vehicle": "no",
              "name": "3215: Neuchâtel-Biel/Bienne Kurs LNM",
              "operator": "LMN",
              "public_transport:version": "2",
              "ref": "3215",
              "route": "ferry",
              "to": "Biel/Bienne",
              "type": "route",
              "website": "https://bielersee.ch/fahrplan"
            }
          },
          {
            "role": "",
            "rel": 18638381,
            "reltags": {
              "bicycle": "yes",
              "duration": "02:25",
              "foot": "yes",
              "from": "Biel/Bienne",
              "motor_vehicle": "no",
              "name": "3215: Biel/Bienne-Neuchâtel Kurs LNM",
              "operator": "LMN",
              "public_transport:version": "2",
              "ref": "3215",
              "route": "ferry",
              "to": "Neuchâtel",
              "type": "route",
              "website": "https://bielersee.ch/fahrplan"
            }
          },
          {
            "role": "",
            "rel": 18638846,
            "reltags": {
              "bicycle": "yes",
              "duration": "03:15",
              "foot": "yes",
              "from": "Biel/Bienne",
              "motor_vehicle": "no",
              "name": "3215: Biel/Bienne-Murten Kurs BSG,301",
              "operator": "BSG",
              "public_transport:version": "2",
              "ref": "3215",
              "route": "ferry",
              "to": "Murten",
              "type": "route",
              "website": "https://bielersee.ch/fahrplan"
            }
          }
        ]
      },
      "geometry": {
        "type": "LineString",
        "coordinates": [
          [
            7.0935328,
            47.0612927
          ],
          [
            7.0945072,
            47.0605628
          ],
          [
            7.0956341,
            47.059948
          ],
          [
            7.0966101,
            47.0596419
          ],
          [
            7.09764,
            47.0594958
          ],
          [
            7.098906,
            47.0594665
          ],
          [
            7.1001939,
            47.0596776
          ],
          [
            7.1040563,
            47.0604961
          ],
          [
            7.1255139,
            47.0657582
          ],
          [
            7.1353741,
            47.0683582
          ]
        ]
      },
      "id": "way/1355997689"
    },
    {
      "type": "Feature",
      "properties": {
        "@id": "way/1355997690",
        "bicycle": "yes",
        "foot": "yes",
        "from": "Neuchâtel",
        "horse": "no",
        "motor_vehicle": "no",
        "name": "La Neuveville - Erlach",
        "operator": "BSG",
        "operator:official_name:de": "Bielersee-Schifffahrts-Gesellschaft AG",
        "operator:official_name:fr": "Société de Navigation Lac de Bienne SA",
        "route": "ferry",
        "to": "Biel/Bienne",
        "@relations": [
          {
            "role": "",
            "rel": 18638220,
            "reltags": {
              "bicycle": "yes",
              "duration": "01:14",
              "foot": "yes",
              "from": "Erlach",
              "motor_vehicle": "no",
              "name": "3217: Erlach/Biel Kurs LNM",
              "operator": "BSG",
              "public_transport:version": "2",
              "ref": "3217",
              "route": "ferry",
              "to": "Biel/Bienne",
              "type": "route",
              "website": "https://bielersee.ch/fahrplan"
            }
          },
          {
            "role": "",
            "rel": 18638221,
            "reltags": {
              "bicycle": "yes",
              "duration": "01:10",
              "foot": "yes",
              "from": "Erlach",
              "motor_vehicle": "no",
              "name": "3217: Erlach-Biel Kurs 76",
              "operator": "BSG",
              "public_transport:version": "2",
              "ref": "3217",
              "route": "ferry",
              "to": "Biel/Bienne",
              "type": "route",
              "website": "https://bielersee.ch/fahrplan"
            }
          },
          {
            "role": "",
            "rel": 18638222,
            "reltags": {
              "bicycle": "yes",
              "duration": "01:15",
              "foot": "yes",
              "from": "Erlach",
              "motor_vehicle": "no",
              "name": "3217: Erlach-Biel Kurs 82",
              "operator": "BSG",
              "public_transport:version": "2",
              "ref": "3217",
              "route": "ferry",
              "to": "Biel/Bienne",
              "type": "route",
              "website": "https://bielersee.ch/fahrplan"
            }
          },
          {
            "role": "",
            "rel": 18638223,
            "reltags": {
              "bicycle": "yes",
              "duration": "01:15",
              "foot": "yes",
              "from": "Erlach",
              "motor_vehicle": "no",
              "name": "3217: Erlach-Biel Kurs 66,70,72,74,302",
              "operator": "BSG",
              "public_transport:version": "2",
              "ref": "3217",
              "route": "ferry",
              "to": "Biel/Bienne",
              "type": "route",
              "website": "https://bielersee.ch/fahrplan"
            }
          },
          {
            "role": "",
            "rel": 18638224,
            "reltags": {
              "bicycle": "yes",
              "duration": "01:14",
              "foot": "yes",
              "from": "Biel/Bienne",
              "motor_vehicle": "no",
              "name": "3215: Biel-Erlach Kurs LNM",
              "operator": "BSG",
              "public_transport:version": "2",
              "ref": "3215",
              "route": "ferry",
              "to": "Erlach",
              "type": "route",
              "website": "https://bielersee.ch/fahrplan"
            }
          },
          {
            "role": "",
            "rel": 18638225,
            "reltags": {
              "bicycle": "yes",
              "duration": "01:15",
              "foot": "yes",
              "from": "Biel/Bienne",
              "motor_vehicle": "no",
              "name": "3217: Biel-Erlach Kurs 81",
              "operator": "BSG",
              "public_transport:version": "2",
              "ref": "3217",
              "route": "ferry",
              "to": "Erlach",
              "type": "route",
              "website": "https://bielersee.ch/fahrplan"
            }
          },
          {
            "role": "",
            "rel": 18638226,
            "reltags": {
              "bicycle": "yes",
              "duration": "01:05",
              "foot": "yes",
              "from": "Biel/Bienne",
              "motor_vehicle": "no",
              "name": "3217: Biel-Erlach Kurs 75",
              "operator": "BSG",
              "public_transport:version": "2",
              "ref": "3217",
              "route": "ferry",
              "to": "Erlach",
              "type": "route",
              "website": "https://bielersee.ch/fahrplan"
            }
          },
          {
            "role": "",
            "rel": 18638227,
            "reltags": {
              "bicycle": "yes",
              "duration": "01:15",
              "foot": "yes",
              "from": "Biel/Bienne",
              "motor_vehicle": "no",
              "name": "3217: Biel-Erlach Kurs 301,65,69,71,73",
              "operator": "BSG",
              "public_transport:version": "2",
              "ref": "3217",
              "route": "ferry",
              "to": "Erlach",
              "type": "route",
              "website": "https://bielersee.ch/fahrplan"
            }
          },
          {
            "role": "",
            "rel": 18638379,
            "reltags": {
              "bicycle": "yes",
              "duration": "02:25",
              "foot": "yes",
              "from": "Neuchâtel",
              "motor_vehicle": "no",
              "name": "3215: Neuchâtel-Biel/Bienne Kurs 302",
              "operator": "LMN",
              "public_transport:version": "2",
              "ref": "3215",
              "route": "ferry",
              "to": "Biel/Bienne",
              "type": "route",
              "website": "https://bielersee.ch/fahrplan"
            }
          },
          {
            "role": "",
            "rel": 18638380,
            "reltags": {
              "bicycle": "yes",
              "duration": "02:25",
              "foot": "yes",
              "from": "Neuchâtel",
              "motor_vehicle": "no",
              "name": "3215: Neuchâtel-Biel/Bienne Kurs LNM",
              "operator": "LMN",
              "public_transport:version": "2",
              "ref": "3215",
              "route": "ferry",
              "to": "Biel/Bienne",
              "type": "route",
              "website": "https://bielersee.ch/fahrplan"
            }
          },
          {
            "role": "",
            "rel": 18638381,
            "reltags": {
              "bicycle": "yes",
              "duration": "02:25",
              "foot": "yes",
              "from": "Biel/Bienne",
              "motor_vehicle": "no",
              "name": "3215: Biel/Bienne-Neuchâtel Kurs LNM",
              "operator": "LMN",
              "public_transport:version": "2",
              "ref": "3215",
              "route": "ferry",
              "to": "Neuchâtel",
              "type": "route",
              "website": "https://bielersee.ch/fahrplan"
            }
          },
          {
            "role": "",
            "rel": 18638846,
            "reltags": {
              "bicycle": "yes",
              "duration": "03:15",
              "foot": "yes",
              "from": "Biel/Bienne",
              "motor_vehicle": "no",
              "name": "3215: Biel/Bienne-Murten Kurs BSG,301",
              "operator": "BSG",
              "public_transport:version": "2",
              "ref": "3215",
              "route": "ferry",
              "to": "Murten",
              "type": "route",
              "website": "https://bielersee.ch/fahrplan"
            }
          }
        ]
      },
      "geometry": {
        "type": "LineString",
        "coordinates": [
          [
            7.0973536,
            47.0493995
          ],
          [
            7.0958805,
            47.0520694
          ],
          [
            7.0945488,
            47.0551667
          ],
          [
            7.0938742,
            47.0582204
          ],
          [
            7.0935328,
            47.0612927
          ]
        ]
      },
      "id": "way/1355997690"
    },
    {
      "type": "Feature",
      "properties": {
        "@id": "way/1355981174",
        "bicycle": "yes",
        "duration": "01:45",
        "fee": "yes",
        "foot": "yes",
        "interval": "03:00",
        "motor_vehicle": "no",
        "name": "Biel/Bienne - Grenchen",
        "operator": "BSG",
        "operator:official_name:de": "Bielersee-Schifffahrts-Gesellschaft AG",
        "operator:official_name:fr": "Société de Navigation Lac de Bienne SA",
        "reservation": "yes",
        "route": "ferry",
        "vehicle": "no",
        "website": "https://www.bielersee.ch/fahrplan",
        "wheelchair": "yes",
        "@relations": [
          {
            "role": "",
            "rel": 18079637,
            "reltags": {
              "bicycle": "yes",
              "duration": "02:45",
              "fee": "yes",
              "foot": "yes",
              "from": "Biel/Bienne",
              "interval": "03:00",
              "name": "3216: Biel/Bienne-Solothurn Kurs 32,34,36",
              "operator": "BSG",
              "operator:official_name:de": "Bielersee-Schifffahrts-Gesellschaft AG",
              "operator:official_name:fr": "Société de Navigation Lac de Bienne SA",
              "public_transport:version": "2",
              "ref": "3216",
              "reservation": "yes",
              "roundtrip": "yes",
              "route": "ferry",
              "to": "Solothurn",
              "type": "route",
              "vehicle": "no",
              "via": "Büren an der Aare",
              "website": "https://www.bielersee.ch/fahrplan"
            }
          },
          {
            "role": "",
            "rel": 18637779,
            "reltags": {
              "duration": "02:45",
              "from": "Solothurn",
              "name": "3216: Solothurn-Biel/Bienne Kurs 31,33,35",
              "operator": "BSG",
              "operator:de": "Bielersee-Schifffahrts-Gesellschaft AG",
              "operator:fr": "Société de Navigation Lac de Bienne SA",
              "public_transport:version": "2",
              "ref": "3216",
              "route": "ferry",
              "to": "Biel/Bienne",
              "type": "route",
              "vehicle": "no",
              "via": "Büren an der Aare",
              "website": "https://www.bielersee.ch/fahrplan"
            }
          }
        ]
      },
      "geometry": {
        "type": "LineString",
        "coordinates": [
          [
            7.2357925,
            47.1311447
          ],
          [
            7.2304043,
            47.1293325
          ],
          [
            7.2286413,
            47.1287085
          ],
          [
            7.2273778,
            47.1281899
          ],
          [
            7.2266918,
            47.1276916
          ],
          [
            7.2260979,
            47.1271171
          ],
          [
            7.2258979,
            47.12675
          ],
          [
            7.2257987,
            47.126402
          ],
          [
            7.2258223,
            47.1257525
          ],
          [
            7.2261758,
            47.1251753
          ],
          [
            7.2267441,
            47.1247995
          ],
          [
            7.2277077,
            47.1244055
          ],
          [
            7.2287115,
            47.1241419
          ],
          [
            7.2337098,
            47.1232662
          ],
          [
            7.2383148,
            47.1223876
          ],
          [
            7.2406843,
            47.1219731
          ],
          [
            7.2433384,
            47.1217045
          ],
          [
            7.2477203,
            47.1206797
          ],
          [
            7.2525234,
            47.1196282
          ],
          [
            7.2545511,
            47.1192082
          ],
          [
            7.2565749,
            47.1184943
          ],
          [
            7.2566378,
            47.1184714
          ],
          [
            7.2573067,
            47.1183218
          ],
          [
            7.2573918,
            47.1183018
          ],
          [
            7.2583133,
            47.1180847
          ],
          [
            7.2616179,
            47.1173848
          ],
          [
            7.2633042,
            47.1167634
          ],
          [
            7.2653202,
            47.1163222
          ],
          [
            7.2671408,
            47.1162285
          ],
          [
            7.2692235,
            47.1165035
          ],
          [
            7.2709198,
            47.1168631
          ],
          [
            7.2721809,
            47.1172287
          ],
          [
            7.2743967,
            47.1180356
          ],
          [
            7.2762262,
            47.1189965
          ],
          [
            7.2780069,
            47.1199664
          ],
          [
            7.2803915,
            47.1213654
          ],
          [
            7.281535,
            47.1221309
          ],
          [
            7.281541,
            47.1221371
          ],
          [
            7.2825601,
            47.1224018
          ],
          [
            7.2851872,
            47.1229476
          ],
          [
            7.2882817,
            47.1237297
          ],
          [
            7.2909237,
            47.1244056
          ],
          [
            7.2935138,
            47.1251487
          ],
          [
            7.2955369,
            47.126005
          ],
          [
            7.2965302,
            47.1264792
          ],
          [
            7.2993907,
            47.1284112
          ],
          [
            7.301341,
            47.12977
          ],
          [
            7.3036346,
            47.1313587
          ],
          [
            7.3063026,
            47.1331985
          ],
          [
            7.3075092,
            47.1340866
          ],
          [
            7.308955,
            47.1347729
          ],
          [
            7.3109209,
            47.1352859
          ],
          [
            7.3125644,
            47.1356397
          ],
          [
            7.3143379,
            47.1360254
          ],
          [
            7.3169331,
            47.1365631
          ],
          [
            7.3188054,
            47.1370726
          ],
          [
            7.3212498,
            47.1378509
          ],
          [
            7.3243807,
            47.1388061
          ],
          [
            7.326045,
            47.1393721
          ],
          [
            7.3270175,
            47.1396729
          ],
          [
            7.3306269,
            47.1408084
          ],
          [
            7.333815,
            47.1418202
          ],
          [
            7.3358798,
            47.1423084
          ],
          [
            7.3374504,
            47.1426303
          ],
          [
            7.3400092,
            47.1427788
          ],
          [
            7.3422196,
            47.1427329
          ],
          [
            7.3472956,
            47.1426727
          ],
          [
            7.356141,
            47.1424125
          ],
          [
            7.3615889,
            47.1422534
          ],
          [
            7.3636443,
            47.142026
          ],
          [
            7.3671453,
            47.1416339
          ],
          [
            7.3689836,
            47.1413611
          ],
          [
            7.3711811,
            47.140895
          ],
          [
            7.374014,
            47.1403389
          ],
          [
            7.3755908,
            47.14082
          ],
          [
            7.377003,
            47.1413408
          ],
          [
            7.3785166,
            47.1421138
          ],
          [
            7.383037,
            47.1451884
          ],
          [
            7.3837806,
            47.1458248
          ],
          [
            7.3837953,
            47.1458424
          ],
          [
            7.3848919,
            47.1471546
          ],
          [
            7.3856189,
            47.1482514
          ],
          [
            7.3869725,
            47.151462
          ],
          [
            7.3877496,
            47.1534167
          ],
          [
            7.3886185,
            47.1559963
          ],
          [
            7.3891616,
            47.1573202
          ],
          [
            7.3902061,
            47.1586838
          ],
          [
            7.3923034,
            47.1600928
          ],
          [
            7.3992051,
            47.162638
          ],
          [
            7.4011185,
            47.1629277
          ],
          [
            7.4054384,
            47.1625925
          ],
          [
            7.4086051,
            47.1621835
          ],
          [
            7.4113291,
            47.1622858
          ],
          [
            7.4133595,
            47.1632118
          ],
          [
            7.415816,
            47.1653876
          ],
          [
            7.4162171,
            47.1660238
          ],
          [
            7.4167936,
            47.169063
          ],
          [
            7.4176877,
            47.1706932
          ],
          [
            7.4201776,
            47.1719088
          ],
          [
            7.4225718,
            47.1728188
          ]
        ]
      },
      "id": "way/1355981174"
    },
    {
      "type": "Feature",
      "properties": {
        "@id": "way/1355997682",
        "name": "Biel/Bienne - Twann",
        "route": "ferry",
        "@relations": [
          {
            "role": "",
            "rel": 18638220,
            "reltags": {
              "bicycle": "yes",
              "duration": "01:14",
              "foot": "yes",
              "from": "Erlach",
              "motor_vehicle": "no",
              "name": "3217: Erlach/Biel Kurs LNM",
              "operator": "BSG",
              "public_transport:version": "2",
              "ref": "3217",
              "route": "ferry",
              "to": "Biel/Bienne",
              "type": "route",
              "website": "https://bielersee.ch/fahrplan"
            }
          },
          {
            "role": "",
            "rel": 18638224,
            "reltags": {
              "bicycle": "yes",
              "duration": "01:14",
              "foot": "yes",
              "from": "Biel/Bienne",
              "motor_vehicle": "no",
              "name": "3215: Biel-Erlach Kurs LNM",
              "operator": "BSG",
              "public_transport:version": "2",
              "ref": "3215",
              "route": "ferry",
              "to": "Erlach",
              "type": "route",
              "website": "https://bielersee.ch/fahrplan"
            }
          },
          {
            "role": "",
            "rel": 18638380,
            "reltags": {
              "bicycle": "yes",
              "duration": "02:25",
              "foot": "yes",
              "from": "Neuchâtel",
              "motor_vehicle": "no",
              "name": "3215: Neuchâtel-Biel/Bienne Kurs LNM",
              "operator": "LMN",
              "public_transport:version": "2",
              "ref": "3215",
              "route": "ferry",
              "to": "Biel/Bienne",
              "type": "route",
              "website": "https://bielersee.ch/fahrplan"
            }
          },
          {
            "role": "",
            "rel": 18638381,
            "reltags": {
              "bicycle": "yes",
              "duration": "02:25",
              "foot": "yes",
              "from": "Biel/Bienne",
              "motor_vehicle": "no",
              "name": "3215: Biel/Bienne-Neuchâtel Kurs LNM",
              "operator": "LMN",
              "public_transport:version": "2",
              "ref": "3215",
              "route": "ferry",
              "to": "Neuchâtel",
              "type": "route",
              "website": "https://bielersee.ch/fahrplan"
            }
          }
        ]
      },
      "geometry": {
        "type": "LineString",
        "coordinates": [
          [
            7.2357925,
            47.1311447
          ],
          [
            7.2301117,
            47.1294307
          ],
          [
            7.2284701,
            47.128938
          ],
          [
            7.2268903,
            47.1283978
          ],
          [
            7.224648,
            47.1273777
          ],
          [
            7.2236717,
            47.1269142
          ],
          [
            7.2224271,
            47.1262499
          ],
          [
            7.2211879,
            47.1255491
          ],
          [
            7.2126371,
            47.1200192
          ],
          [
            7.2101909,
            47.118581
          ],
          [
            7.2016346,
            47.1132548
          ],
          [
            7.1860027,
            47.103521
          ],
          [
            7.1771085,
            47.0977514
          ],
          [
            7.1736431,
            47.0957064
          ],
          [
            7.1721572,
            47.0950198
          ],
          [
            7.1707892,
            47.0944866
          ],
          [
            7.169432,
            47.0940155
          ],
          [
            7.1662509,
            47.0933763
          ],
          [
            7.1630376,
            47.0929198
          ],
          [
            7.1615624,
            47.0929016
          ],
          [
            7.1600926,
            47.0929563
          ],
          [
            7.1570487,
            47.09334
          ]
        ]
      },
      "id": "way/1355997682"
    },
    {
      "type": "Feature",
      "properties": {
        "@id": "way/1355997683",
        "name": "Biel/Bienne - Engelberg/Wingreis",
        "route": "ferry",
        "@relations": [
          {
            "role": "",
            "rel": 18638222,
            "reltags": {
              "bicycle": "yes",
              "duration": "01:15",
              "foot": "yes",
              "from": "Erlach",
              "motor_vehicle": "no",
              "name": "3217: Erlach-Biel Kurs 82",
              "operator": "BSG",
              "public_transport:version": "2",
              "ref": "3217",
              "route": "ferry",
              "to": "Biel/Bienne",
              "type": "route",
              "website": "https://bielersee.ch/fahrplan"
            }
          },
          {
            "role": "",
            "rel": 18638225,
            "reltags": {
              "bicycle": "yes",
              "duration": "01:15",
              "foot": "yes",
              "from": "Biel/Bienne",
              "motor_vehicle": "no",
              "name": "3217: Biel-Erlach Kurs 81",
              "operator": "BSG",
              "public_transport:version": "2",
              "ref": "3217",
              "route": "ferry",
              "to": "Erlach",
              "type": "route",
              "website": "https://bielersee.ch/fahrplan"
            }
          }
        ]
      },
      "geometry": {
        "type": "LineString",
        "coordinates": [
          [
            7.2357925,
            47.1311447
          ],
          [
            7.2300795,
            47.1294927
          ],
          [
            7.2268152,
            47.1284763
          ],
          [
            7.2235751,
            47.1269653
          ],
          [
            7.2223252,
            47.1263193
          ],
          [
            7.2210646,
            47.1256112
          ],
          [
            7.2122455,
            47.1200302
          ],
          [
            7.1879564,
            47.1055368
          ],
          [
            7.1844202,
            47.1034845
          ],
          [
            7.1830308,
            47.1028564
          ],
          [
            7.1815635,
            47.1024059
          ],
          [
            7.1798062,
            47.1021021
          ],
          [
            7.1784742,
            47.1019665
          ],
          [
            7.1777881,
            47.1020359
          ]
        ]
      },
      "id": "way/1355997683"
    },
    {
      "type": "Feature",
      "properties": {
        "@id": "way/1355997684",
        "name": "Biel/Bienne - St.Peterinsel Nord",
        "route": "ferry",
        "@relations": [
          {
            "role": "",
            "rel": 18638221,
            "reltags": {
              "bicycle": "yes",
              "duration": "01:10",
              "foot": "yes",
              "from": "Erlach",
              "motor_vehicle": "no",
              "name": "3217: Erlach-Biel Kurs 76",
              "operator": "BSG",
              "public_transport:version": "2",
              "ref": "3217",
              "route": "ferry",
              "to": "Biel/Bienne",
              "type": "route",
              "website": "https://bielersee.ch/fahrplan"
            }
          },
          {
            "role": "",
            "rel": 18638226,
            "reltags": {
              "bicycle": "yes",
              "duration": "01:05",
              "foot": "yes",
              "from": "Biel/Bienne",
              "motor_vehicle": "no",
              "name": "3217: Biel-Erlach Kurs 75",
              "operator": "BSG",
              "public_transport:version": "2",
              "ref": "3217",
              "route": "ferry",
              "to": "Erlach",
              "type": "route",
              "website": "https://bielersee.ch/fahrplan"
            }
          }
        ]
      },
      "geometry": {
        "type": "LineString",
        "coordinates": [
          [
            7.2357925,
            47.1311447
          ],
          [
            7.2301465,
            47.129396
          ],
          [
            7.2269735,
            47.1282938
          ],
          [
            7.2237736,
            47.1268302
          ],
          [
            7.2225451,
            47.126166
          ],
          [
            7.2212791,
            47.1254725
          ],
          [
            7.2175648,
            47.1229733
          ],
          [
            7.2132815,
            47.1202027
          ],
          [
            7.2103767,
            47.118413
          ],
          [
            7.1833204,
            47.1009577
          ],
          [
            7.1740293,
            47.0950782
          ],
          [
            7.1638583,
            47.0899944
          ],
          [
            7.1415852,
            47.080819
          ],
          [
            7.1390533,
            47.0797814
          ],
          [
            7.1371434,
            47.0783787
          ],
          [
            7.135663,
            47.076552
          ],
          [
            7.1354592,
            47.0756679
          ],
          [
            7.1353733,
            47.0745062
          ],
          [
            7.1357059,
            47.0708673
          ],
          [
            7.1355772,
            47.0700926
          ],
          [
            7.1352717,
            47.0690375
          ],
          [
            7.1353741,
            47.0683582
          ]
        ]
      },
      "id": "way/1355997684"
    },
    {
      "type": "Feature",
      "properties": {
        "@id": "way/1355997687",
        "bicycle": "yes",
        "foot": "yes",
        "from": "Neuchâtel",
        "horse": "no",
        "motor_vehicle": "no",
        "name": "Twann - Ligerz",
        "operator": "BSG",
        "operator:official_name:de": "Bielersee-Schifffahrts-Gesellschaft AG",
        "operator:official_name:fr": "Société de Navigation Lac de Bienne SA",
        "route": "ferry",
        "to": "Biel/Bienne",
        "@relations": [
          {
            "role": "",
            "rel": 18638220,
            "reltags": {
              "bicycle": "yes",
              "duration": "01:14",
              "foot": "yes",
              "from": "Erlach",
              "motor_vehicle": "no",
              "name": "3217: Erlach/Biel Kurs LNM",
              "operator": "BSG",
              "public_transport:version": "2",
              "ref": "3217",
              "route": "ferry",
              "to": "Biel/Bienne",
              "type": "route",
              "website": "https://bielersee.ch/fahrplan"
            }
          },
          {
            "role": "",
            "rel": 18638222,
            "reltags": {
              "bicycle": "yes",
              "duration": "01:15",
              "foot": "yes",
              "from": "Erlach",
              "motor_vehicle": "no",
              "name": "3217: Erlach-Biel Kurs 82",
              "operator": "BSG",
              "public_transport:version": "2",
              "ref": "3217",
              "route": "ferry",
              "to": "Biel/Bienne",
              "type": "route",
              "website": "https://bielersee.ch/fahrplan"
            }
          },
          {
            "role": "",
            "rel": 18638223,
            "reltags": {
              "bicycle": "yes",
              "duration": "01:15",
              "foot": "yes",
              "from": "Erlach",
              "motor_vehicle": "no",
              "name": "3217: Erlach-Biel Kurs 66,70,72,74,302",
              "operator": "BSG",
              "public_transport:version": "2",
              "ref": "3217",
              "route": "ferry",
              "to": "Biel/Bienne",
              "type": "route",
              "website": "https://bielersee.ch/fahrplan"
            }
          },
          {
            "role": "",
            "rel": 18638224,
            "reltags": {
              "bicycle": "yes",
              "duration": "01:14",
              "foot": "yes",
              "from": "Biel/Bienne",
              "motor_vehicle": "no",
              "name": "3215: Biel-Erlach Kurs LNM",
              "operator": "BSG",
              "public_transport:version": "2",
              "ref": "3215",
              "route": "ferry",
              "to": "Erlach",
              "type": "route",
              "website": "https://bielersee.ch/fahrplan"
            }
          },
          {
            "role": "",
            "rel": 18638225,
            "reltags": {
              "bicycle": "yes",
              "duration": "01:15",
              "foot": "yes",
              "from": "Biel/Bienne",
              "motor_vehicle": "no",
              "name": "3217: Biel-Erlach Kurs 81",
              "operator": "BSG",
              "public_transport:version": "2",
              "ref": "3217",
              "route": "ferry",
              "to": "Erlach",
              "type": "route",
              "website": "https://bielersee.ch/fahrplan"
            }
          },
          {
            "role": "",
            "rel": 18638227,
            "reltags": {
              "bicycle": "yes",
              "duration": "01:15",
              "foot": "yes",
              "from": "Biel/Bienne",
              "motor_vehicle": "no",
              "name": "3217: Biel-Erlach Kurs 301,65,69,71,73",
              "operator": "BSG",
              "public_transport:version": "2",
              "ref": "3217",
              "route": "ferry",
              "to": "Erlach",
              "type": "route",
              "website": "https://bielersee.ch/fahrplan"
            }
          },
          {
            "role": "",
            "rel": 18638379,
            "reltags": {
              "bicycle": "yes",
              "duration": "02:25",
              "foot": "yes",
              "from": "Neuchâtel",
              "motor_vehicle": "no",
              "name": "3215: Neuchâtel-Biel/Bienne Kurs 302",
              "operator": "LMN",
              "public_transport:version": "2",
              "ref": "3215",
              "route": "ferry",
              "to": "Biel/Bienne",
              "type": "route",
              "website": "https://bielersee.ch/fahrplan"
            }
          },
          {
            "role": "",
            "rel": 18638380,
            "reltags": {
              "bicycle": "yes",
              "duration": "02:25",
              "foot": "yes",
              "from": "Neuchâtel",
              "motor_vehicle": "no",
              "name": "3215: Neuchâtel-Biel/Bienne Kurs LNM",
              "operator": "LMN",
              "public_transport:version": "2",
              "ref": "3215",
              "route": "ferry",
              "to": "Biel/Bienne",
              "type": "route",
              "website": "https://bielersee.ch/fahrplan"
            }
          },
          {
            "role": "",
            "rel": 18638381,
            "reltags": {
              "bicycle": "yes",
              "duration": "02:25",
              "foot": "yes",
              "from": "Biel/Bienne",
              "motor_vehicle": "no",
              "name": "3215: Biel/Bienne-Neuchâtel Kurs LNM",
              "operator": "LMN",
              "public_transport:version": "2",
              "ref": "3215",
              "route": "ferry",
              "to": "Neuchâtel",
              "type": "route",
              "website": "https://bielersee.ch/fahrplan"
            }
          },
          {
            "role": "",
            "rel": 18638846,
            "reltags": {
              "bicycle": "yes",
              "duration": "03:15",
              "foot": "yes",
              "from": "Biel/Bienne",
              "motor_vehicle": "no",
              "name": "3215: Biel/Bienne-Murten Kurs BSG,301",
              "operator": "BSG",
              "public_transport:version": "2",
              "ref": "3215",
              "route": "ferry",
              "to": "Murten",
              "type": "route",
              "website": "https://bielersee.ch/fahrplan"
            }
          }
        ]
      },
      "geometry": {
        "type": "LineString",
        "coordinates": [
          [
            7.1355205,
            47.0832911
          ],
          [
            7.1359965,
            47.0834183
          ],
          [
            7.1376365,
            47.0836142
          ],
          [
            7.1417222,
            47.0839472
          ],
          [
            7.1437363,
            47.0842215
          ],
          [
            7.1464217,
            47.0849791
          ],
          [
            7.1481768,
            47.0857627
          ],
          [
            7.1501813,
            47.0868337
          ],
          [
            7.1514953,
            47.087539
          ],
          [
            7.152579,
            47.0884793
          ],
          [
            7.1535669,
            47.0896939
          ],
          [
            7.1544205,
            47.0907485
          ],
          [
            7.1551662,
            47.0915957
          ],
          [
            7.1557644,
            47.0921964
          ],
          [
            7.1563254,
            47.0926666
          ],
          [
            7.1566743,
            47.092971
          ],
          [
            7.1569307,
            47.0932102
          ],
          [
            7.1570487,
            47.09334
          ]
        ]
      },
      "id": "way/1355997687"
    },
    {
      "type": "Feature",
      "properties": {
        "@id": "way/1356252990",
        "foot": "yes",
        "motor_vehicle": "no",
        "name": "Erlach-St. Petersinsel",
        "name:de": "Lüscherz-St. Petersinsel",
        "name:fr": "Locras-Île St-Pierre",
        "route": "ferry",
        "@relations": [
          {
            "role": "",
            "rel": 18642862,
            "reltags": {
              "bicycle": "no",
              "description": "Reservation 079 760 82 60 30 minutes in advance",
              "duration": "00:15",
              "fee": "yes",
              "foot": "yes",
              "from": "St. Petersinsel",
              "interval": "01:00",
              "motor_vehicle": "no",
              "name": "Taxiboot: Petersinsel Süd-Erlach",
              "operator": "Tourismus Erlach",
              "public_transport:version": "2",
              "ref": "TA",
              "reservation": "yes",
              "route": "ferry",
              "to": "Erlach",
              "type": "route",
              "website": "https://www.tourismus-erlach.ch/tourismus-wAssets/docs/Fahrplan_Navette_2024.pdf?highlight=Navette"
            }
          },
          {
            "role": "",
            "rel": 18642863,
            "reltags": {
              "bicycle": "no",
              "description": "Reservation 079 760 82 60 30 minutes in advance",
              "duration": "00:15",
              "fee": "yes",
              "foot": "yes",
              "from": "Erlach",
              "interval": "01:00",
              "motor_vehicle": "no",
              "name": "Taxiboot: Erlach-Petersinsel Süd",
              "operator": "Tourismus Erlach",
              "public_transport:version": "2",
              "ref": "TA",
              "reservation": "yes",
              "route": "ferry",
              "to": "St. Petersinsel",
              "type": "route",
              "website": "https://www.tourismus-erlach.ch/tourismus-wAssets/docs/Fahrplan_Navette_2024.pdf?highlight=Navette"
            }
          }
        ]
      },
      "geometry": {
        "type": "LineString",
        "coordinates": [
          [
            7.1453848,
            47.068996
          ],
          [
            7.1454662,
            47.0689532
          ],
          [
            7.1497822,
            47.051565
          ],
          [
            7.1500397,
            47.0510021
          ],
          [
            7.1504903,
            47.0504173
          ],
          [
            7.1506834,
            47.0499751
          ],
          [
            7.1507985,
            47.0494767
          ],
          [
            7.150737,
            47.0493135
          ],
          [
            7.1505994,
            47.0491113
          ]
        ]
      },
      "id": "way/1356252990"
    },
    {
      "type": "Feature",
      "properties": {
        "@id": "way/1355997688",
        "bicycle": "yes",
        "foot": "yes",
        "from": "Neuchâtel",
        "horse": "no",
        "motor_vehicle": "no",
        "name": "Ligerz - St. Petersinsel Nord",
        "operator": "BSG",
        "operator:official_name:de": "Bielersee-Schifffahrts-Gesellschaft AG",
        "operator:official_name:fr": "Société de Navigation Lac de Bienne SA",
        "route": "ferry",
        "to": "Biel/Bienne",
        "@relations": [
          {
            "role": "",
            "rel": 18638220,
            "reltags": {
              "bicycle": "yes",
              "duration": "01:14",
              "foot": "yes",
              "from": "Erlach",
              "motor_vehicle": "no",
              "name": "3217: Erlach/Biel Kurs LNM",
              "operator": "BSG",
              "public_transport:version": "2",
              "ref": "3217",
              "route": "ferry",
              "to": "Biel/Bienne",
              "type": "route",
              "website": "https://bielersee.ch/fahrplan"
            }
          },
          {
            "role": "",
            "rel": 18638222,
            "reltags": {
              "bicycle": "yes",
              "duration": "01:15",
              "foot": "yes",
              "from": "Erlach",
              "motor_vehicle": "no",
              "name": "3217: Erlach-Biel Kurs 82",
              "operator": "BSG",
              "public_transport:version": "2",
              "ref": "3217",
              "route": "ferry",
              "to": "Biel/Bienne",
              "type": "route",
              "website": "https://bielersee.ch/fahrplan"
            }
          },
          {
            "role": "",
            "rel": 18638223,
            "reltags": {
              "bicycle": "yes",
              "duration": "01:15",
              "foot": "yes",
              "from": "Erlach",
              "motor_vehicle": "no",
              "name": "3217: Erlach-Biel Kurs 66,70,72,74,302",
              "operator": "BSG",
              "public_transport:version": "2",
              "ref": "3217",
              "route": "ferry",
              "to": "Biel/Bienne",
              "type": "route",
              "website": "https://bielersee.ch/fahrplan"
            }
          },
          {
            "role": "",
            "rel": 18638224,
            "reltags": {
              "bicycle": "yes",
              "duration": "01:14",
              "foot": "yes",
              "from": "Biel/Bienne",
              "motor_vehicle": "no",
              "name": "3215: Biel-Erlach Kurs LNM",
              "operator": "BSG",
              "public_transport:version": "2",
              "ref": "3215",
              "route": "ferry",
              "to": "Erlach",
              "type": "route",
              "website": "https://bielersee.ch/fahrplan"
            }
          },
          {
            "role": "",
            "rel": 18638225,
            "reltags": {
              "bicycle": "yes",
              "duration": "01:15",
              "foot": "yes",
              "from": "Biel/Bienne",
              "motor_vehicle": "no",
              "name": "3217: Biel-Erlach Kurs 81",
              "operator": "BSG",
              "public_transport:version": "2",
              "ref": "3217",
              "route": "ferry",
              "to": "Erlach",
              "type": "route",
              "website": "https://bielersee.ch/fahrplan"
            }
          },
          {
            "role": "",
            "rel": 18638227,
            "reltags": {
              "bicycle": "yes",
              "duration": "01:15",
              "foot": "yes",
              "from": "Biel/Bienne",
              "motor_vehicle": "no",
              "name": "3217: Biel-Erlach Kurs 301,65,69,71,73",
              "operator": "BSG",
              "public_transport:version": "2",
              "ref": "3217",
              "route": "ferry",
              "to": "Erlach",
              "type": "route",
              "website": "https://bielersee.ch/fahrplan"
            }
          },
          {
            "role": "",
            "rel": 18638379,
            "reltags": {
              "bicycle": "yes",
              "duration": "02:25",
              "foot": "yes",
              "from": "Neuchâtel",
              "motor_vehicle": "no",
              "name": "3215: Neuchâtel-Biel/Bienne Kurs 302",
              "operator": "LMN",
              "public_transport:version": "2",
              "ref": "3215",
              "route": "ferry",
              "to": "Biel/Bienne",
              "type": "route",
              "website": "https://bielersee.ch/fahrplan"
            }
          },
          {
            "role": "",
            "rel": 18638380,
            "reltags": {
              "bicycle": "yes",
              "duration": "02:25",
              "foot": "yes",
              "from": "Neuchâtel",
              "motor_vehicle": "no",
              "name": "3215: Neuchâtel-Biel/Bienne Kurs LNM",
              "operator": "LMN",
              "public_transport:version": "2",
              "ref": "3215",
              "route": "ferry",
              "to": "Biel/Bienne",
              "type": "route",
              "website": "https://bielersee.ch/fahrplan"
            }
          },
          {
            "role": "",
            "rel": 18638381,
            "reltags": {
              "bicycle": "yes",
              "duration": "02:25",
              "foot": "yes",
              "from": "Biel/Bienne",
              "motor_vehicle": "no",
              "name": "3215: Biel/Bienne-Neuchâtel Kurs LNM",
              "operator": "LMN",
              "public_transport:version": "2",
              "ref": "3215",
              "route": "ferry",
              "to": "Neuchâtel",
              "type": "route",
              "website": "https://bielersee.ch/fahrplan"
            }
          },
          {
            "role": "",
            "rel": 18638846,
            "reltags": {
              "bicycle": "yes",
              "duration": "03:15",
              "foot": "yes",
              "from": "Biel/Bienne",
              "motor_vehicle": "no",
              "name": "3215: Biel/Bienne-Murten Kurs BSG,301",
              "operator": "BSG",
              "public_transport:version": "2",
              "ref": "3215",
              "route": "ferry",
              "to": "Murten",
              "type": "route",
              "website": "https://bielersee.ch/fahrplan"
            }
          }
        ]
      },
      "geometry": {
        "type": "LineString",
        "coordinates": [
          [
            7.1353741,
            47.0683582
          ],
          [
            7.1348753,
            47.0688822
          ],
          [
            7.1347832,
            47.0700049
          ],
          [
            7.1342434,
            47.0711618
          ],
          [
            7.1332432,
            47.0725145
          ],
          [
            7.1328628,
            47.0736256
          ],
          [
            7.1326701,
            47.0747588
          ],
          [
            7.1327244,
            47.0758805
          ],
          [
            7.1328812,
            47.0774171
          ],
          [
            7.1331346,
            47.0788961
          ],
          [
            7.1334604,
            47.0804161
          ],
          [
            7.133646,
            47.0811367
          ],
          [
            7.133949,
            47.0818376
          ],
          [
            7.134228,
            47.0822124
          ],
          [
            7.1345885,
            47.0825688
          ],
          [
            7.135022,
            47.0829394
          ],
          [
            7.1355205,
            47.0832911
          ]
        ]
      },
      "id": "way/1355997688"
    },
    {
      "type": "Feature",
      "properties": {
        "@id": "way/1355997686",
        "bicycle": "yes",
        "foot": "yes",
        "from": "Neuchâtel",
        "horse": "no",
        "motor_vehicle": "no",
        "name": "Engelberg-Wingreis - Twann",
        "operator": "BSG",
        "operator:official_name:de": "Bielersee-Schifffahrts-Gesellschaft AG",
        "operator:official_name:fr": "Société de Navigation Lac de Bienne SA",
        "route": "ferry",
        "to": "Biel/Bienne",
        "@relations": [
          {
            "role": "",
            "rel": 18638222,
            "reltags": {
              "bicycle": "yes",
              "duration": "01:15",
              "foot": "yes",
              "from": "Erlach",
              "motor_vehicle": "no",
              "name": "3217: Erlach-Biel Kurs 82",
              "operator": "BSG",
              "public_transport:version": "2",
              "ref": "3217",
              "route": "ferry",
              "to": "Biel/Bienne",
              "type": "route",
              "website": "https://bielersee.ch/fahrplan"
            }
          },
          {
            "role": "",
            "rel": 18638223,
            "reltags": {
              "bicycle": "yes",
              "duration": "01:15",
              "foot": "yes",
              "from": "Erlach",
              "motor_vehicle": "no",
              "name": "3217: Erlach-Biel Kurs 66,70,72,74,302",
              "operator": "BSG",
              "public_transport:version": "2",
              "ref": "3217",
              "route": "ferry",
              "to": "Biel/Bienne",
              "type": "route",
              "website": "https://bielersee.ch/fahrplan"
            }
          },
          {
            "role": "",
            "rel": 18638225,
            "reltags": {
              "bicycle": "yes",
              "duration": "01:15",
              "foot": "yes",
              "from": "Biel/Bienne",
              "motor_vehicle": "no",
              "name": "3217: Biel-Erlach Kurs 81",
              "operator": "BSG",
              "public_transport:version": "2",
              "ref": "3217",
              "route": "ferry",
              "to": "Erlach",
              "type": "route",
              "website": "https://bielersee.ch/fahrplan"
            }
          },
          {
            "role": "",
            "rel": 18638227,
            "reltags": {
              "bicycle": "yes",
              "duration": "01:15",
              "foot": "yes",
              "from": "Biel/Bienne",
              "motor_vehicle": "no",
              "name": "3217: Biel-Erlach Kurs 301,65,69,71,73",
              "operator": "BSG",
              "public_transport:version": "2",
              "ref": "3217",
              "route": "ferry",
              "to": "Erlach",
              "type": "route",
              "website": "https://bielersee.ch/fahrplan"
            }
          },
          {
            "role": "",
            "rel": 18638379,
            "reltags": {
              "bicycle": "yes",
              "duration": "02:25",
              "foot": "yes",
              "from": "Neuchâtel",
              "motor_vehicle": "no",
              "name": "3215: Neuchâtel-Biel/Bienne Kurs 302",
              "operator": "LMN",
              "public_transport:version": "2",
              "ref": "3215",
              "route": "ferry",
              "to": "Biel/Bienne",
              "type": "route",
              "website": "https://bielersee.ch/fahrplan"
            }
          },
          {
            "role": "",
            "rel": 18638846,
            "reltags": {
              "bicycle": "yes",
              "duration": "03:15",
              "foot": "yes",
              "from": "Biel/Bienne",
              "motor_vehicle": "no",
              "name": "3215: Biel/Bienne-Murten Kurs BSG,301",
              "operator": "BSG",
              "public_transport:version": "2",
              "ref": "3215",
              "route": "ferry",
              "to": "Murten",
              "type": "route",
              "website": "https://bielersee.ch/fahrplan"
            }
          }
        ]
      },
      "geometry": {
        "type": "LineString",
        "coordinates": [
          [
            7.1570487,
            47.09334
          ],
          [
            7.1601033,
            47.0931937
          ],
          [
            7.1630059,
            47.0931871
          ],
          [
            7.166513,
            47.0937127
          ],
          [
            7.1693086,
            47.094304
          ],
          [
            7.1719265,
            47.0953119
          ],
          [
            7.1733105,
            47.0959547
          ],
          [
            7.1746126,
            47.0967165
          ],
          [
            7.1764326,
            47.0983503
          ],
          [
            7.1772051,
            47.0991975
          ],
          [
            7.1778493,
            47.1001877
          ],
          [
            7.1779239,
            47.1011256
          ],
          [
            7.1777881,
            47.1020359
          ]
        ]
      },
      "id": "way/1355997686"
    },
    {
      "type": "Feature",
      "properties": {
        "@id": "way/1355997685",
        "bicycle": "yes",
        "foot": "yes",
        "from": "Neuchâtel",
        "horse": "no",
        "motor_vehicle": "no",
        "name": "Lüscherz - Engelber/Wingreis",
        "operator": "BSG",
        "operator:official_name:de": "Bielersee-Schifffahrts-Gesellschaft AG",
        "operator:official_name:fr": "Société de Navigation Lac de Bienne SA",
        "route": "ferry",
        "to": "Biel/Bienne",
        "@relations": [
          {
            "role": "",
            "rel": 18638223,
            "reltags": {
              "bicycle": "yes",
              "duration": "01:15",
              "foot": "yes",
              "from": "Erlach",
              "motor_vehicle": "no",
              "name": "3217: Erlach-Biel Kurs 66,70,72,74,302",
              "operator": "BSG",
              "public_transport:version": "2",
              "ref": "3217",
              "route": "ferry",
              "to": "Biel/Bienne",
              "type": "route",
              "website": "https://bielersee.ch/fahrplan"
            }
          },
          {
            "role": "",
            "rel": 18638227,
            "reltags": {
              "bicycle": "yes",
              "duration": "01:15",
              "foot": "yes",
              "from": "Biel/Bienne",
              "motor_vehicle": "no",
              "name": "3217: Biel-Erlach Kurs 301,65,69,71,73",
              "operator": "BSG",
              "public_transport:version": "2",
              "ref": "3217",
              "route": "ferry",
              "to": "Erlach",
              "type": "route",
              "website": "https://bielersee.ch/fahrplan"
            }
          },
          {
            "role": "",
            "rel": 18638379,
            "reltags": {
              "bicycle": "yes",
              "duration": "02:25",
              "foot": "yes",
              "from": "Neuchâtel",
              "motor_vehicle": "no",
              "name": "3215: Neuchâtel-Biel/Bienne Kurs 302",
              "operator": "LMN",
              "public_transport:version": "2",
              "ref": "3215",
              "route": "ferry",
              "to": "Biel/Bienne",
              "type": "route",
              "website": "https://bielersee.ch/fahrplan"
            }
          },
          {
            "role": "",
            "rel": 18638846,
            "reltags": {
              "bicycle": "yes",
              "duration": "03:15",
              "foot": "yes",
              "from": "Biel/Bienne",
              "motor_vehicle": "no",
              "name": "3215: Biel/Bienne-Murten Kurs BSG,301",
              "operator": "BSG",
              "public_transport:version": "2",
              "ref": "3215",
              "route": "ferry",
              "to": "Murten",
              "type": "route",
              "website": "https://bielersee.ch/fahrplan"
            }
          }
        ]
      },
      "geometry": {
        "type": "LineString",
        "coordinates": [
          [
            7.1777881,
            47.1020359
          ],
          [
            7.179662,
            47.1022649
          ],
          [
            7.1814228,
            47.1026265
          ],
          [
            7.1828163,
            47.1030755
          ],
          [
            7.1841359,
            47.1036963
          ],
          [
            7.1875921,
            47.1058092
          ],
          [
            7.1893072,
            47.1071869
          ],
          [
            7.1910023,
            47.1088956
          ],
          [
            7.1937804,
            47.1124025
          ]
        ]
      },
      "id": "way/1355997685"
    },
    {
      "type": "Feature",
      "properties": {
        "@id": "way/303682822",
        "bicycle": "yes",
        "foot": "yes",
        "from": "Neuchâtel",
        "horse": "no",
        "motor_vehicle": "no",
        "name": "Biel/Bienne - Lüscherz",
        "operator": "BSG",
        "operator:official_name:de": "Bielersee-Schifffahrts-Gesellschaft AG",
        "operator:official_name:fr": "Société de Navigation Lac de Bienne SA",
        "route": "ferry",
        "to": "Biel/Bienne",
        "@relations": [
          {
            "role": "",
            "rel": 18638223,
            "reltags": {
              "bicycle": "yes",
              "duration": "01:15",
              "foot": "yes",
              "from": "Erlach",
              "motor_vehicle": "no",
              "name": "3217: Erlach-Biel Kurs 66,70,72,74,302",
              "operator": "BSG",
              "public_transport:version": "2",
              "ref": "3217",
              "route": "ferry",
              "to": "Biel/Bienne",
              "type": "route",
              "website": "https://bielersee.ch/fahrplan"
            }
          },
          {
            "role": "",
            "rel": 18638227,
            "reltags": {
              "bicycle": "yes",
              "duration": "01:15",
              "foot": "yes",
              "from": "Biel/Bienne",
              "motor_vehicle": "no",
              "name": "3217: Biel-Erlach Kurs 301,65,69,71,73",
              "operator": "BSG",
              "public_transport:version": "2",
              "ref": "3217",
              "route": "ferry",
              "to": "Erlach",
              "type": "route",
              "website": "https://bielersee.ch/fahrplan"
            }
          },
          {
            "role": "",
            "rel": 18638379,
            "reltags": {
              "bicycle": "yes",
              "duration": "02:25",
              "foot": "yes",
              "from": "Neuchâtel",
              "motor_vehicle": "no",
              "name": "3215: Neuchâtel-Biel/Bienne Kurs 302",
              "operator": "LMN",
              "public_transport:version": "2",
              "ref": "3215",
              "route": "ferry",
              "to": "Biel/Bienne",
              "type": "route",
              "website": "https://bielersee.ch/fahrplan"
            }
          },
          {
            "role": "",
            "rel": 18638846,
            "reltags": {
              "bicycle": "yes",
              "duration": "03:15",
              "foot": "yes",
              "from": "Biel/Bienne",
              "motor_vehicle": "no",
              "name": "3215: Biel/Bienne-Murten Kurs BSG,301",
              "operator": "BSG",
              "public_transport:version": "2",
              "ref": "3215",
              "route": "ferry",
              "to": "Murten",
              "type": "route",
              "website": "https://bielersee.ch/fahrplan"
            }
          }
        ]
      },
      "geometry": {
        "type": "LineString",
        "coordinates": [
          [
            7.1937804,
            47.1124025
          ],
          [
            7.196515,
            47.1132591
          ],
          [
            7.1991187,
            47.1139959
          ],
          [
            7.2016944,
            47.1148773
          ],
          [
            7.2036243,
            47.1155587
          ],
          [
            7.2049855,
            47.1161816
          ],
          [
            7.2097586,
            47.1188341
          ],
          [
            7.2169644,
            47.1231775
          ],
          [
            7.2209959,
            47.1257006
          ],
          [
            7.2222179,
            47.126385
          ],
          [
            7.2234944,
            47.127046
          ],
          [
            7.2266313,
            47.1285338
          ],
          [
            7.2300498,
            47.1295434
          ],
          [
            7.2357925,
            47.1311447
          ]
        ]
      },
      "id": "way/303682822"
    },
    {
      "type": "Feature",
      "properties": {
        "@id": "node/270483646",
        "amenity": "ferry_terminal",
        "ele": "433",
        "ferry": "yes",
        "name": "La Neuveville",
        "operator": "BSG",
        "public_transport": "stop_position",
        "uic_name": "La Neuveville (bateau)",
        "uic_ref": "8504377",
        "wheelchair": "yes",
        "@relations": [
          {
            "role": "stop",
            "rel": 18638220,
            "reltags": {
              "bicycle": "yes",
              "duration": "01:14",
              "foot": "yes",
              "from": "Erlach",
              "motor_vehicle": "no",
              "name": "3217: Erlach/Biel Kurs LNM",
              "operator": "BSG",
              "public_transport:version": "2",
              "ref": "3217",
              "route": "ferry",
              "to": "Biel/Bienne",
              "type": "route",
              "website": "https://bielersee.ch/fahrplan"
            }
          },
          {
            "role": "stop",
            "rel": 18638221,
            "reltags": {
              "bicycle": "yes",
              "duration": "01:10",
              "foot": "yes",
              "from": "Erlach",
              "motor_vehicle": "no",
              "name": "3217: Erlach-Biel Kurs 76",
              "operator": "BSG",
              "public_transport:version": "2",
              "ref": "3217",
              "route": "ferry",
              "to": "Biel/Bienne",
              "type": "route",
              "website": "https://bielersee.ch/fahrplan"
            }
          },
          {
            "role": "stop",
            "rel": 18638222,
            "reltags": {
              "bicycle": "yes",
              "duration": "01:15",
              "foot": "yes",
              "from": "Erlach",
              "motor_vehicle": "no",
              "name": "3217: Erlach-Biel Kurs 82",
              "operator": "BSG",
              "public_transport:version": "2",
              "ref": "3217",
              "route": "ferry",
              "to": "Biel/Bienne",
              "type": "route",
              "website": "https://bielersee.ch/fahrplan"
            }
          },
          {
            "role": "stop",
            "rel": 18638223,
            "reltags": {
              "bicycle": "yes",
              "duration": "01:15",
              "foot": "yes",
              "from": "Erlach",
              "motor_vehicle": "no",
              "name": "3217: Erlach-Biel Kurs 66,70,72,74,302",
              "operator": "BSG",
              "public_transport:version": "2",
              "ref": "3217",
              "route": "ferry",
              "to": "Biel/Bienne",
              "type": "route",
              "website": "https://bielersee.ch/fahrplan"
            }
          },
          {
            "role": "stop",
            "rel": 18638224,
            "reltags": {
              "bicycle": "yes",
              "duration": "01:14",
              "foot": "yes",
              "from": "Biel/Bienne",
              "motor_vehicle": "no",
              "name": "3215: Biel-Erlach Kurs LNM",
              "operator": "BSG",
              "public_transport:version": "2",
              "ref": "3215",
              "route": "ferry",
              "to": "Erlach",
              "type": "route",
              "website": "https://bielersee.ch/fahrplan"
            }
          },
          {
            "role": "stop",
            "rel": 18638225,
            "reltags": {
              "bicycle": "yes",
              "duration": "01:15",
              "foot": "yes",
              "from": "Biel/Bienne",
              "motor_vehicle": "no",
              "name": "3217: Biel-Erlach Kurs 81",
              "operator": "BSG",
              "public_transport:version": "2",
              "ref": "3217",
              "route": "ferry",
              "to": "Erlach",
              "type": "route",
              "website": "https://bielersee.ch/fahrplan"
            }
          },
          {
            "role": "stop",
            "rel": 18638226,
            "reltags": {
              "bicycle": "yes",
              "duration": "01:05",
              "foot": "yes",
              "from": "Biel/Bienne",
              "motor_vehicle": "no",
              "name": "3217: Biel-Erlach Kurs 75",
              "operator": "BSG",
              "public_transport:version": "2",
              "ref": "3217",
              "route": "ferry",
              "to": "Erlach",
              "type": "route",
              "website": "https://bielersee.ch/fahrplan"
            }
          },
          {
            "role": "stop",
            "rel": 18638227,
            "reltags": {
              "bicycle": "yes",
              "duration": "01:15",
              "foot": "yes",
              "from": "Biel/Bienne",
              "motor_vehicle": "no",
              "name": "3217: Biel-Erlach Kurs 301,65,69,71,73",
              "operator": "BSG",
              "public_transport:version": "2",
              "ref": "3217",
              "route": "ferry",
              "to": "Erlach",
              "type": "route",
              "website": "https://bielersee.ch/fahrplan"
            }
          },
          {
            "role": "stop",
            "rel": 18638379,
            "reltags": {
              "bicycle": "yes",
              "duration": "02:25",
              "foot": "yes",
              "from": "Neuchâtel",
              "motor_vehicle": "no",
              "name": "3215: Neuchâtel-Biel/Bienne Kurs 302",
              "operator": "LMN",
              "public_transport:version": "2",
              "ref": "3215",
              "route": "ferry",
              "to": "Biel/Bienne",
              "type": "route",
              "website": "https://bielersee.ch/fahrplan"
            }
          },
          {
            "role": "stop",
            "rel": 18638380,
            "reltags": {
              "bicycle": "yes",
              "duration": "02:25",
              "foot": "yes",
              "from": "Neuchâtel",
              "motor_vehicle": "no",
              "name": "3215: Neuchâtel-Biel/Bienne Kurs LNM",
              "operator": "LMN",
              "public_transport:version": "2",
              "ref": "3215",
              "route": "ferry",
              "to": "Biel/Bienne",
              "type": "route",
              "website": "https://bielersee.ch/fahrplan"
            }
          },
          {
            "role": "stop",
            "rel": 18638381,
            "reltags": {
              "bicycle": "yes",
              "duration": "02:25",
              "foot": "yes",
              "from": "Biel/Bienne",
              "motor_vehicle": "no",
              "name": "3215: Biel/Bienne-Neuchâtel Kurs LNM",
              "operator": "LMN",
              "public_transport:version": "2",
              "ref": "3215",
              "route": "ferry",
              "to": "Neuchâtel",
              "type": "route",
              "website": "https://bielersee.ch/fahrplan"
            }
          },
          {
            "role": "stop",
            "rel": 18638846,
            "reltags": {
              "bicycle": "yes",
              "duration": "03:15",
              "foot": "yes",
              "from": "Biel/Bienne",
              "motor_vehicle": "no",
              "name": "3215: Biel/Bienne-Murten Kurs BSG,301",
              "operator": "BSG",
              "public_transport:version": "2",
              "ref": "3215",
              "route": "ferry",
              "to": "Murten",
              "type": "route",
              "website": "https://bielersee.ch/fahrplan"
            }
          }
        ]
      },
      "geometry": {
        "type": "Point",
        "coordinates": [
          7.0935328,
          47.0612927
        ]
      },
      "id": "node/270483646"
    },
    {
      "type": "Feature",
      "properties": {
        "@id": "node/270483648",
        "amenity": "ferry_terminal",
        "ele": "429",
        "ferry": "yes",
        "name": "St. Petersinsel Nord",
        "operator": "BSG",
        "public_transport": "stop_position",
        "source": "Bundesamt für Verkehr (BAV), DIDOK 2009",
        "uic_name": "St. Petersinsel Nord",
        "uic_ref": "8504376",
        "@relations": [
          {
            "role": "stop",
            "rel": 18638220,
            "reltags": {
              "bicycle": "yes",
              "duration": "01:14",
              "foot": "yes",
              "from": "Erlach",
              "motor_vehicle": "no",
              "name": "3217: Erlach/Biel Kurs LNM",
              "operator": "BSG",
              "public_transport:version": "2",
              "ref": "3217",
              "route": "ferry",
              "to": "Biel/Bienne",
              "type": "route",
              "website": "https://bielersee.ch/fahrplan"
            }
          },
          {
            "role": "stop",
            "rel": 18638221,
            "reltags": {
              "bicycle": "yes",
              "duration": "01:10",
              "foot": "yes",
              "from": "Erlach",
              "motor_vehicle": "no",
              "name": "3217: Erlach-Biel Kurs 76",
              "operator": "BSG",
              "public_transport:version": "2",
              "ref": "3217",
              "route": "ferry",
              "to": "Biel/Bienne",
              "type": "route",
              "website": "https://bielersee.ch/fahrplan"
            }
          },
          {
            "role": "stop",
            "rel": 18638222,
            "reltags": {
              "bicycle": "yes",
              "duration": "01:15",
              "foot": "yes",
              "from": "Erlach",
              "motor_vehicle": "no",
              "name": "3217: Erlach-Biel Kurs 82",
              "operator": "BSG",
              "public_transport:version": "2",
              "ref": "3217",
              "route": "ferry",
              "to": "Biel/Bienne",
              "type": "route",
              "website": "https://bielersee.ch/fahrplan"
            }
          },
          {
            "role": "stop",
            "rel": 18638223,
            "reltags": {
              "bicycle": "yes",
              "duration": "01:15",
              "foot": "yes",
              "from": "Erlach",
              "motor_vehicle": "no",
              "name": "3217: Erlach-Biel Kurs 66,70,72,74,302",
              "operator": "BSG",
              "public_transport:version": "2",
              "ref": "3217",
              "route": "ferry",
              "to": "Biel/Bienne",
              "type": "route",
              "website": "https://bielersee.ch/fahrplan"
            }
          },
          {
            "role": "stop",
            "rel": 18638224,
            "reltags": {
              "bicycle": "yes",
              "duration": "01:14",
              "foot": "yes",
              "from": "Biel/Bienne",
              "motor_vehicle": "no",
              "name": "3215: Biel-Erlach Kurs LNM",
              "operator": "BSG",
              "public_transport:version": "2",
              "ref": "3215",
              "route": "ferry",
              "to": "Erlach",
              "type": "route",
              "website": "https://bielersee.ch/fahrplan"
            }
          },
          {
            "role": "stop",
            "rel": 18638225,
            "reltags": {
              "bicycle": "yes",
              "duration": "01:15",
              "foot": "yes",
              "from": "Biel/Bienne",
              "motor_vehicle": "no",
              "name": "3217: Biel-Erlach Kurs 81",
              "operator": "BSG",
              "public_transport:version": "2",
              "ref": "3217",
              "route": "ferry",
              "to": "Erlach",
              "type": "route",
              "website": "https://bielersee.ch/fahrplan"
            }
          },
          {
            "role": "stop",
            "rel": 18638226,
            "reltags": {
              "bicycle": "yes",
              "duration": "01:05",
              "foot": "yes",
              "from": "Biel/Bienne",
              "motor_vehicle": "no",
              "name": "3217: Biel-Erlach Kurs 75",
              "operator": "BSG",
              "public_transport:version": "2",
              "ref": "3217",
              "route": "ferry",
              "to": "Erlach",
              "type": "route",
              "website": "https://bielersee.ch/fahrplan"
            }
          },
          {
            "role": "stop",
            "rel": 18638227,
            "reltags": {
              "bicycle": "yes",
              "duration": "01:15",
              "foot": "yes",
              "from": "Biel/Bienne",
              "motor_vehicle": "no",
              "name": "3217: Biel-Erlach Kurs 301,65,69,71,73",
              "operator": "BSG",
              "public_transport:version": "2",
              "ref": "3217",
              "route": "ferry",
              "to": "Erlach",
              "type": "route",
              "website": "https://bielersee.ch/fahrplan"
            }
          },
          {
            "role": "stop",
            "rel": 18638379,
            "reltags": {
              "bicycle": "yes",
              "duration": "02:25",
              "foot": "yes",
              "from": "Neuchâtel",
              "motor_vehicle": "no",
              "name": "3215: Neuchâtel-Biel/Bienne Kurs 302",
              "operator": "LMN",
              "public_transport:version": "2",
              "ref": "3215",
              "route": "ferry",
              "to": "Biel/Bienne",
              "type": "route",
              "website": "https://bielersee.ch/fahrplan"
            }
          },
          {
            "role": "stop",
            "rel": 18638380,
            "reltags": {
              "bicycle": "yes",
              "duration": "02:25",
              "foot": "yes",
              "from": "Neuchâtel",
              "motor_vehicle": "no",
              "name": "3215: Neuchâtel-Biel/Bienne Kurs LNM",
              "operator": "LMN",
              "public_transport:version": "2",
              "ref": "3215",
              "route": "ferry",
              "to": "Biel/Bienne",
              "type": "route",
              "website": "https://bielersee.ch/fahrplan"
            }
          },
          {
            "role": "stop",
            "rel": 18638381,
            "reltags": {
              "bicycle": "yes",
              "duration": "02:25",
              "foot": "yes",
              "from": "Biel/Bienne",
              "motor_vehicle": "no",
              "name": "3215: Biel/Bienne-Neuchâtel Kurs LNM",
              "operator": "LMN",
              "public_transport:version": "2",
              "ref": "3215",
              "route": "ferry",
              "to": "Neuchâtel",
              "type": "route",
              "website": "https://bielersee.ch/fahrplan"
            }
          },
          {
            "role": "stop",
            "rel": 18638846,
            "reltags": {
              "bicycle": "yes",
              "duration": "03:15",
              "foot": "yes",
              "from": "Biel/Bienne",
              "motor_vehicle": "no",
              "name": "3215: Biel/Bienne-Murten Kurs BSG,301",
              "operator": "BSG",
              "public_transport:version": "2",
              "ref": "3215",
              "route": "ferry",
              "to": "Murten",
              "type": "route",
              "website": "https://bielersee.ch/fahrplan"
            }
          }
        ]
      },
      "geometry": {
        "type": "Point",
        "coordinates": [
          7.1353741,
          47.0683582
        ]
      },
      "id": "node/270483648"
    },
    {
      "type": "Feature",
      "properties": {
        "@id": "node/270483649",
        "amenity": "ferry_terminal",
        "ele": "434",
        "ferry": "yes",
        "name": "Ligerz",
        "operator": "BSG",
        "public_transport": "stop_position",
        "source": "Bundesamt für Verkehr (BAV), DIDOK 2009",
        "uic_name": "Ligerz (Schiff)",
        "uic_ref": "8504375",
        "@relations": [
          {
            "role": "stop",
            "rel": 18638220,
            "reltags": {
              "bicycle": "yes",
              "duration": "01:14",
              "foot": "yes",
              "from": "Erlach",
              "motor_vehicle": "no",
              "name": "3217: Erlach/Biel Kurs LNM",
              "operator": "BSG",
              "public_transport:version": "2",
              "ref": "3217",
              "route": "ferry",
              "to": "Biel/Bienne",
              "type": "route",
              "website": "https://bielersee.ch/fahrplan"
            }
          },
          {
            "role": "stop",
            "rel": 18638222,
            "reltags": {
              "bicycle": "yes",
              "duration": "01:15",
              "foot": "yes",
              "from": "Erlach",
              "motor_vehicle": "no",
              "name": "3217: Erlach-Biel Kurs 82",
              "operator": "BSG",
              "public_transport:version": "2",
              "ref": "3217",
              "route": "ferry",
              "to": "Biel/Bienne",
              "type": "route",
              "website": "https://bielersee.ch/fahrplan"
            }
          },
          {
            "role": "stop",
            "rel": 18638223,
            "reltags": {
              "bicycle": "yes",
              "duration": "01:15",
              "foot": "yes",
              "from": "Erlach",
              "motor_vehicle": "no",
              "name": "3217: Erlach-Biel Kurs 66,70,72,74,302",
              "operator": "BSG",
              "public_transport:version": "2",
              "ref": "3217",
              "route": "ferry",
              "to": "Biel/Bienne",
              "type": "route",
              "website": "https://bielersee.ch/fahrplan"
            }
          },
          {
            "role": "stop",
            "rel": 18638224,
            "reltags": {
              "bicycle": "yes",
              "duration": "01:14",
              "foot": "yes",
              "from": "Biel/Bienne",
              "motor_vehicle": "no",
              "name": "3215: Biel-Erlach Kurs LNM",
              "operator": "BSG",
              "public_transport:version": "2",
              "ref": "3215",
              "route": "ferry",
              "to": "Erlach",
              "type": "route",
              "website": "https://bielersee.ch/fahrplan"
            }
          },
          {
            "role": "stop",
            "rel": 18638225,
            "reltags": {
              "bicycle": "yes",
              "duration": "01:15",
              "foot": "yes",
              "from": "Biel/Bienne",
              "motor_vehicle": "no",
              "name": "3217: Biel-Erlach Kurs 81",
              "operator": "BSG",
              "public_transport:version": "2",
              "ref": "3217",
              "route": "ferry",
              "to": "Erlach",
              "type": "route",
              "website": "https://bielersee.ch/fahrplan"
            }
          },
          {
            "role": "stop",
            "rel": 18638227,
            "reltags": {
              "bicycle": "yes",
              "duration": "01:15",
              "foot": "yes",
              "from": "Biel/Bienne",
              "motor_vehicle": "no",
              "name": "3217: Biel-Erlach Kurs 301,65,69,71,73",
              "operator": "BSG",
              "public_transport:version": "2",
              "ref": "3217",
              "route": "ferry",
              "to": "Erlach",
              "type": "route",
              "website": "https://bielersee.ch/fahrplan"
            }
          },
          {
            "role": "stop",
            "rel": 18638379,
            "reltags": {
              "bicycle": "yes",
              "duration": "02:25",
              "foot": "yes",
              "from": "Neuchâtel",
              "motor_vehicle": "no",
              "name": "3215: Neuchâtel-Biel/Bienne Kurs 302",
              "operator": "LMN",
              "public_transport:version": "2",
              "ref": "3215",
              "route": "ferry",
              "to": "Biel/Bienne",
              "type": "route",
              "website": "https://bielersee.ch/fahrplan"
            }
          },
          {
            "role": "stop",
            "rel": 18638380,
            "reltags": {
              "bicycle": "yes",
              "duration": "02:25",
              "foot": "yes",
              "from": "Neuchâtel",
              "motor_vehicle": "no",
              "name": "3215: Neuchâtel-Biel/Bienne Kurs LNM",
              "operator": "LMN",
              "public_transport:version": "2",
              "ref": "3215",
              "route": "ferry",
              "to": "Biel/Bienne",
              "type": "route",
              "website": "https://bielersee.ch/fahrplan"
            }
          },
          {
            "role": "stop",
            "rel": 18638381,
            "reltags": {
              "bicycle": "yes",
              "duration": "02:25",
              "foot": "yes",
              "from": "Biel/Bienne",
              "motor_vehicle": "no",
              "name": "3215: Biel/Bienne-Neuchâtel Kurs LNM",
              "operator": "LMN",
              "public_transport:version": "2",
              "ref": "3215",
              "route": "ferry",
              "to": "Neuchâtel",
              "type": "route",
              "website": "https://bielersee.ch/fahrplan"
            }
          },
          {
            "role": "stop",
            "rel": 18638846,
            "reltags": {
              "bicycle": "yes",
              "duration": "03:15",
              "foot": "yes",
              "from": "Biel/Bienne",
              "motor_vehicle": "no",
              "name": "3215: Biel/Bienne-Murten Kurs BSG,301",
              "operator": "BSG",
              "public_transport:version": "2",
              "ref": "3215",
              "route": "ferry",
              "to": "Murten",
              "type": "route",
              "website": "https://bielersee.ch/fahrplan"
            }
          }
        ]
      },
      "geometry": {
        "type": "Point",
        "coordinates": [
          7.1355205,
          47.0832911
        ]
      },
      "id": "node/270483649"
    },
    {
      "type": "Feature",
      "properties": {
        "@id": "node/270483651",
        "@relations": [
          {
            "role": "stop",
            "rel": 18638220,
            "reltags": {
              "bicycle": "yes",
              "duration": "01:14",
              "foot": "yes",
              "from": "Erlach",
              "motor_vehicle": "no",
              "name": "3217: Erlach/Biel Kurs LNM",
              "operator": "BSG",
              "public_transport:version": "2",
              "ref": "3217",
              "route": "ferry",
              "to": "Biel/Bienne",
              "type": "route",
              "website": "https://bielersee.ch/fahrplan"
            }
          },
          {
            "role": "stop",
            "rel": 18638222,
            "reltags": {
              "bicycle": "yes",
              "duration": "01:15",
              "foot": "yes",
              "from": "Erlach",
              "motor_vehicle": "no",
              "name": "3217: Erlach-Biel Kurs 82",
              "operator": "BSG",
              "public_transport:version": "2",
              "ref": "3217",
              "route": "ferry",
              "to": "Biel/Bienne",
              "type": "route",
              "website": "https://bielersee.ch/fahrplan"
            }
          },
          {
            "role": "stop",
            "rel": 18638223,
            "reltags": {
              "bicycle": "yes",
              "duration": "01:15",
              "foot": "yes",
              "from": "Erlach",
              "motor_vehicle": "no",
              "name": "3217: Erlach-Biel Kurs 66,70,72,74,302",
              "operator": "BSG",
              "public_transport:version": "2",
              "ref": "3217",
              "route": "ferry",
              "to": "Biel/Bienne",
              "type": "route",
              "website": "https://bielersee.ch/fahrplan"
            }
          },
          {
            "role": "stop",
            "rel": 18638224,
            "reltags": {
              "bicycle": "yes",
              "duration": "01:14",
              "foot": "yes",
              "from": "Biel/Bienne",
              "motor_vehicle": "no",
              "name": "3215: Biel-Erlach Kurs LNM",
              "operator": "BSG",
              "public_transport:version": "2",
              "ref": "3215",
              "route": "ferry",
              "to": "Erlach",
              "type": "route",
              "website": "https://bielersee.ch/fahrplan"
            }
          },
          {
            "role": "stop",
            "rel": 18638225,
            "reltags": {
              "bicycle": "yes",
              "duration": "01:15",
              "foot": "yes",
              "from": "Biel/Bienne",
              "motor_vehicle": "no",
              "name": "3217: Biel-Erlach Kurs 81",
              "operator": "BSG",
              "public_transport:version": "2",
              "ref": "3217",
              "route": "ferry",
              "to": "Erlach",
              "type": "route",
              "website": "https://bielersee.ch/fahrplan"
            }
          },
          {
            "role": "stop",
            "rel": 18638227,
            "reltags": {
              "bicycle": "yes",
              "duration": "01:15",
              "foot": "yes",
              "from": "Biel/Bienne",
              "motor_vehicle": "no",
              "name": "3217: Biel-Erlach Kurs 301,65,69,71,73",
              "operator": "BSG",
              "public_transport:version": "2",
              "ref": "3217",
              "route": "ferry",
              "to": "Erlach",
              "type": "route",
              "website": "https://bielersee.ch/fahrplan"
            }
          },
          {
            "role": "stop",
            "rel": 18638379,
            "reltags": {
              "bicycle": "yes",
              "duration": "02:25",
              "foot": "yes",
              "from": "Neuchâtel",
              "motor_vehicle": "no",
              "name": "3215: Neuchâtel-Biel/Bienne Kurs 302",
              "operator": "LMN",
              "public_transport:version": "2",
              "ref": "3215",
              "route": "ferry",
              "to": "Biel/Bienne",
              "type": "route",
              "website": "https://bielersee.ch/fahrplan"
            }
          },
          {
            "role": "stop",
            "rel": 18638380,
            "reltags": {
              "bicycle": "yes",
              "duration": "02:25",
              "foot": "yes",
              "from": "Neuchâtel",
              "motor_vehicle": "no",
              "name": "3215: Neuchâtel-Biel/Bienne Kurs LNM",
              "operator": "LMN",
              "public_transport:version": "2",
              "ref": "3215",
              "route": "ferry",
              "to": "Biel/Bienne",
              "type": "route",
              "website": "https://bielersee.ch/fahrplan"
            }
          },
          {
            "role": "stop",
            "rel": 18638381,
            "reltags": {
              "bicycle": "yes",
              "duration": "02:25",
              "foot": "yes",
              "from": "Biel/Bienne",
              "motor_vehicle": "no",
              "name": "3215: Biel/Bienne-Neuchâtel Kurs LNM",
              "operator": "LMN",
              "public_transport:version": "2",
              "ref": "3215",
              "route": "ferry",
              "to": "Neuchâtel",
              "type": "route",
              "website": "https://bielersee.ch/fahrplan"
            }
          },
          {
            "role": "stop",
            "rel": 18638846,
            "reltags": {
              "bicycle": "yes",
              "duration": "03:15",
              "foot": "yes",
              "from": "Biel/Bienne",
              "motor_vehicle": "no",
              "name": "3215: Biel/Bienne-Murten Kurs BSG,301",
              "operator": "BSG",
              "public_transport:version": "2",
              "ref": "3215",
              "route": "ferry",
              "to": "Murten",
              "type": "route",
              "website": "https://bielersee.ch/fahrplan"
            }
          }
        ]
      },
      "geometry": {
        "type": "Point",
        "coordinates": [
          7.1570487,
          47.09334
        ]
      },
      "id": "node/270483651"
    },
    {
      "type": "Feature",
      "properties": {
        "@id": "node/270483655",
        "amenity": "ferry_terminal",
        "cargo": "passengers;bicycle",
        "ele": "437",
        "ferry": "yes",
        "name": "Biel/Bienne",
        "operator": "BSG",
        "operator:official_name:de": "Bielersee-Schifffahrts-Gesellschaft AG",
        "operator:official_name:fr": "Société de Navigation Lac de Bienne SA",
        "public_transport": "stop_position",
        "uic_name": "Biel/Bienne (Schiff/bateau)",
        "uic_ref": "8504371",
        "@relations": [
          {
            "role": "stop",
            "rel": 18079637,
            "reltags": {
              "bicycle": "yes",
              "duration": "02:45",
              "fee": "yes",
              "foot": "yes",
              "from": "Biel/Bienne",
              "interval": "03:00",
              "name": "3216: Biel/Bienne-Solothurn Kurs 32,34,36",
              "operator": "BSG",
              "operator:official_name:de": "Bielersee-Schifffahrts-Gesellschaft AG",
              "operator:official_name:fr": "Société de Navigation Lac de Bienne SA",
              "public_transport:version": "2",
              "ref": "3216",
              "reservation": "yes",
              "roundtrip": "yes",
              "route": "ferry",
              "to": "Solothurn",
              "type": "route",
              "vehicle": "no",
              "via": "Büren an der Aare",
              "website": "https://www.bielersee.ch/fahrplan"
            }
          },
          {
            "role": "stop",
            "rel": 18637779,
            "reltags": {
              "duration": "02:45",
              "from": "Solothurn",
              "name": "3216: Solothurn-Biel/Bienne Kurs 31,33,35",
              "operator": "BSG",
              "operator:de": "Bielersee-Schifffahrts-Gesellschaft AG",
              "operator:fr": "Société de Navigation Lac de Bienne SA",
              "public_transport:version": "2",
              "ref": "3216",
              "route": "ferry",
              "to": "Biel/Bienne",
              "type": "route",
              "vehicle": "no",
              "via": "Büren an der Aare",
              "website": "https://www.bielersee.ch/fahrplan"
            }
          },
          {
            "role": "stop",
            "rel": 18638220,
            "reltags": {
              "bicycle": "yes",
              "duration": "01:14",
              "foot": "yes",
              "from": "Erlach",
              "motor_vehicle": "no",
              "name": "3217: Erlach/Biel Kurs LNM",
              "operator": "BSG",
              "public_transport:version": "2",
              "ref": "3217",
              "route": "ferry",
              "to": "Biel/Bienne",
              "type": "route",
              "website": "https://bielersee.ch/fahrplan"
            }
          },
          {
            "role": "stop",
            "rel": 18638221,
            "reltags": {
              "bicycle": "yes",
              "duration": "01:10",
              "foot": "yes",
              "from": "Erlach",
              "motor_vehicle": "no",
              "name": "3217: Erlach-Biel Kurs 76",
              "operator": "BSG",
              "public_transport:version": "2",
              "ref": "3217",
              "route": "ferry",
              "to": "Biel/Bienne",
              "type": "route",
              "website": "https://bielersee.ch/fahrplan"
            }
          },
          {
            "role": "stop",
            "rel": 18638222,
            "reltags": {
              "bicycle": "yes",
              "duration": "01:15",
              "foot": "yes",
              "from": "Erlach",
              "motor_vehicle": "no",
              "name": "3217: Erlach-Biel Kurs 82",
              "operator": "BSG",
              "public_transport:version": "2",
              "ref": "3217",
              "route": "ferry",
              "to": "Biel/Bienne",
              "type": "route",
              "website": "https://bielersee.ch/fahrplan"
            }
          },
          {
            "role": "stop",
            "rel": 18638223,
            "reltags": {
              "bicycle": "yes",
              "duration": "01:15",
              "foot": "yes",
              "from": "Erlach",
              "motor_vehicle": "no",
              "name": "3217: Erlach-Biel Kurs 66,70,72,74,302",
              "operator": "BSG",
              "public_transport:version": "2",
              "ref": "3217",
              "route": "ferry",
              "to": "Biel/Bienne",
              "type": "route",
              "website": "https://bielersee.ch/fahrplan"
            }
          },
          {
            "role": "stop",
            "rel": 18638224,
            "reltags": {
              "bicycle": "yes",
              "duration": "01:14",
              "foot": "yes",
              "from": "Biel/Bienne",
              "motor_vehicle": "no",
              "name": "3215: Biel-Erlach Kurs LNM",
              "operator": "BSG",
              "public_transport:version": "2",
              "ref": "3215",
              "route": "ferry",
              "to": "Erlach",
              "type": "route",
              "website": "https://bielersee.ch/fahrplan"
            }
          },
          {
            "role": "stop",
            "rel": 18638225,
            "reltags": {
              "bicycle": "yes",
              "duration": "01:15",
              "foot": "yes",
              "from": "Biel/Bienne",
              "motor_vehicle": "no",
              "name": "3217: Biel-Erlach Kurs 81",
              "operator": "BSG",
              "public_transport:version": "2",
              "ref": "3217",
              "route": "ferry",
              "to": "Erlach",
              "type": "route",
              "website": "https://bielersee.ch/fahrplan"
            }
          },
          {
            "role": "stop",
            "rel": 18638226,
            "reltags": {
              "bicycle": "yes",
              "duration": "01:05",
              "foot": "yes",
              "from": "Biel/Bienne",
              "motor_vehicle": "no",
              "name": "3217: Biel-Erlach Kurs 75",
              "operator": "BSG",
              "public_transport:version": "2",
              "ref": "3217",
              "route": "ferry",
              "to": "Erlach",
              "type": "route",
              "website": "https://bielersee.ch/fahrplan"
            }
          },
          {
            "role": "stop",
            "rel": 18638227,
            "reltags": {
              "bicycle": "yes",
              "duration": "01:15",
              "foot": "yes",
              "from": "Biel/Bienne",
              "motor_vehicle": "no",
              "name": "3217: Biel-Erlach Kurs 301,65,69,71,73",
              "operator": "BSG",
              "public_transport:version": "2",
              "ref": "3217",
              "route": "ferry",
              "to": "Erlach",
              "type": "route",
              "website": "https://bielersee.ch/fahrplan"
            }
          },
          {
            "role": "stop",
            "rel": 18638379,
            "reltags": {
              "bicycle": "yes",
              "duration": "02:25",
              "foot": "yes",
              "from": "Neuchâtel",
              "motor_vehicle": "no",
              "name": "3215: Neuchâtel-Biel/Bienne Kurs 302",
              "operator": "LMN",
              "public_transport:version": "2",
              "ref": "3215",
              "route": "ferry",
              "to": "Biel/Bienne",
              "type": "route",
              "website": "https://bielersee.ch/fahrplan"
            }
          },
          {
            "role": "stop",
            "rel": 18638380,
            "reltags": {
              "bicycle": "yes",
              "duration": "02:25",
              "foot": "yes",
              "from": "Neuchâtel",
              "motor_vehicle": "no",
              "name": "3215: Neuchâtel-Biel/Bienne Kurs LNM",
              "operator": "LMN",
              "public_transport:version": "2",
              "ref": "3215",
              "route": "ferry",
              "to": "Biel/Bienne",
              "type": "route",
              "website": "https://bielersee.ch/fahrplan"
            }
          },
          {
            "role": "stop",
            "rel": 18638381,
            "reltags": {
              "bicycle": "yes",
              "duration": "02:25",
              "foot": "yes",
              "from": "Biel/Bienne",
              "motor_vehicle": "no",
              "name": "3215: Biel/Bienne-Neuchâtel Kurs LNM",
              "operator": "LMN",
              "public_transport:version": "2",
              "ref": "3215",
              "route": "ferry",
              "to": "Neuchâtel",
              "type": "route",
              "website": "https://bielersee.ch/fahrplan"
            }
          },
          {
            "role": "stop",
            "rel": 18638846,
            "reltags": {
              "bicycle": "yes",
              "duration": "03:15",
              "foot": "yes",
              "from": "Biel/Bienne",
              "motor_vehicle": "no",
              "name": "3215: Biel/Bienne-Murten Kurs BSG,301",
              "operator": "BSG",
              "public_transport:version": "2",
              "ref": "3215",
              "route": "ferry",
              "to": "Murten",
              "type": "route",
              "website": "https://bielersee.ch/fahrplan"
            }
          }
        ]
      },
      "geometry": {
        "type": "Point",
        "coordinates": [
          7.2357925,
          47.1311447
        ]
      },
      "id": "node/270483655"
    },
    {
      "type": "Feature",
      "properties": {
        "@id": "node/440605004",
        "@relations": [
          {
            "role": "stop",
            "rel": 18638846,
            "reltags": {
              "bicycle": "yes",
              "duration": "03:15",
              "foot": "yes",
              "from": "Biel/Bienne",
              "motor_vehicle": "no",
              "name": "3215: Biel/Bienne-Murten Kurs BSG,301",
              "operator": "BSG",
              "public_transport:version": "2",
              "ref": "3215",
              "route": "ferry",
              "to": "Murten",
              "type": "route",
              "website": "https://bielersee.ch/fahrplan"
            }
          }
        ]
      },
      "geometry": {
        "type": "Point",
        "coordinates": [
          7.1164789,
          46.9307331
        ]
      },
      "id": "node/440605004"
    },
    {
      "type": "Feature",
      "properties": {
        "@id": "node/440608219",
        "amenity": "ferry_terminal",
        "ele": "429",
        "ferry": "yes",
        "name": "Erlach",
        "operator": "BSG",
        "public_transport": "stop_position",
        "source": "Bundesamt für Verkehr (BAV), DIDOK 2009",
        "uic_name": "Erlach (Schiff)",
        "uic_ref": "8504378",
        "@relations": [
          {
            "role": "stop",
            "rel": 18638220,
            "reltags": {
              "bicycle": "yes",
              "duration": "01:14",
              "foot": "yes",
              "from": "Erlach",
              "motor_vehicle": "no",
              "name": "3217: Erlach/Biel Kurs LNM",
              "operator": "BSG",
              "public_transport:version": "2",
              "ref": "3217",
              "route": "ferry",
              "to": "Biel/Bienne",
              "type": "route",
              "website": "https://bielersee.ch/fahrplan"
            }
          },
          {
            "role": "stop",
            "rel": 18638221,
            "reltags": {
              "bicycle": "yes",
              "duration": "01:10",
              "foot": "yes",
              "from": "Erlach",
              "motor_vehicle": "no",
              "name": "3217: Erlach-Biel Kurs 76",
              "operator": "BSG",
              "public_transport:version": "2",
              "ref": "3217",
              "route": "ferry",
              "to": "Biel/Bienne",
              "type": "route",
              "website": "https://bielersee.ch/fahrplan"
            }
          },
          {
            "role": "stop",
            "rel": 18638222,
            "reltags": {
              "bicycle": "yes",
              "duration": "01:15",
              "foot": "yes",
              "from": "Erlach",
              "motor_vehicle": "no",
              "name": "3217: Erlach-Biel Kurs 82",
              "operator": "BSG",
              "public_transport:version": "2",
              "ref": "3217",
              "route": "ferry",
              "to": "Biel/Bienne",
              "type": "route",
              "website": "https://bielersee.ch/fahrplan"
            }
          },
          {
            "role": "stop",
            "rel": 18638223,
            "reltags": {
              "bicycle": "yes",
              "duration": "01:15",
              "foot": "yes",
              "from": "Erlach",
              "motor_vehicle": "no",
              "name": "3217: Erlach-Biel Kurs 66,70,72,74,302",
              "operator": "BSG",
              "public_transport:version": "2",
              "ref": "3217",
              "route": "ferry",
              "to": "Biel/Bienne",
              "type": "route",
              "website": "https://bielersee.ch/fahrplan"
            }
          },
          {
            "role": "stop",
            "rel": 18638224,
            "reltags": {
              "bicycle": "yes",
              "duration": "01:14",
              "foot": "yes",
              "from": "Biel/Bienne",
              "motor_vehicle": "no",
              "name": "3215: Biel-Erlach Kurs LNM",
              "operator": "BSG",
              "public_transport:version": "2",
              "ref": "3215",
              "route": "ferry",
              "to": "Erlach",
              "type": "route",
              "website": "https://bielersee.ch/fahrplan"
            }
          },
          {
            "role": "stop",
            "rel": 18638225,
            "reltags": {
              "bicycle": "yes",
              "duration": "01:15",
              "foot": "yes",
              "from": "Biel/Bienne",
              "motor_vehicle": "no",
              "name": "3217: Biel-Erlach Kurs 81",
              "operator": "BSG",
              "public_transport:version": "2",
              "ref": "3217",
              "route": "ferry",
              "to": "Erlach",
              "type": "route",
              "website": "https://bielersee.ch/fahrplan"
            }
          },
          {
            "role": "stop",
            "rel": 18638226,
            "reltags": {
              "bicycle": "yes",
              "duration": "01:05",
              "foot": "yes",
              "from": "Biel/Bienne",
              "motor_vehicle": "no",
              "name": "3217: Biel-Erlach Kurs 75",
              "operator": "BSG",
              "public_transport:version": "2",
              "ref": "3217",
              "route": "ferry",
              "to": "Erlach",
              "type": "route",
              "website": "https://bielersee.ch/fahrplan"
            }
          },
          {
            "role": "stop",
            "rel": 18638227,
            "reltags": {
              "bicycle": "yes",
              "duration": "01:15",
              "foot": "yes",
              "from": "Biel/Bienne",
              "motor_vehicle": "no",
              "name": "3217: Biel-Erlach Kurs 301,65,69,71,73",
              "operator": "BSG",
              "public_transport:version": "2",
              "ref": "3217",
              "route": "ferry",
              "to": "Erlach",
              "type": "route",
              "website": "https://bielersee.ch/fahrplan"
            }
          },
          {
            "role": "stop",
            "rel": 18638379,
            "reltags": {
              "bicycle": "yes",
              "duration": "02:25",
              "foot": "yes",
              "from": "Neuchâtel",
              "motor_vehicle": "no",
              "name": "3215: Neuchâtel-Biel/Bienne Kurs 302",
              "operator": "LMN",
              "public_transport:version": "2",
              "ref": "3215",
              "route": "ferry",
              "to": "Biel/Bienne",
              "type": "route",
              "website": "https://bielersee.ch/fahrplan"
            }
          },
          {
            "role": "stop",
            "rel": 18638380,
            "reltags": {
              "bicycle": "yes",
              "duration": "02:25",
              "foot": "yes",
              "from": "Neuchâtel",
              "motor_vehicle": "no",
              "name": "3215: Neuchâtel-Biel/Bienne Kurs LNM",
              "operator": "LMN",
              "public_transport:version": "2",
              "ref": "3215",
              "route": "ferry",
              "to": "Biel/Bienne",
              "type": "route",
              "website": "https://bielersee.ch/fahrplan"
            }
          },
          {
            "role": "stop",
            "rel": 18638381,
            "reltags": {
              "bicycle": "yes",
              "duration": "02:25",
              "foot": "yes",
              "from": "Biel/Bienne",
              "motor_vehicle": "no",
              "name": "3215: Biel/Bienne-Neuchâtel Kurs LNM",
              "operator": "LMN",
              "public_transport:version": "2",
              "ref": "3215",
              "route": "ferry",
              "to": "Neuchâtel",
              "type": "route",
              "website": "https://bielersee.ch/fahrplan"
            }
          },
          {
            "role": "stop",
            "rel": 18638846,
            "reltags": {
              "bicycle": "yes",
              "duration": "03:15",
              "foot": "yes",
              "from": "Biel/Bienne",
              "motor_vehicle": "no",
              "name": "3215: Biel/Bienne-Murten Kurs BSG,301",
              "operator": "BSG",
              "public_transport:version": "2",
              "ref": "3215",
              "route": "ferry",
              "to": "Murten",
              "type": "route",
              "website": "https://bielersee.ch/fahrplan"
            }
          }
        ]
      },
      "geometry": {
        "type": "Point",
        "coordinates": [
          7.0973536,
          47.0493995
        ]
      },
      "id": "node/440608219"
    },
    {
      "type": "Feature",
      "properties": {
        "@id": "node/440608236",
        "amenity": "ferry_terminal",
        "ele": "429",
        "ferry": "yes",
        "name": "Engelberg-Wingreis",
        "operator": "BSG",
        "public_transport": "stop_position",
        "source": "Bundesamt für Verkehr (BAV), DIDOK 2009",
        "uic_name": "Engelberg-Wingreis",
        "uic_ref": "8504373",
        "@relations": [
          {
            "role": "stop",
            "rel": 18638222,
            "reltags": {
              "bicycle": "yes",
              "duration": "01:15",
              "foot": "yes",
              "from": "Erlach",
              "motor_vehicle": "no",
              "name": "3217: Erlach-Biel Kurs 82",
              "operator": "BSG",
              "public_transport:version": "2",
              "ref": "3217",
              "route": "ferry",
              "to": "Biel/Bienne",
              "type": "route",
              "website": "https://bielersee.ch/fahrplan"
            }
          },
          {
            "role": "stop",
            "rel": 18638223,
            "reltags": {
              "bicycle": "yes",
              "duration": "01:15",
              "foot": "yes",
              "from": "Erlach",
              "motor_vehicle": "no",
              "name": "3217: Erlach-Biel Kurs 66,70,72,74,302",
              "operator": "BSG",
              "public_transport:version": "2",
              "ref": "3217",
              "route": "ferry",
              "to": "Biel/Bienne",
              "type": "route",
              "website": "https://bielersee.ch/fahrplan"
            }
          },
          {
            "role": "stop",
            "rel": 18638225,
            "reltags": {
              "bicycle": "yes",
              "duration": "01:15",
              "foot": "yes",
              "from": "Biel/Bienne",
              "motor_vehicle": "no",
              "name": "3217: Biel-Erlach Kurs 81",
              "operator": "BSG",
              "public_transport:version": "2",
              "ref": "3217",
              "route": "ferry",
              "to": "Erlach",
              "type": "route",
              "website": "https://bielersee.ch/fahrplan"
            }
          },
          {
            "role": "stop",
            "rel": 18638227,
            "reltags": {
              "bicycle": "yes",
              "duration": "01:15",
              "foot": "yes",
              "from": "Biel/Bienne",
              "motor_vehicle": "no",
              "name": "3217: Biel-Erlach Kurs 301,65,69,71,73",
              "operator": "BSG",
              "public_transport:version": "2",
              "ref": "3217",
              "route": "ferry",
              "to": "Erlach",
              "type": "route",
              "website": "https://bielersee.ch/fahrplan"
            }
          },
          {
            "role": "stop",
            "rel": 18638379,
            "reltags": {
              "bicycle": "yes",
              "duration": "02:25",
              "foot": "yes",
              "from": "Neuchâtel",
              "motor_vehicle": "no",
              "name": "3215: Neuchâtel-Biel/Bienne Kurs 302",
              "operator": "LMN",
              "public_transport:version": "2",
              "ref": "3215",
              "route": "ferry",
              "to": "Biel/Bienne",
              "type": "route",
              "website": "https://bielersee.ch/fahrplan"
            }
          },
          {
            "role": "stop",
            "rel": 18638846,
            "reltags": {
              "bicycle": "yes",
              "duration": "03:15",
              "foot": "yes",
              "from": "Biel/Bienne",
              "motor_vehicle": "no",
              "name": "3215: Biel/Bienne-Murten Kurs BSG,301",
              "operator": "BSG",
              "public_transport:version": "2",
              "ref": "3215",
              "route": "ferry",
              "to": "Murten",
              "type": "route",
              "website": "https://bielersee.ch/fahrplan"
            }
          }
        ]
      },
      "geometry": {
        "type": "Point",
        "coordinates": [
          7.1777881,
          47.1020359
        ]
      },
      "id": "node/440608236"
    },
    {
      "type": "Feature",
      "properties": {
        "@id": "node/440610525",
        "@relations": [
          {
            "role": "stop",
            "rel": 18638846,
            "reltags": {
              "bicycle": "yes",
              "duration": "03:15",
              "foot": "yes",
              "from": "Biel/Bienne",
              "motor_vehicle": "no",
              "name": "3215: Biel/Bienne-Murten Kurs BSG,301",
              "operator": "BSG",
              "public_transport:version": "2",
              "ref": "3215",
              "route": "ferry",
              "to": "Murten",
              "type": "route",
              "website": "https://bielersee.ch/fahrplan"
            }
          }
        ]
      },
      "geometry": {
        "type": "Point",
        "coordinates": [
          7.0541014,
          46.9758117
        ]
      },
      "id": "node/440610525"
    },
    {
      "type": "Feature",
      "properties": {
        "@id": "node/440613534",
        "@relations": [
          {
            "role": "stop",
            "rel": 18638379,
            "reltags": {
              "bicycle": "yes",
              "duration": "02:25",
              "foot": "yes",
              "from": "Neuchâtel",
              "motor_vehicle": "no",
              "name": "3215: Neuchâtel-Biel/Bienne Kurs 302",
              "operator": "LMN",
              "public_transport:version": "2",
              "ref": "3215",
              "route": "ferry",
              "to": "Biel/Bienne",
              "type": "route",
              "website": "https://bielersee.ch/fahrplan"
            }
          },
          {
            "role": "stop",
            "rel": 18638380,
            "reltags": {
              "bicycle": "yes",
              "duration": "02:25",
              "foot": "yes",
              "from": "Neuchâtel",
              "motor_vehicle": "no",
              "name": "3215: Neuchâtel-Biel/Bienne Kurs LNM",
              "operator": "LMN",
              "public_transport:version": "2",
              "ref": "3215",
              "route": "ferry",
              "to": "Biel/Bienne",
              "type": "route",
              "website": "https://bielersee.ch/fahrplan"
            }
          },
          {
            "role": "stop",
            "rel": 18638381,
            "reltags": {
              "bicycle": "yes",
              "duration": "02:25",
              "foot": "yes",
              "from": "Biel/Bienne",
              "motor_vehicle": "no",
              "name": "3215: Biel/Bienne-Neuchâtel Kurs LNM",
              "operator": "LMN",
              "public_transport:version": "2",
              "ref": "3215",
              "route": "ferry",
              "to": "Neuchâtel",
              "type": "route",
              "website": "https://bielersee.ch/fahrplan"
            }
          },
          {
            "role": "stop",
            "rel": 18638846,
            "reltags": {
              "bicycle": "yes",
              "duration": "03:15",
              "foot": "yes",
              "from": "Biel/Bienne",
              "motor_vehicle": "no",
              "name": "3215: Biel/Bienne-Murten Kurs BSG,301",
              "operator": "BSG",
              "public_transport:version": "2",
              "ref": "3215",
              "route": "ferry",
              "to": "Murten",
              "type": "route",
              "website": "https://bielersee.ch/fahrplan"
            }
          }
        ]
      },
      "geometry": {
        "type": "Point",
        "coordinates": [
          7.0331618,
          47.0196787
        ]
      },
      "id": "node/440613534"
    },
    {
      "type": "Feature",
      "properties": {
        "@id": "node/440613536",
        "amenity": "ferry_terminal",
        "ele": "430",
        "ferry": "yes",
        "name": "Le Landeron",
        "operator": "LNM",
        "public_transport": "stop_position",
        "uic_name": "Le Landeron débarcadère",
        "uic_ref": "8504565",
        "@relations": [
          {
            "role": "stop",
            "rel": 18638379,
            "reltags": {
              "bicycle": "yes",
              "duration": "02:25",
              "foot": "yes",
              "from": "Neuchâtel",
              "motor_vehicle": "no",
              "name": "3215: Neuchâtel-Biel/Bienne Kurs 302",
              "operator": "LMN",
              "public_transport:version": "2",
              "ref": "3215",
              "route": "ferry",
              "to": "Biel/Bienne",
              "type": "route",
              "website": "https://bielersee.ch/fahrplan"
            }
          },
          {
            "role": "stop",
            "rel": 18638380,
            "reltags": {
              "bicycle": "yes",
              "duration": "02:25",
              "foot": "yes",
              "from": "Neuchâtel",
              "motor_vehicle": "no",
              "name": "3215: Neuchâtel-Biel/Bienne Kurs LNM",
              "operator": "LMN",
              "public_transport:version": "2",
              "ref": "3215",
              "route": "ferry",
              "to": "Biel/Bienne",
              "type": "route",
              "website": "https://bielersee.ch/fahrplan"
            }
          },
          {
            "role": "stop",
            "rel": 18638381,
            "reltags": {
              "bicycle": "yes",
              "duration": "02:25",
              "foot": "yes",
              "from": "Biel/Bienne",
              "motor_vehicle": "no",
              "name": "3215: Biel/Bienne-Neuchâtel Kurs LNM",
              "operator": "LMN",
              "public_transport:version": "2",
              "ref": "3215",
              "route": "ferry",
              "to": "Neuchâtel",
              "type": "route",
              "website": "https://bielersee.ch/fahrplan"
            }
          },
          {
            "role": "stop",
            "rel": 18638846,
            "reltags": {
              "bicycle": "yes",
              "duration": "03:15",
              "foot": "yes",
              "from": "Biel/Bienne",
              "motor_vehicle": "no",
              "name": "3215: Biel/Bienne-Murten Kurs BSG,301",
              "operator": "BSG",
              "public_transport:version": "2",
              "ref": "3215",
              "route": "ferry",
              "to": "Murten",
              "type": "route",
              "website": "https://bielersee.ch/fahrplan"
            }
          }
        ]
      },
      "geometry": {
        "type": "Point",
        "coordinates": [
          7.0762905,
          47.0511431
        ]
      },
      "id": "node/440613536"
    },
    {
      "type": "Feature",
      "properties": {
        "@id": "node/440617750",
        "@relations": [
          {
            "role": "stop",
            "rel": 18638379,
            "reltags": {
              "bicycle": "yes",
              "duration": "02:25",
              "foot": "yes",
              "from": "Neuchâtel",
              "motor_vehicle": "no",
              "name": "3215: Neuchâtel-Biel/Bienne Kurs 302",
              "operator": "LMN",
              "public_transport:version": "2",
              "ref": "3215",
              "route": "ferry",
              "to": "Biel/Bienne",
              "type": "route",
              "website": "https://bielersee.ch/fahrplan"
            }
          },
          {
            "role": "stop",
            "rel": 18638380,
            "reltags": {
              "bicycle": "yes",
              "duration": "02:25",
              "foot": "yes",
              "from": "Neuchâtel",
              "motor_vehicle": "no",
              "name": "3215: Neuchâtel-Biel/Bienne Kurs LNM",
              "operator": "LMN",
              "public_transport:version": "2",
              "ref": "3215",
              "route": "ferry",
              "to": "Biel/Bienne",
              "type": "route",
              "website": "https://bielersee.ch/fahrplan"
            }
          },
          {
            "role": "stop",
            "rel": 18638381,
            "reltags": {
              "bicycle": "yes",
              "duration": "02:25",
              "foot": "yes",
              "from": "Biel/Bienne",
              "motor_vehicle": "no",
              "name": "3215: Biel/Bienne-Neuchâtel Kurs LNM",
              "operator": "LMN",
              "public_transport:version": "2",
              "ref": "3215",
              "route": "ferry",
              "to": "Neuchâtel",
              "type": "route",
              "website": "https://bielersee.ch/fahrplan"
            }
          }
        ]
      },
      "geometry": {
        "type": "Point",
        "coordinates": [
          6.9332432,
          46.990931
        ]
      },
      "id": "node/440617750"
    },
    {
      "type": "Feature",
      "properties": {
        "@id": "node/440645243",
        "@relations": [
          {
            "role": "stop",
            "rel": 18079637,
            "reltags": {
              "bicycle": "yes",
              "duration": "02:45",
              "fee": "yes",
              "foot": "yes",
              "from": "Biel/Bienne",
              "interval": "03:00",
              "name": "3216: Biel/Bienne-Solothurn Kurs 32,34,36",
              "operator": "BSG",
              "operator:official_name:de": "Bielersee-Schifffahrts-Gesellschaft AG",
              "operator:official_name:fr": "Société de Navigation Lac de Bienne SA",
              "public_transport:version": "2",
              "ref": "3216",
              "reservation": "yes",
              "roundtrip": "yes",
              "route": "ferry",
              "to": "Solothurn",
              "type": "route",
              "vehicle": "no",
              "via": "Büren an der Aare",
              "website": "https://www.bielersee.ch/fahrplan"
            }
          },
          {
            "role": "stop",
            "rel": 18637779,
            "reltags": {
              "duration": "02:45",
              "from": "Solothurn",
              "name": "3216: Solothurn-Biel/Bienne Kurs 31,33,35",
              "operator": "BSG",
              "operator:de": "Bielersee-Schifffahrts-Gesellschaft AG",
              "operator:fr": "Société de Navigation Lac de Bienne SA",
              "public_transport:version": "2",
              "ref": "3216",
              "route": "ferry",
              "to": "Biel/Bienne",
              "type": "route",
              "vehicle": "no",
              "via": "Büren an der Aare",
              "website": "https://www.bielersee.ch/fahrplan"
            }
          }
        ]
      },
      "geometry": {
        "type": "Point",
        "coordinates": [
          7.2433384,
          47.1217045
        ]
      },
      "id": "node/440645243"
    },
    {
      "type": "Feature",
      "properties": {
        "@id": "node/440726279",
        "@relations": [
          {
            "role": "stop",
            "rel": 18079637,
            "reltags": {
              "bicycle": "yes",
              "duration": "02:45",
              "fee": "yes",
              "foot": "yes",
              "from": "Biel/Bienne",
              "interval": "03:00",
              "name": "3216: Biel/Bienne-Solothurn Kurs 32,34,36",
              "operator": "BSG",
              "operator:official_name:de": "Bielersee-Schifffahrts-Gesellschaft AG",
              "operator:official_name:fr": "Société de Navigation Lac de Bienne SA",
              "public_transport:version": "2",
              "ref": "3216",
              "reservation": "yes",
              "roundtrip": "yes",
              "route": "ferry",
              "to": "Solothurn",
              "type": "route",
              "vehicle": "no",
              "via": "Büren an der Aare",
              "website": "https://www.bielersee.ch/fahrplan"
            }
          },
          {
            "role": "stop",
            "rel": 18637779,
            "reltags": {
              "duration": "02:45",
              "from": "Solothurn",
              "name": "3216: Solothurn-Biel/Bienne Kurs 31,33,35",
              "operator": "BSG",
              "operator:de": "Bielersee-Schifffahrts-Gesellschaft AG",
              "operator:fr": "Société de Navigation Lac de Bienne SA",
              "public_transport:version": "2",
              "ref": "3216",
              "route": "ferry",
              "to": "Biel/Bienne",
              "type": "route",
              "vehicle": "no",
              "via": "Büren an der Aare",
              "website": "https://www.bielersee.ch/fahrplan"
            }
          }
        ]
      },
      "geometry": {
        "type": "Point",
        "coordinates": [
          7.534032,
          47.2035386
        ]
      },
      "id": "node/440726279"
    },
    {
      "type": "Feature",
      "properties": {
        "@id": "node/497048354",
        "amenity": "ferry_terminal",
        "ele": "435",
        "ferry": "yes",
        "name": "Tüscherz",
        "operator": "BSG",
        "public_transport": "stop_position",
        "source": "Bundesamt für Verkehr (BAV), DIDOK 2009",
        "uic_name": "Tüscherz (Schiff)",
        "uic_ref": "8504372",
        "@relations": [
          {
            "role": "stop",
            "rel": 18638223,
            "reltags": {
              "bicycle": "yes",
              "duration": "01:15",
              "foot": "yes",
              "from": "Erlach",
              "motor_vehicle": "no",
              "name": "3217: Erlach-Biel Kurs 66,70,72,74,302",
              "operator": "BSG",
              "public_transport:version": "2",
              "ref": "3217",
              "route": "ferry",
              "to": "Biel/Bienne",
              "type": "route",
              "website": "https://bielersee.ch/fahrplan"
            }
          },
          {
            "role": "stop",
            "rel": 18638227,
            "reltags": {
              "bicycle": "yes",
              "duration": "01:15",
              "foot": "yes",
              "from": "Biel/Bienne",
              "motor_vehicle": "no",
              "name": "3217: Biel-Erlach Kurs 301,65,69,71,73",
              "operator": "BSG",
              "public_transport:version": "2",
              "ref": "3217",
              "route": "ferry",
              "to": "Erlach",
              "type": "route",
              "website": "https://bielersee.ch/fahrplan"
            }
          },
          {
            "role": "stop",
            "rel": 18638379,
            "reltags": {
              "bicycle": "yes",
              "duration": "02:25",
              "foot": "yes",
              "from": "Neuchâtel",
              "motor_vehicle": "no",
              "name": "3215: Neuchâtel-Biel/Bienne Kurs 302",
              "operator": "LMN",
              "public_transport:version": "2",
              "ref": "3215",
              "route": "ferry",
              "to": "Biel/Bienne",
              "type": "route",
              "website": "https://bielersee.ch/fahrplan"
            }
          },
          {
            "role": "stop",
            "rel": 18638846,
            "reltags": {
              "bicycle": "yes",
              "duration": "03:15",
              "foot": "yes",
              "from": "Biel/Bienne",
              "motor_vehicle": "no",
              "name": "3215: Biel/Bienne-Murten Kurs BSG,301",
              "operator": "BSG",
              "public_transport:version": "2",
              "ref": "3215",
              "route": "ferry",
              "to": "Murten",
              "type": "route",
              "website": "https://bielersee.ch/fahrplan"
            }
          }
        ]
      },
      "geometry": {
        "type": "Point",
        "coordinates": [
          7.1937804,
          47.1124025
        ]
      },
      "id": "node/497048354"
    },
    {
      "type": "Feature",
      "properties": {
        "@id": "node/559606396",
        "@relations": [
          {
            "role": "stop",
            "rel": 18638379,
            "reltags": {
              "bicycle": "yes",
              "duration": "02:25",
              "foot": "yes",
              "from": "Neuchâtel",
              "motor_vehicle": "no",
              "name": "3215: Neuchâtel-Biel/Bienne Kurs 302",
              "operator": "LMN",
              "public_transport:version": "2",
              "ref": "3215",
              "route": "ferry",
              "to": "Biel/Bienne",
              "type": "route",
              "website": "https://bielersee.ch/fahrplan"
            }
          },
          {
            "role": "stop",
            "rel": 18638380,
            "reltags": {
              "bicycle": "yes",
              "duration": "02:25",
              "foot": "yes",
              "from": "Neuchâtel",
              "motor_vehicle": "no",
              "name": "3215: Neuchâtel-Biel/Bienne Kurs LNM",
              "operator": "LMN",
              "public_transport:version": "2",
              "ref": "3215",
              "route": "ferry",
              "to": "Biel/Bienne",
              "type": "route",
              "website": "https://bielersee.ch/fahrplan"
            }
          },
          {
            "role": "stop",
            "rel": 18638381,
            "reltags": {
              "bicycle": "yes",
              "duration": "02:25",
              "foot": "yes",
              "from": "Biel/Bienne",
              "motor_vehicle": "no",
              "name": "3215: Biel/Bienne-Neuchâtel Kurs LNM",
              "operator": "LMN",
              "public_transport:version": "2",
              "ref": "3215",
              "route": "ferry",
              "to": "Neuchâtel",
              "type": "route",
              "website": "https://bielersee.ch/fahrplan"
            }
          },
          {
            "role": "stop",
            "rel": 18638846,
            "reltags": {
              "bicycle": "yes",
              "duration": "03:15",
              "foot": "yes",
              "from": "Biel/Bienne",
              "motor_vehicle": "no",
              "name": "3215: Biel/Bienne-Murten Kurs BSG,301",
              "operator": "BSG",
              "public_transport:version": "2",
              "ref": "3215",
              "route": "ferry",
              "to": "Murten",
              "type": "route",
              "website": "https://bielersee.ch/fahrplan"
            }
          }
        ]
      },
      "geometry": {
        "type": "Point",
        "coordinates": [
          7.0228084,
          47.0047268
        ]
      },
      "id": "node/559606396"
    },
    {
      "type": "Feature",
      "properties": {
        "@id": "node/617032712",
        "@relations": [
          {
            "role": "stop",
            "rel": 18079637,
            "reltags": {
              "bicycle": "yes",
              "duration": "02:45",
              "fee": "yes",
              "foot": "yes",
              "from": "Biel/Bienne",
              "interval": "03:00",
              "name": "3216: Biel/Bienne-Solothurn Kurs 32,34,36",
              "operator": "BSG",
              "operator:official_name:de": "Bielersee-Schifffahrts-Gesellschaft AG",
              "operator:official_name:fr": "Société de Navigation Lac de Bienne SA",
              "public_transport:version": "2",
              "ref": "3216",
              "reservation": "yes",
              "roundtrip": "yes",
              "route": "ferry",
              "to": "Solothurn",
              "type": "route",
              "vehicle": "no",
              "via": "Büren an der Aare",
              "website": "https://www.bielersee.ch/fahrplan"
            }
          },
          {
            "role": "stop",
            "rel": 18637779,
            "reltags": {
              "duration": "02:45",
              "from": "Solothurn",
              "name": "3216: Solothurn-Biel/Bienne Kurs 31,33,35",
              "operator": "BSG",
              "operator:de": "Bielersee-Schifffahrts-Gesellschaft AG",
              "operator:fr": "Société de Navigation Lac de Bienne SA",
              "public_transport:version": "2",
              "ref": "3216",
              "route": "ferry",
              "to": "Biel/Bienne",
              "type": "route",
              "vehicle": "no",
              "via": "Büren an der Aare",
              "website": "https://www.bielersee.ch/fahrplan"
            }
          }
        ]
      },
      "geometry": {
        "type": "Point",
        "coordinates": [
          7.4225718,
          47.1728188
        ]
      },
      "id": "node/617032712"
    },
    {
      "type": "Feature",
      "properties": {
        "@id": "node/617109626",
        "@relations": [
          {
            "role": "stop",
            "rel": 18079637,
            "reltags": {
              "bicycle": "yes",
              "duration": "02:45",
              "fee": "yes",
              "foot": "yes",
              "from": "Biel/Bienne",
              "interval": "03:00",
              "name": "3216: Biel/Bienne-Solothurn Kurs 32,34,36",
              "operator": "BSG",
              "operator:official_name:de": "Bielersee-Schifffahrts-Gesellschaft AG",
              "operator:official_name:fr": "Société de Navigation Lac de Bienne SA",
              "public_transport:version": "2",
              "ref": "3216",
              "reservation": "yes",
              "roundtrip": "yes",
              "route": "ferry",
              "to": "Solothurn",
              "type": "route",
              "vehicle": "no",
              "via": "Büren an der Aare",
              "website": "https://www.bielersee.ch/fahrplan"
            }
          },
          {
            "role": "stop",
            "rel": 18637779,
            "reltags": {
              "duration": "02:45",
              "from": "Solothurn",
              "name": "3216: Solothurn-Biel/Bienne Kurs 31,33,35",
              "operator": "BSG",
              "operator:de": "Bielersee-Schifffahrts-Gesellschaft AG",
              "operator:fr": "Société de Navigation Lac de Bienne SA",
              "public_transport:version": "2",
              "ref": "3216",
              "route": "ferry",
              "to": "Biel/Bienne",
              "type": "route",
              "vehicle": "no",
              "via": "Büren an der Aare",
              "website": "https://www.bielersee.ch/fahrplan"
            }
          }
        ]
      },
      "geometry": {
        "type": "Point",
        "coordinates": [
          7.4482925,
          47.1900064
        ]
      },
      "id": "node/617109626"
    },
    {
      "type": "Feature",
      "properties": {
        "@id": "node/709041737",
        "@relations": [
          {
            "role": "stop",
            "rel": 18638846,
            "reltags": {
              "bicycle": "yes",
              "duration": "03:15",
              "foot": "yes",
              "from": "Biel/Bienne",
              "motor_vehicle": "no",
              "name": "3215: Biel/Bienne-Murten Kurs BSG,301",
              "operator": "BSG",
              "public_transport:version": "2",
              "ref": "3215",
              "route": "ferry",
              "to": "Murten",
              "type": "route",
              "website": "https://bielersee.ch/fahrplan"
            }
          }
        ]
      },
      "geometry": {
        "type": "Point",
        "coordinates": [
          7.0931285,
          46.975588
        ]
      },
      "id": "node/709041737"
    },
    {
      "type": "Feature",
      "properties": {
        "@id": "node/983858046",
        "@relations": [
          {
            "role": "stop",
            "rel": 18638846,
            "reltags": {
              "bicycle": "yes",
              "duration": "03:15",
              "foot": "yes",
              "from": "Biel/Bienne",
              "motor_vehicle": "no",
              "name": "3215: Biel/Bienne-Murten Kurs BSG,301",
              "operator": "BSG",
              "public_transport:version": "2",
              "ref": "3215",
              "route": "ferry",
              "to": "Murten",
              "type": "route",
              "website": "https://bielersee.ch/fahrplan"
            }
          }
        ]
      },
      "geometry": {
        "type": "Point",
        "coordinates": [
          7.1143711,
          46.9642105
        ]
      },
      "id": "node/983858046"
    },
    {
      "type": "Feature",
      "properties": {
        "@id": "node/983858463",
        "@relations": [
          {
            "role": "stop",
            "rel": 18079637,
            "reltags": {
              "bicycle": "yes",
              "duration": "02:45",
              "fee": "yes",
              "foot": "yes",
              "from": "Biel/Bienne",
              "interval": "03:00",
              "name": "3216: Biel/Bienne-Solothurn Kurs 32,34,36",
              "operator": "BSG",
              "operator:official_name:de": "Bielersee-Schifffahrts-Gesellschaft AG",
              "operator:official_name:fr": "Société de Navigation Lac de Bienne SA",
              "public_transport:version": "2",
              "ref": "3216",
              "reservation": "yes",
              "roundtrip": "yes",
              "route": "ferry",
              "to": "Solothurn",
              "type": "route",
              "vehicle": "no",
              "via": "Büren an der Aare",
              "website": "https://www.bielersee.ch/fahrplan"
            }
          },
          {
            "role": "stop",
            "rel": 18637779,
            "reltags": {
              "duration": "02:45",
              "from": "Solothurn",
              "name": "3216: Solothurn-Biel/Bienne Kurs 31,33,35",
              "operator": "BSG",
              "operator:de": "Bielersee-Schifffahrts-Gesellschaft AG",
              "operator:fr": "Société de Navigation Lac de Bienne SA",
              "public_transport:version": "2",
              "ref": "3216",
              "route": "ferry",
              "to": "Biel/Bienne",
              "type": "route",
              "vehicle": "no",
              "via": "Büren an der Aare",
              "website": "https://www.bielersee.ch/fahrplan"
            }
          }
        ]
      },
      "geometry": {
        "type": "Point",
        "coordinates": [
          7.281541,
          47.1221371
        ]
      },
      "id": "node/983858463"
    },
    {
      "type": "Feature",
      "properties": {
        "@id": "node/2149180574",
        "amenity": "ferry_terminal",
        "ferry": "yes",
        "name": "St. Petersinsel Süd",
        "public_transport": "stop_position",
        "uic_name": "St. Petersinsel Süd",
        "uic_ref": "8504370",
        "@relations": [
          {
            "role": "stop",
            "rel": 18642862,
            "reltags": {
              "bicycle": "no",
              "description": "Reservation 079 760 82 60 30 minutes in advance",
              "duration": "00:15",
              "fee": "yes",
              "foot": "yes",
              "from": "St. Petersinsel",
              "interval": "01:00",
              "motor_vehicle": "no",
              "name": "Taxiboot: Petersinsel Süd-Erlach",
              "operator": "Tourismus Erlach",
              "public_transport:version": "2",
              "ref": "TA",
              "reservation": "yes",
              "route": "ferry",
              "to": "Erlach",
              "type": "route",
              "website": "https://www.tourismus-erlach.ch/tourismus-wAssets/docs/Fahrplan_Navette_2024.pdf?highlight=Navette"
            }
          },
          {
            "role": "stop",
            "rel": 18642863,
            "reltags": {
              "bicycle": "no",
              "description": "Reservation 079 760 82 60 30 minutes in advance",
              "duration": "00:15",
              "fee": "yes",
              "foot": "yes",
              "from": "Erlach",
              "interval": "01:00",
              "motor_vehicle": "no",
              "name": "Taxiboot: Erlach-Petersinsel Süd",
              "operator": "Tourismus Erlach",
              "public_transport:version": "2",
              "ref": "TA",
              "reservation": "yes",
              "route": "ferry",
              "to": "St. Petersinsel",
              "type": "route",
              "website": "https://www.tourismus-erlach.ch/tourismus-wAssets/docs/Fahrplan_Navette_2024.pdf?highlight=Navette"
            }
          }
        ]
      },
      "geometry": {
        "type": "Point",
        "coordinates": [
          7.1453848,
          47.068996
        ]
      },
      "id": "node/2149180574"
    },
    {
      "type": "Feature",
      "properties": {
        "@id": "node/2555347116",
        "@relations": [
          {
            "role": "stop",
            "rel": 18642862,
            "reltags": {
              "bicycle": "no",
              "description": "Reservation 079 760 82 60 30 minutes in advance",
              "duration": "00:15",
              "fee": "yes",
              "foot": "yes",
              "from": "St. Petersinsel",
              "interval": "01:00",
              "motor_vehicle": "no",
              "name": "Taxiboot: Petersinsel Süd-Erlach",
              "operator": "Tourismus Erlach",
              "public_transport:version": "2",
              "ref": "TA",
              "reservation": "yes",
              "route": "ferry",
              "to": "Erlach",
              "type": "route",
              "website": "https://www.tourismus-erlach.ch/tourismus-wAssets/docs/Fahrplan_Navette_2024.pdf?highlight=Navette"
            }
          },
          {
            "role": "stop",
            "rel": 18642863,
            "reltags": {
              "bicycle": "no",
              "description": "Reservation 079 760 82 60 30 minutes in advance",
              "duration": "00:15",
              "fee": "yes",
              "foot": "yes",
              "from": "Erlach",
              "interval": "01:00",
              "motor_vehicle": "no",
              "name": "Taxiboot: Erlach-Petersinsel Süd",
              "operator": "Tourismus Erlach",
              "public_transport:version": "2",
              "ref": "TA",
              "reservation": "yes",
              "route": "ferry",
              "to": "St. Petersinsel",
              "type": "route",
              "website": "https://www.tourismus-erlach.ch/tourismus-wAssets/docs/Fahrplan_Navette_2024.pdf?highlight=Navette"
            }
          }
        ]
      },
      "geometry": {
        "type": "Point",
        "coordinates": [
          7.101788,
          47.0463531
        ]
      },
      "id": "node/2555347116"
    },
    {
      "type": "Feature",
      "properties": {
        "@id": "node/2794564284",
        "@relations": [
          {
            "role": "stop",
            "rel": 18079637,
            "reltags": {
              "bicycle": "yes",
              "duration": "02:45",
              "fee": "yes",
              "foot": "yes",
              "from": "Biel/Bienne",
              "interval": "03:00",
              "name": "3216: Biel/Bienne-Solothurn Kurs 32,34,36",
              "operator": "BSG",
              "operator:official_name:de": "Bielersee-Schifffahrts-Gesellschaft AG",
              "operator:official_name:fr": "Société de Navigation Lac de Bienne SA",
              "public_transport:version": "2",
              "ref": "3216",
              "reservation": "yes",
              "roundtrip": "yes",
              "route": "ferry",
              "to": "Solothurn",
              "type": "route",
              "vehicle": "no",
              "via": "Büren an der Aare",
              "website": "https://www.bielersee.ch/fahrplan"
            }
          },
          {
            "role": "stop",
            "rel": 18637779,
            "reltags": {
              "duration": "02:45",
              "from": "Solothurn",
              "name": "3216: Solothurn-Biel/Bienne Kurs 31,33,35",
              "operator": "BSG",
              "operator:de": "Bielersee-Schifffahrts-Gesellschaft AG",
              "operator:fr": "Société de Navigation Lac de Bienne SA",
              "public_transport:version": "2",
              "ref": "3216",
              "route": "ferry",
              "to": "Biel/Bienne",
              "type": "route",
              "vehicle": "no",
              "via": "Büren an der Aare",
              "website": "https://www.bielersee.ch/fahrplan"
            }
          }
        ]
      },
      "geometry": {
        "type": "Point",
        "coordinates": [
          7.374014,
          47.1403389
        ]
      },
      "id": "node/2794564284"
    },
    {
      "type": "Feature",
      "properties": {
        "@id": "node/9332821410",
        "amenity": "ferry_terminal",
        "ferry": "yes",
        "name": "Lüscherz",
        "name:de": "Lüscherz",
        "name:fr": "Locraz",
        "public_transport": "stop_position",
        "website": "https://tourismus-erlach.ch/wp-content/uploads/2021/04/Fahrplan-Navette-2021.pdf",
        "@relations": [
          {
            "role": "stop",
            "rel": 18642862,
            "reltags": {
              "bicycle": "no",
              "description": "Reservation 079 760 82 60 30 minutes in advance",
              "duration": "00:15",
              "fee": "yes",
              "foot": "yes",
              "from": "St. Petersinsel",
              "interval": "01:00",
              "motor_vehicle": "no",
              "name": "Taxiboot: Petersinsel Süd-Erlach",
              "operator": "Tourismus Erlach",
              "public_transport:version": "2",
              "ref": "TA",
              "reservation": "yes",
              "route": "ferry",
              "to": "Erlach",
              "type": "route",
              "website": "https://www.tourismus-erlach.ch/tourismus-wAssets/docs/Fahrplan_Navette_2024.pdf?highlight=Navette"
            }
          },
          {
            "role": "stop",
            "rel": 18642863,
            "reltags": {
              "bicycle": "no",
              "description": "Reservation 079 760 82 60 30 minutes in advance",
              "duration": "00:15",
              "fee": "yes",
              "foot": "yes",
              "from": "Erlach",
              "interval": "01:00",
              "motor_vehicle": "no",
              "name": "Taxiboot: Erlach-Petersinsel Süd",
              "operator": "Tourismus Erlach",
              "public_transport:version": "2",
              "ref": "TA",
              "reservation": "yes",
              "route": "ferry",
              "to": "St. Petersinsel",
              "type": "route",
              "website": "https://www.tourismus-erlach.ch/tourismus-wAssets/docs/Fahrplan_Navette_2024.pdf?highlight=Navette"
            }
          }
        ]
      },
      "geometry": {
        "type": "Point",
        "coordinates": [
          7.1505994,
          47.0491113
        ]
      },
      "id": "node/9332821410"
    }
  ]
}