{
  "type": "FeatureCollection",
  "generator": "overpass-turbo",
  "copyright": "The data included in this document is from www.openstreetmap.org. The data is made available under ODbL.",
  "timestamp": "2026-01-28T15:54:30Z",
  "features": [
    {
      "type": "Feature",
      "properties": {
        "@id": "relation/18638844",
        "bicycle": "yes",
        "duration": "01:20",
        "foot": "yes",
        "from": "Neuchâtel",
        "motor_vehicle": "no",
        "name": "3215: Murten Neuchâtel Kurs BSG,302",
        "operator": "BSG",
        "public_transport:version": "2",
        "ref": "3215",
        "route": "ferry",
        "to": "Murten",
        "type": "route",
        "website": "https://www.bielersee.ch/fahrplan"
      },
      "geometry": {
        "type": "LineString",
        "coordinates": [
          [
            6.9332432,
            46.990931
          ],
          [
            6.9345617,
            46.9896216
          ],
          [
            6.9365573,
            46.9887426
          ],
          [
            6.9385747,
            46.9881962
          ],
          [
            7.0264146,
            46.9823036
          ],
          [
            7.0324508,
            46.9811377
          ],
          [
            7.0366114,
            46.9802392
          ],
          [
            7.0424112,
            46.9791109
          ],
          [
            7.0492235,
            46.9777884
          ],
          [
            7.0512515,
            46.977369
          ],
          [
            7.0521355,
            46.9771181
          ],
          [
            7.0523618,
            46.9770296
          ],
          [
            7.0540313,
            46.9760631
          ],
          [
            7.0541014,
            46.9758117
          ],
          [
            7.0550428,
            46.9754966
          ],
          [
            7.0561713,
            46.9748512
          ],
          [
            7.0589752,
            46.9738285
          ],
          [
            7.0595664,
            46.9735867
          ],
          [
            7.0602534,
            46.9732302
          ],
          [
            7.0609597,
            46.9727419
          ],
          [
            7.0630391,
            46.9710992
          ],
          [
            7.0646202,
            46.9700111
          ],
          [
            7.0651787,
            46.9696782
          ],
          [
            7.0663077,
            46.9692297
          ],
          [
            7.067546,
            46.9688078
          ],
          [
            7.0684023,
            46.9686291
          ],
          [
            7.069264,
            46.9685686
          ],
          [
            7.0698227,
            46.9686121
          ],
          [
            7.0702766,
            46.9686681
          ],
          [
            7.0708429,
            46.9688135
          ],
          [
            7.0732748,
            46.9697822
          ],
          [
            7.0739569,
            46.9700063
          ],
          [
            7.0757621,
            46.970463
          ],
          [
            7.076296,
            46.9706769
          ],
          [
            7.0804608,
            46.9732984
          ],
          [
            7.082448,
            46.9746046
          ],
          [
            7.0832859,
            46.9750694
          ],
          [
            7.0841933,
            46.9754564
          ],
          [
            7.0851648,
            46.9757599
          ],
          [
            7.0861766,
            46.976002
          ],
          [
            7.0875605,
            46.9762159
          ],
          [
            7.0898688,
            46.9763699
          ],
          [
            7.0909377,
            46.9762624
          ],
          [
            7.0918046,
            46.9759853
          ],
          [
            7.0921381,
            46.9758373
          ],
          [
            7.0930675,
            46.975588
          ],
          [
            7.0931285,
            46.975588
          ],
          [
            7.093138,
            46.9755599
          ],
          [
            7.0937213,
            46.9752775
          ],
          [
            7.0946679,
            46.9746385
          ],
          [
            7.0956548,
            46.9740316
          ],
          [
            7.0978478,
            46.9724807
          ],
          [
            7.0982859,
            46.9722205
          ],
          [
            7.098727,
            46.971992
          ],
          [
            7.0993021,
            46.9717851
          ],
          [
            7.1072452,
            46.9695889
          ],
          [
            7.1082575,
            46.9693149
          ],
          [
            7.109116,
            46.9690376
          ],
          [
            7.1104847,
            46.9684619
          ],
          [
            7.1112927,
            46.9679916
          ],
          [
            7.1120662,
            46.9674146
          ],
          [
            7.1127281,
            46.9668516
          ],
          [
            7.1136465,
            46.9656779
          ],
          [
            7.1142207,
            46.9645763
          ],
          [
            7.1143711,
            46.9642105
          ],
          [
            7.1154532,
            46.9630358
          ],
          [
            7.1179671,
            46.959464
          ],
          [
            7.1186475,
            46.9583949
          ],
          [
            7.1187592,
            46.9580904
          ],
          [
            7.118828,
            46.957726
          ],
          [
            7.1187829,
            46.9571715
          ],
          [
            7.1186964,
            46.9567404
          ],
          [
            7.1183128,
            46.955002
          ],
          [
            7.1179926,
            46.9542536
          ],
          [
            7.1169412,
            46.9529354
          ],
          [
            7.1161365,
            46.9515805
          ],
          [
            7.1153855,
            46.949918
          ],
          [
            7.1147464,
            46.9482225
          ],
          [
            7.1140122,
            46.9455015
          ],
          [
            7.113459,
            46.9427144
          ],
          [
            7.11339,
            46.9406671
          ],
          [
            7.1135448,
            46.9386123
          ],
          [
            7.1138238,
            46.9365759
          ],
          [
            7.1143663,
            46.9345649
          ],
          [
            7.1149289,
            46.933389
          ],
          [
            7.1160213,
            46.9319019
          ],
          [
            7.1161687,
            46.9316179
          ],
          [
            7.1164789,
            46.9307331
          ]
        ]
      },
      "id": "relation/18638844"
    },
    {
      "type": "Feature",
      "properties": {
        "@id": "relation/18638846",
        "bicycle": "yes",
        "duration": "03:15",
        "foot": "yes",
        "from": "Biel/Bienne",
        "motor_vehicle": "no",
        "name": "3215: Biel/Bienne-Murten Kurs BSG,301",
        "operator": "BSG",
        "public_transport:version": "2",
        "ref": "3215",
        "route": "ferry",
        "to": "Murten",
        "type": "route",
        "website": "https://bielersee.ch/fahrplan"
      },
      "geometry": {
        "type": "LineString",
        "coordinates": [
          [
            7.1164789,
            46.9307331
          ],
          [
            7.1161687,
            46.9316179
          ],
          [
            7.1160213,
            46.9319019
          ],
          [
            7.1149289,
            46.933389
          ],
          [
            7.1143663,
            46.9345649
          ],
          [
            7.1138238,
            46.9365759
          ],
          [
            7.1135448,
            46.9386123
          ],
          [
            7.11339,
            46.9406671
          ],
          [
            7.113459,
            46.9427144
          ],
          [
            7.1140122,
            46.9455015
          ],
          [
            7.1147464,
            46.9482225
          ],
          [
            7.1153855,
            46.949918
          ],
          [
            7.1161365,
            46.9515805
          ],
          [
            7.1169412,
            46.9529354
          ],
          [
            7.1179926,
            46.9542536
          ],
          [
            7.1183128,
            46.955002
          ],
          [
            7.1186964,
            46.9567404
          ],
          [
            7.1187829,
            46.9571715
          ],
          [
            7.118828,
            46.957726
          ],
          [
            7.1187592,
            46.9580904
          ],
          [
            7.1186475,
            46.9583949
          ],
          [
            7.1179671,
            46.959464
          ],
          [
            7.1154532,
            46.9630358
          ],
          [
            7.1143711,
            46.9642105
          ],
          [
            7.1142207,
            46.9645763
          ],
          [
            7.1136465,
            46.9656779
          ],
          [
            7.1127281,
            46.9668516
          ],
          [
            7.1120662,
            46.9674146
          ],
          [
            7.1112927,
            46.9679916
          ],
          [
            7.1104847,
            46.9684619
          ],
          [
            7.109116,
            46.9690376
          ],
          [
            7.1082575,
            46.9693149
          ],
          [
            7.1072452,
            46.9695889
          ],
          [
            7.0993021,
            46.9717851
          ],
          [
            7.098727,
            46.971992
          ],
          [
            7.0982859,
            46.9722205
          ],
          [
            7.0978478,
            46.9724807
          ],
          [
            7.0956548,
            46.9740316
          ],
          [
            7.0946679,
            46.9746385
          ],
          [
            7.0937213,
            46.9752775
          ],
          [
            7.093138,
            46.9755599
          ],
          [
            7.0931285,
            46.975588
          ],
          [
            7.0930675,
            46.975588
          ],
          [
            7.0921381,
            46.9758373
          ],
          [
            7.0918046,
            46.9759853
          ],
          [
            7.0909377,
            46.9762624
          ],
          [
            7.0898688,
            46.9763699
          ],
          [
            7.0875605,
            46.9762159
          ],
          [
            7.0861766,
            46.976002
          ],
          [
            7.0851648,
            46.9757599
          ],
          [
            7.0841933,
            46.9754564
          ],
          [
            7.0832859,
            46.9750694
          ],
          [
            7.082448,
            46.9746046
          ],
          [
            7.0804608,
            46.9732984
          ],
          [
            7.076296,
            46.9706769
          ],
          [
            7.0757621,
            46.970463
          ],
          [
            7.0739569,
            46.9700063
          ],
          [
            7.0732748,
            46.9697822
          ],
          [
            7.0708429,
            46.9688135
          ],
          [
            7.0702766,
            46.9686681
          ],
          [
            7.0698227,
            46.9686121
          ],
          [
            7.069264,
            46.9685686
          ],
          [
            7.0684023,
            46.9686291
          ],
          [
            7.067546,
            46.9688078
          ],
          [
            7.0663077,
            46.9692297
          ],
          [
            7.0651787,
            46.9696782
          ],
          [
            7.0646202,
            46.9700111
          ],
          [
            7.0630391,
            46.9710992
          ],
          [
            7.0609597,
            46.9727419
          ],
          [
            7.0602534,
            46.9732302
          ],
          [
            7.0595664,
            46.9735867
          ],
          [
            7.0589752,
            46.9738285
          ],
          [
            7.0561713,
            46.9748512
          ],
          [
            7.0550428,
            46.9754966
          ],
          [
            7.0541014,
            46.9758117
          ],
          [
            7.0540517,
            46.9760994
          ],
          [
            7.052373,
            46.977043
          ],
          [
            7.0521478,
            46.9771357
          ],
          [
            7.0512584,
            46.9773881
          ],
          [
            7.049224,
            46.9778067
          ],
          [
            7.0366152,
            46.9802647
          ],
          [
            7.0328465,
            46.9810669
          ],
          [
            7.0246821,
            46.9826323
          ],
          [
            7.0131822,
            46.985232
          ],
          [
            7.0113373,
            46.9858736
          ],
          [
            7.0100069,
            46.9870007
          ],
          [
            7.0087108,
            46.9885072
          ],
          [
            7.0089984,
            46.9901624
          ],
          [
            7.0099132,
            46.9916307
          ],
          [
            7.0144202,
            46.9969678
          ],
          [
            7.0223278,
            47.0036666
          ],
          [
            7.0228084,
            47.0047268
          ],
          [
            7.0240589,
            47.0051494
          ],
          [
            7.0251038,
            47.0060672
          ],
          [
            7.0276262,
            47.0080635
          ],
          [
            7.0284293,
            47.008616
          ],
          [
            7.0308707,
            47.0108916
          ],
          [
            7.0317081,
            47.0122456
          ],
          [
            7.0323873,
            47.0135933
          ],
          [
            7.0333187,
            47.0157788
          ],
          [
            7.0336787,
            47.0180008
          ],
          [
            7.0331618,
            47.0196787
          ],
          [
            7.033562,
            47.0202524
          ],
          [
            7.0335594,
            47.0203198
          ],
          [
            7.0333684,
            47.0225979
          ],
          [
            7.0331316,
            47.0282679
          ],
          [
            7.0331988,
            47.0295131
          ],
          [
            7.033646,
            47.0307846
          ],
          [
            7.0349212,
            47.0322477
          ],
          [
            7.039198,
            47.0363301
          ],
          [
            7.0463696,
            47.0401345
          ],
          [
            7.0479192,
            47.0409434
          ],
          [
            7.0503743,
            47.0422248
          ],
          [
            7.0518174,
            47.0428359
          ],
          [
            7.0533144,
            47.0433119
          ],
          [
            7.0594469,
            47.044263
          ],
          [
            7.0600812,
            47.0443614
          ],
          [
            7.0626257,
            47.0444465
          ],
          [
            7.0654533,
            47.0450171
          ],
          [
            7.0693661,
            47.0471025
          ],
          [
            7.0718672,
            47.0489202
          ],
          [
            7.0743086,
            47.0497581
          ],
          [
            7.0757923,
            47.050526
          ],
          [
            7.0762905,
            47.0511431
          ],
          [
            7.0768117,
            47.051103
          ],
          [
            7.0784569,
            47.0519963
          ],
          [
            7.0792454,
            47.052307
          ],
          [
            7.0800934,
            47.0524997
          ],
          [
            7.082405,
            47.0526688
          ],
          [
            7.0842665,
            47.0525263
          ],
          [
            7.0882725,
            47.0522099
          ],
          [
            7.0929193,
            47.0511154
          ],
          [
            7.0973536,
            47.0493995
          ],
          [
            7.0958805,
            47.0520694
          ],
          [
            7.0945488,
            47.0551667
          ],
          [
            7.0938742,
            47.0582204
          ],
          [
            7.0935328,
            47.0612927
          ],
          [
            7.0945072,
            47.0605628
          ],
          [
            7.0956341,
            47.059948
          ],
          [
            7.0966101,
            47.0596419
          ],
          [
            7.09764,
            47.0594958
          ],
          [
            7.098906,
            47.0594665
          ],
          [
            7.1001939,
            47.0596776
          ],
          [
            7.1040563,
            47.0604961
          ],
          [
            7.1255139,
            47.0657582
          ],
          [
            7.1353741,
            47.0683582
          ],
          [
            7.1348753,
            47.0688822
          ],
          [
            7.1347832,
            47.0700049
          ],
          [
            7.1342434,
            47.0711618
          ],
          [
            7.1332432,
            47.0725145
          ],
          [
            7.1328628,
            47.0736256
          ],
          [
            7.1326701,
            47.0747588
          ],
          [
            7.1327244,
            47.0758805
          ],
          [
            7.1328812,
            47.0774171
          ],
          [
            7.1331346,
            47.0788961
          ],
          [
            7.1334604,
            47.0804161
          ],
          [
            7.133646,
            47.0811367
          ],
          [
            7.133949,
            47.0818376
          ],
          [
            7.134228,
            47.0822124
          ],
          [
            7.1345885,
            47.0825688
          ],
          [
            7.135022,
            47.0829394
          ],
          [
            7.1355205,
            47.0832911
          ],
          [
            7.1359965,
            47.0834183
          ],
          [
            7.1376365,
            47.0836142
          ],
          [
            7.1417222,
            47.0839472
          ],
          [
            7.1437363,
            47.0842215
          ],
          [
            7.1464217,
            47.0849791
          ],
          [
            7.1481768,
            47.0857627
          ],
          [
            7.1501813,
            47.0868337
          ],
          [
            7.1514953,
            47.087539
          ],
          [
            7.152579,
            47.0884793
          ],
          [
            7.1535669,
            47.0896939
          ],
          [
            7.1544205,
            47.0907485
          ],
          [
            7.1551662,
            47.0915957
          ],
          [
            7.1557644,
            47.0921964
          ],
          [
            7.1563254,
            47.0926666
          ],
          [
            7.1566743,
            47.092971
          ],
          [
            7.1569307,
            47.0932102
          ],
          [
            7.1570487,
            47.09334
          ],
          [
            7.1601033,
            47.0931937
          ],
          [
            7.1630059,
            47.0931871
          ],
          [
            7.166513,
            47.0937127
          ],
          [
            7.1693086,
            47.094304
          ],
          [
            7.1719265,
            47.0953119
          ],
          [
            7.1733105,
            47.0959547
          ],
          [
            7.1746126,
            47.0967165
          ],
          [
            7.1764326,
            47.0983503
          ],
          [
            7.1772051,
            47.0991975
          ],
          [
            7.1778493,
            47.1001877
          ],
          [
            7.1779239,
            47.1011256
          ],
          [
            7.1777881,
            47.1020359
          ],
          [
            7.179662,
            47.1022649
          ],
          [
            7.1814228,
            47.1026265
          ],
          [
            7.1828163,
            47.1030755
          ],
          [
            7.1841359,
            47.1036963
          ],
          [
            7.1875921,
            47.1058092
          ],
          [
            7.1893072,
            47.1071869
          ],
          [
            7.1910023,
            47.1088956
          ],
          [
            7.1937804,
            47.1124025
          ],
          [
            7.196515,
            47.1132591
          ],
          [
            7.1991187,
            47.1139959
          ],
          [
            7.2016944,
            47.1148773
          ],
          [
            7.2036243,
            47.1155587
          ],
          [
            7.2049855,
            47.1161816
          ],
          [
            7.2097586,
            47.1188341
          ],
          [
            7.2169644,
            47.1231775
          ],
          [
            7.2209959,
            47.1257006
          ],
          [
            7.2222179,
            47.126385
          ],
          [
            7.2234944,
            47.127046
          ],
          [
            7.2266313,
            47.1285338
          ],
          [
            7.2300498,
            47.1295434
          ],
          [
            7.2357925,
            47.1311447
          ]
        ]
      },
      "id": "relation/18638846"
    },
    {
      "type": "Feature",
      "properties": {
        "@id": "relation/18642519",
        "bicycle": "yes",
        "duration": "01:40",
        "foot": "yes",
        "from": "Neuchâtel",
        "motor_vehicle": "no",
        "name": "3212: Neuchâtel-Morat/Murten Course 4",
        "operator": "LNM",
        "public_transport:version": "2",
        "ref": "3212",
        "route": "ferry",
        "to": "Morat/Murten",
        "type": "route",
        "website": "https://www.lnm.ch/Unsere-Fahrten"
      },
      "geometry": {
        "type": "LineString",
        "coordinates": [
          [
            6.9332432,
            46.990931
          ],
          [
            6.9345617,
            46.9896216
          ],
          [
            6.9365573,
            46.9887426
          ],
          [
            6.9385747,
            46.9881962
          ],
          [
            7.0264146,
            46.9823036
          ],
          [
            7.0324508,
            46.9811377
          ],
          [
            7.0366114,
            46.9802392
          ],
          [
            7.0424112,
            46.9791109
          ],
          [
            7.0492235,
            46.9777884
          ],
          [
            7.0512515,
            46.977369
          ],
          [
            7.0521355,
            46.9771181
          ],
          [
            7.0523618,
            46.9770296
          ],
          [
            7.0540313,
            46.9760631
          ],
          [
            7.0541014,
            46.9758117
          ],
          [
            7.0550428,
            46.9754966
          ],
          [
            7.0561713,
            46.9748512
          ],
          [
            7.0589752,
            46.9738285
          ],
          [
            7.0595664,
            46.9735867
          ],
          [
            7.0602534,
            46.9732302
          ],
          [
            7.0609597,
            46.9727419
          ],
          [
            7.0630391,
            46.9710992
          ],
          [
            7.0646202,
            46.9700111
          ],
          [
            7.0651787,
            46.9696782
          ],
          [
            7.0663077,
            46.9692297
          ],
          [
            7.067546,
            46.9688078
          ],
          [
            7.0684023,
            46.9686291
          ],
          [
            7.069264,
            46.9685686
          ],
          [
            7.0698227,
            46.9686121
          ],
          [
            7.0702766,
            46.9686681
          ],
          [
            7.0708429,
            46.9688135
          ],
          [
            7.0732748,
            46.9697822
          ],
          [
            7.0739569,
            46.9700063
          ],
          [
            7.0757621,
            46.970463
          ],
          [
            7.076296,
            46.9706769
          ],
          [
            7.0804608,
            46.9732984
          ],
          [
            7.082448,
            46.9746046
          ],
          [
            7.0832859,
            46.9750694
          ],
          [
            7.0841933,
            46.9754564
          ],
          [
            7.0851648,
            46.9757599
          ],
          [
            7.0861766,
            46.976002
          ],
          [
            7.0875605,
            46.9762159
          ],
          [
            7.0898688,
            46.9763699
          ],
          [
            7.0909377,
            46.9762624
          ],
          [
            7.0918046,
            46.9759853
          ],
          [
            7.0921381,
            46.9758373
          ],
          [
            7.0930675,
            46.975588
          ],
          [
            7.0931285,
            46.975588
          ],
          [
            7.093138,
            46.9755599
          ],
          [
            7.0937213,
            46.9752775
          ],
          [
            7.0946679,
            46.9746385
          ],
          [
            7.0956548,
            46.9740316
          ],
          [
            7.0978478,
            46.9724807
          ],
          [
            7.0982859,
            46.9722205
          ],
          [
            7.098727,
            46.971992
          ],
          [
            7.0993021,
            46.9717851
          ],
          [
            7.1072452,
            46.9695889
          ],
          [
            7.1082575,
            46.9693149
          ],
          [
            7.109116,
            46.9690376
          ],
          [
            7.1104847,
            46.9684619
          ],
          [
            7.1112927,
            46.9679916
          ],
          [
            7.1120662,
            46.9674146
          ],
          [
            7.1127281,
            46.9668516
          ],
          [
            7.1136465,
            46.9656779
          ],
          [
            7.1142207,
            46.9645763
          ],
          [
            7.1143711,
            46.9642105
          ],
          [
            7.1144504,
            46.9640279
          ],
          [
            7.1153898,
            46.9630118
          ],
          [
            7.1179013,
            46.9594435
          ],
          [
            7.1185787,
            46.958379
          ],
          [
            7.1186879,
            46.9580812
          ],
          [
            7.1187554,
            46.9577242
          ],
          [
            7.1187108,
            46.9571762
          ],
          [
            7.1186367,
            46.9567573
          ],
          [
            7.11824,
            46.9550233
          ],
          [
            7.117939,
            46.9547296
          ],
          [
            7.1171451,
            46.9543635
          ],
          [
            7.115175,
            46.95372
          ],
          [
            7.1074033,
            46.9511851
          ],
          [
            7.1054236,
            46.9506831
          ],
          [
            7.1040881,
            46.9505991
          ],
          [
            7.102683,
            46.9506348
          ],
          [
            7.0995931,
            46.9509278
          ],
          [
            7.0972774,
            46.9515105
          ],
          [
            7.0976297,
            46.9502687
          ],
          [
            7.0975327,
            46.9494713
          ],
          [
            7.0971577,
            46.9487892
          ],
          [
            7.0958809,
            46.9479103
          ],
          [
            7.0917825,
            46.9464894
          ],
          [
            7.0878343,
            46.9463576
          ],
          [
            7.0841856,
            46.9467024
          ],
          [
            7.088165,
            46.9436023
          ],
          [
            7.0950873,
            46.9400585
          ],
          [
            7.1030946,
            46.9370804
          ],
          [
            7.111094,
            46.9340301
          ],
          [
            7.1139972,
            46.9328699
          ],
          [
            7.1148303,
            46.9324019
          ],
          [
            7.1156155,
            46.9317683
          ],
          [
            7.1158308,
            46.9315374
          ],
          [
            7.1164789,
            46.9307331
          ]
        ]
      },
      "id": "relation/18642519"
    },
    {
      "type": "Feature",
      "properties": {
        "@id": "relation/18642520",
        "bicycle": "yes",
        "duration": "01:22",
        "foot": "yes",
        "from": "Neuchâtel",
        "motor_vehicle": "no",
        "name": "3212: Neuchâtel-Morat/Murten Course 21",
        "operator": "LNM",
        "public_transport:version": "2",
        "ref": "3212",
        "route": "ferry",
        "to": "Morat/Murten",
        "type": "route",
        "website": "https://www.lnm.ch/Unsere-Fahrten"
      },
      "geometry": {
        "type": "LineString",
        "coordinates": [
          [
            7.1164789,
            46.9307331
          ],
          [
            7.1161687,
            46.9316179
          ],
          [
            7.1160213,
            46.9319019
          ],
          [
            7.1149289,
            46.933389
          ],
          [
            7.1143663,
            46.9345649
          ],
          [
            7.1138238,
            46.9365759
          ],
          [
            7.1135448,
            46.9386123
          ],
          [
            7.11339,
            46.9406671
          ],
          [
            7.113459,
            46.9427144
          ],
          [
            7.1140122,
            46.9455015
          ],
          [
            7.1147464,
            46.9482225
          ],
          [
            7.1153855,
            46.949918
          ],
          [
            7.1161365,
            46.9515805
          ],
          [
            7.1169412,
            46.9529354
          ],
          [
            7.1179926,
            46.9542536
          ],
          [
            7.1183128,
            46.955002
          ],
          [
            7.1186964,
            46.9567404
          ],
          [
            7.1187829,
            46.9571715
          ],
          [
            7.118828,
            46.957726
          ],
          [
            7.1187592,
            46.9580904
          ],
          [
            7.1186475,
            46.9583949
          ],
          [
            7.1179671,
            46.959464
          ],
          [
            7.1154532,
            46.9630358
          ],
          [
            7.1143711,
            46.9642105
          ],
          [
            7.1142207,
            46.9645763
          ],
          [
            7.1136465,
            46.9656779
          ],
          [
            7.1127281,
            46.9668516
          ],
          [
            7.1120662,
            46.9674146
          ],
          [
            7.1112927,
            46.9679916
          ],
          [
            7.1104847,
            46.9684619
          ],
          [
            7.109116,
            46.9690376
          ],
          [
            7.1082575,
            46.9693149
          ],
          [
            7.1072452,
            46.9695889
          ],
          [
            7.0993021,
            46.9717851
          ],
          [
            7.098727,
            46.971992
          ],
          [
            7.0982859,
            46.9722205
          ],
          [
            7.0978478,
            46.9724807
          ],
          [
            7.0956548,
            46.9740316
          ],
          [
            7.0946679,
            46.9746385
          ],
          [
            7.0937213,
            46.9752775
          ],
          [
            7.093138,
            46.9755599
          ],
          [
            7.0931285,
            46.975588
          ],
          [
            7.0930675,
            46.975588
          ],
          [
            7.0921381,
            46.9758373
          ],
          [
            7.0918046,
            46.9759853
          ],
          [
            7.0909377,
            46.9762624
          ],
          [
            7.0898688,
            46.9763699
          ],
          [
            7.0875605,
            46.9762159
          ],
          [
            7.0861766,
            46.976002
          ],
          [
            7.0851648,
            46.9757599
          ],
          [
            7.0841933,
            46.9754564
          ],
          [
            7.0832859,
            46.9750694
          ],
          [
            7.082448,
            46.9746046
          ],
          [
            7.0804608,
            46.9732984
          ],
          [
            7.076296,
            46.9706769
          ],
          [
            7.0757621,
            46.970463
          ],
          [
            7.0739569,
            46.9700063
          ],
          [
            7.0732748,
            46.9697822
          ],
          [
            7.0708429,
            46.9688135
          ],
          [
            7.0702766,
            46.9686681
          ],
          [
            7.0698227,
            46.9686121
          ],
          [
            7.069264,
            46.9685686
          ],
          [
            7.0684023,
            46.9686291
          ],
          [
            7.067546,
            46.9688078
          ],
          [
            7.0663077,
            46.9692297
          ],
          [
            7.0651787,
            46.9696782
          ],
          [
            7.0646202,
            46.9700111
          ],
          [
            7.0630391,
            46.9710992
          ],
          [
            7.0609597,
            46.9727419
          ],
          [
            7.0602534,
            46.9732302
          ],
          [
            7.0595664,
            46.9735867
          ],
          [
            7.0589752,
            46.9738285
          ],
          [
            7.0561713,
            46.9748512
          ],
          [
            7.0550428,
            46.9754966
          ],
          [
            7.0541014,
            46.9758117
          ],
          [
            7.0540313,
            46.9760631
          ],
          [
            7.0523618,
            46.9770296
          ],
          [
            7.0521355,
            46.9771181
          ],
          [
            7.0512515,
            46.977369
          ],
          [
            7.0492235,
            46.9777884
          ],
          [
            7.0424112,
            46.9791109
          ],
          [
            7.0366114,
            46.9802392
          ],
          [
            7.0324508,
            46.9811377
          ],
          [
            7.0264146,
            46.9823036
          ],
          [
            6.9385747,
            46.9881962
          ],
          [
            6.9365573,
            46.9887426
          ],
          [
            6.9345617,
            46.9896216
          ],
          [
            6.9332432,
            46.990931
          ]
        ]
      },
      "id": "relation/18642520"
    },
    {
      "type": "Feature",
      "properties": {
        "@id": "relation/18642523",
        "bicycle": "yes",
        "foot": "yes",
        "from": "Murten/Morat",
        "motor_vehicle": "no",
        "name": "3213: Morat-Morat Course 611,613,615,617",
        "operator": "LNM",
        "public_transport:version": "2",
        "ref": "3213",
        "route": "ferry",
        "to": "Murten/Morat",
        "type": "route",
        "via": "Vallamand",
        "website": "https://www.lnm.ch/Unsere-Fahrten"
      },
      "geometry": {
        "type": "LineString",
        "coordinates": [
          [
            7.0760147,
            46.9113756
          ],
          [
            7.0776884,
            46.9161525
          ],
          [
            7.0793795,
            46.9198743
          ],
          [
            7.0806885,
            46.921633
          ],
          [
            7.0823233,
            46.9234219
          ],
          [
            7.0864177,
            46.9264105
          ],
          [
            7.0892501,
            46.9278026
          ],
          [
            7.0924298,
            46.9289026
          ],
          [
            7.0961594,
            46.9300006
          ],
          [
            7.0998072,
            46.9307626
          ],
          [
            7.107506,
            46.9319095
          ],
          [
            7.1119469,
            46.9324477
          ],
          [
            7.1137452,
            46.9324053
          ],
          [
            7.1144575,
            46.9322315
          ],
          [
            7.115484,
            46.9316847
          ],
          [
            7.1158292,
            46.9313752
          ],
          [
            7.1164789,
            46.9307331
          ],
          [
            7.1159917,
            46.9315813
          ],
          [
            7.1157884,
            46.9318391
          ],
          [
            7.114381,
            46.9332692
          ],
          [
            7.1085875,
            46.9397159
          ],
          [
            7.0972774,
            46.9515105
          ],
          [
            7.0976297,
            46.9502687
          ],
          [
            7.0975327,
            46.9494713
          ],
          [
            7.0971577,
            46.9487892
          ],
          [
            7.0958809,
            46.9479103
          ],
          [
            7.0917825,
            46.9464894
          ],
          [
            7.0878343,
            46.9463576
          ],
          [
            7.0841856,
            46.9467024
          ],
          [
            7.0847241,
            46.9458121
          ],
          [
            7.0849156,
            46.9451573
          ],
          [
            7.084916,
            46.9444824
          ],
          [
            7.0841436,
            46.9426073
          ],
          [
            7.0830058,
            46.9408869
          ],
          [
            7.081912,
            46.9392085
          ],
          [
            7.0784568,
            46.9357298
          ],
          [
            7.0734207,
            46.9329578
          ],
          [
            7.0601968,
            46.9270763
          ],
          [
            7.0563555,
            46.9258976
          ],
          [
            7.0511477,
            46.9248984
          ],
          [
            7.0447039,
            46.9242416
          ],
          [
            7.0380776,
            46.9238647
          ],
          [
            7.0586793,
            46.9178198
          ],
          [
            7.0760147,
            46.9113756
          ]
        ]
      },
      "id": "relation/18642523"
    },
    {
      "type": "Feature",
      "properties": {
        "@id": "relation/18644536",
        "bicycle": "yes",
        "duration": "01:20",
        "foot": "yes",
        "from": "Morat/Murten",
        "motor_vehicle": "no",
        "name": "3212: Morat/Murten-Neuchâtel Course 302/BSG",
        "operator": "LNM/BSG",
        "public_transport:version": "2",
        "ref": "3212",
        "route": "ferry",
        "to": "Neuchâtel",
        "type": "route",
        "website": "https://www.lnm.ch/Unsere-Fahrten"
      },
      "geometry": {
        "type": "LineString",
        "coordinates": [
          [
            6.9332432,
            46.990931
          ],
          [
            6.9345617,
            46.9896216
          ],
          [
            6.9365573,
            46.9887426
          ],
          [
            6.9385747,
            46.9881962
          ],
          [
            7.0264146,
            46.9823036
          ],
          [
            7.0324508,
            46.9811377
          ],
          [
            7.0366114,
            46.9802392
          ],
          [
            7.0424112,
            46.9791109
          ],
          [
            7.0492235,
            46.9777884
          ],
          [
            7.0512515,
            46.977369
          ],
          [
            7.0521355,
            46.9771181
          ],
          [
            7.0523618,
            46.9770296
          ],
          [
            7.0540313,
            46.9760631
          ],
          [
            7.0541014,
            46.9758117
          ],
          [
            7.0550428,
            46.9754966
          ],
          [
            7.0561713,
            46.9748512
          ],
          [
            7.0589752,
            46.9738285
          ],
          [
            7.0595664,
            46.9735867
          ],
          [
            7.0602534,
            46.9732302
          ],
          [
            7.0609597,
            46.9727419
          ],
          [
            7.0630391,
            46.9710992
          ],
          [
            7.0646202,
            46.9700111
          ],
          [
            7.0651787,
            46.9696782
          ],
          [
            7.0663077,
            46.9692297
          ],
          [
            7.067546,
            46.9688078
          ],
          [
            7.0684023,
            46.9686291
          ],
          [
            7.069264,
            46.9685686
          ],
          [
            7.0698227,
            46.9686121
          ],
          [
            7.0702766,
            46.9686681
          ],
          [
            7.0708429,
            46.9688135
          ],
          [
            7.0732748,
            46.9697822
          ],
          [
            7.0739569,
            46.9700063
          ],
          [
            7.0757621,
            46.970463
          ],
          [
            7.076296,
            46.9706769
          ],
          [
            7.0804608,
            46.9732984
          ],
          [
            7.082448,
            46.9746046
          ],
          [
            7.0832859,
            46.9750694
          ],
          [
            7.0841933,
            46.9754564
          ],
          [
            7.0851648,
            46.9757599
          ],
          [
            7.0861766,
            46.976002
          ],
          [
            7.0875605,
            46.9762159
          ],
          [
            7.0898688,
            46.9763699
          ],
          [
            7.0909377,
            46.9762624
          ],
          [
            7.0918046,
            46.9759853
          ],
          [
            7.0921381,
            46.9758373
          ],
          [
            7.0930675,
            46.975588
          ],
          [
            7.0931285,
            46.975588
          ],
          [
            7.093138,
            46.9755599
          ],
          [
            7.0937213,
            46.9752775
          ],
          [
            7.0946679,
            46.9746385
          ],
          [
            7.0956548,
            46.9740316
          ],
          [
            7.0978478,
            46.9724807
          ],
          [
            7.0982859,
            46.9722205
          ],
          [
            7.098727,
            46.971992
          ],
          [
            7.0993021,
            46.9717851
          ],
          [
            7.1072452,
            46.9695889
          ],
          [
            7.1082575,
            46.9693149
          ],
          [
            7.109116,
            46.9690376
          ],
          [
            7.1104847,
            46.9684619
          ],
          [
            7.1112927,
            46.9679916
          ],
          [
            7.1120662,
            46.9674146
          ],
          [
            7.1127281,
            46.9668516
          ],
          [
            7.1136465,
            46.9656779
          ],
          [
            7.1142207,
            46.9645763
          ],
          [
            7.1143711,
            46.9642105
          ],
          [
            7.1154532,
            46.9630358
          ],
          [
            7.1179671,
            46.959464
          ],
          [
            7.1186475,
            46.9583949
          ],
          [
            7.1187592,
            46.9580904
          ],
          [
            7.118828,
            46.957726
          ],
          [
            7.1187829,
            46.9571715
          ],
          [
            7.1186964,
            46.9567404
          ],
          [
            7.1183128,
            46.955002
          ],
          [
            7.1179926,
            46.9542536
          ],
          [
            7.1169412,
            46.9529354
          ],
          [
            7.1161365,
            46.9515805
          ],
          [
            7.1153855,
            46.949918
          ],
          [
            7.1147464,
            46.9482225
          ],
          [
            7.1140122,
            46.9455015
          ],
          [
            7.113459,
            46.9427144
          ],
          [
            7.11339,
            46.9406671
          ],
          [
            7.1135448,
            46.9386123
          ],
          [
            7.1138238,
            46.9365759
          ],
          [
            7.1143663,
            46.9345649
          ],
          [
            7.1149289,
            46.933389
          ],
          [
            7.1160213,
            46.9319019
          ],
          [
            7.1161687,
            46.9316179
          ],
          [
            7.1164789,
            46.9307331
          ]
        ]
      },
      "id": "relation/18644536"
    },
    {
      "type": "Feature",
      "properties": {
        "@id": "relation/18644537",
        "bicycle": "yes",
        "duration": "01:25",
        "foot": "yes",
        "from": "Neuchâtel",
        "motor_vehicle": "no",
        "name": "3212: Neuchâtel-Morat/Murten Course 23,24",
        "operator": "LNM",
        "public_transport:version": "2",
        "ref": "3212",
        "route": "ferry",
        "to": "Morat/Murten",
        "type": "route",
        "website": "https://www.lnm.ch/Unsere-Fahrten"
      },
      "geometry": {
        "type": "LineString",
        "coordinates": [
          [
            7.1164789,
            46.9307331
          ],
          [
            7.1161687,
            46.9316179
          ],
          [
            7.1160213,
            46.9319019
          ],
          [
            7.1149289,
            46.933389
          ],
          [
            7.1143663,
            46.9345649
          ],
          [
            7.1138238,
            46.9365759
          ],
          [
            7.1135448,
            46.9386123
          ],
          [
            7.11339,
            46.9406671
          ],
          [
            7.113459,
            46.9427144
          ],
          [
            7.1140122,
            46.9455015
          ],
          [
            7.1147464,
            46.9482225
          ],
          [
            7.1153855,
            46.949918
          ],
          [
            7.1161365,
            46.9515805
          ],
          [
            7.1169412,
            46.9529354
          ],
          [
            7.1179926,
            46.9542536
          ],
          [
            7.1183128,
            46.955002
          ],
          [
            7.1186964,
            46.9567404
          ],
          [
            7.1187829,
            46.9571715
          ],
          [
            7.118828,
            46.957726
          ],
          [
            7.1187592,
            46.9580904
          ],
          [
            7.1186475,
            46.9583949
          ],
          [
            7.1179671,
            46.959464
          ],
          [
            7.1154532,
            46.9630358
          ],
          [
            7.1143711,
            46.9642105
          ],
          [
            7.1142207,
            46.9645763
          ],
          [
            7.1136465,
            46.9656779
          ],
          [
            7.1127281,
            46.9668516
          ],
          [
            7.1120662,
            46.9674146
          ],
          [
            7.1112927,
            46.9679916
          ],
          [
            7.1104847,
            46.9684619
          ],
          [
            7.109116,
            46.9690376
          ],
          [
            7.1082575,
            46.9693149
          ],
          [
            7.1072452,
            46.9695889
          ],
          [
            7.0993021,
            46.9717851
          ],
          [
            7.098727,
            46.971992
          ],
          [
            7.0982859,
            46.9722205
          ],
          [
            7.0978478,
            46.9724807
          ],
          [
            7.0956548,
            46.9740316
          ],
          [
            7.0946679,
            46.9746385
          ],
          [
            7.0937213,
            46.9752775
          ],
          [
            7.093138,
            46.9755599
          ],
          [
            7.0931285,
            46.975588
          ],
          [
            7.0930675,
            46.975588
          ],
          [
            7.0921381,
            46.9758373
          ],
          [
            7.0918046,
            46.9759853
          ],
          [
            7.0909377,
            46.9762624
          ],
          [
            7.0898688,
            46.9763699
          ],
          [
            7.0875605,
            46.9762159
          ],
          [
            7.0861766,
            46.976002
          ],
          [
            7.0851648,
            46.9757599
          ],
          [
            7.0841933,
            46.9754564
          ],
          [
            7.0832859,
            46.9750694
          ],
          [
            7.082448,
            46.9746046
          ],
          [
            7.0804608,
            46.9732984
          ],
          [
            7.076296,
            46.9706769
          ],
          [
            7.0757621,
            46.970463
          ],
          [
            7.0739569,
            46.9700063
          ],
          [
            7.0732748,
            46.9697822
          ],
          [
            7.0708429,
            46.9688135
          ],
          [
            7.0702766,
            46.9686681
          ],
          [
            7.0698227,
            46.9686121
          ],
          [
            7.069264,
            46.9685686
          ],
          [
            7.0684023,
            46.9686291
          ],
          [
            7.067546,
            46.9688078
          ],
          [
            7.0663077,
            46.9692297
          ],
          [
            7.0651787,
            46.9696782
          ],
          [
            7.0646202,
            46.9700111
          ],
          [
            7.0630391,
            46.9710992
          ],
          [
            7.0609597,
            46.9727419
          ],
          [
            7.0602534,
            46.9732302
          ],
          [
            7.0595664,
            46.9735867
          ],
          [
            7.0589752,
            46.9738285
          ],
          [
            7.0561713,
            46.9748512
          ],
          [
            7.0550428,
            46.9754966
          ],
          [
            7.0541014,
            46.9758117
          ],
          [
            7.0540313,
            46.9760631
          ],
          [
            7.0523618,
            46.9770296
          ],
          [
            7.0521355,
            46.9771181
          ],
          [
            7.0512515,
            46.977369
          ],
          [
            7.0492235,
            46.9777884
          ],
          [
            7.0424112,
            46.9791109
          ],
          [
            7.0366114,
            46.9802392
          ],
          [
            7.0324508,
            46.9811377
          ],
          [
            7.0264146,
            46.9823036
          ],
          [
            6.9385747,
            46.9881962
          ],
          [
            6.9365573,
            46.9887426
          ],
          [
            6.9345617,
            46.9896216
          ],
          [
            6.9332432,
            46.990931
          ]
        ]
      },
      "id": "relation/18644537"
    },
    {
      "type": "Feature",
      "properties": {
        "@id": "relation/18669862",
        "bicycle": "yes",
        "duration": "01:45",
        "foot": "yes",
        "from": "Morat/Murten",
        "motor_vehicle": "no",
        "name": "3212: Morat/Murten-Neuchâtel Course 1,26",
        "operator": "LNM",
        "public_transport:version": "2",
        "ref": "3212",
        "route": "ferry",
        "to": "Neuchâtel",
        "type": "route",
        "website": "https://www.lnm.ch/TicketCms/Search"
      },
      "geometry": {
        "type": "LineString",
        "coordinates": [
          [
            6.9332432,
            46.990931
          ],
          [
            6.9345617,
            46.9896216
          ],
          [
            6.9365573,
            46.9887426
          ],
          [
            6.9385747,
            46.9881962
          ],
          [
            7.0264146,
            46.9823036
          ],
          [
            7.0324508,
            46.9811377
          ],
          [
            7.0366114,
            46.9802392
          ],
          [
            7.0424112,
            46.9791109
          ],
          [
            7.0492235,
            46.9777884
          ],
          [
            7.0512515,
            46.977369
          ],
          [
            7.0521355,
            46.9771181
          ],
          [
            7.0523618,
            46.9770296
          ],
          [
            7.0540313,
            46.9760631
          ],
          [
            7.0541014,
            46.9758117
          ],
          [
            7.0550428,
            46.9754966
          ],
          [
            7.0561713,
            46.9748512
          ],
          [
            7.0589752,
            46.9738285
          ],
          [
            7.0595664,
            46.9735867
          ],
          [
            7.0602534,
            46.9732302
          ],
          [
            7.0609597,
            46.9727419
          ],
          [
            7.0630391,
            46.9710992
          ],
          [
            7.0646202,
            46.9700111
          ],
          [
            7.0651787,
            46.9696782
          ],
          [
            7.0663077,
            46.9692297
          ],
          [
            7.067546,
            46.9688078
          ],
          [
            7.0684023,
            46.9686291
          ],
          [
            7.069264,
            46.9685686
          ],
          [
            7.0698227,
            46.9686121
          ],
          [
            7.0702766,
            46.9686681
          ],
          [
            7.0708429,
            46.9688135
          ],
          [
            7.0732748,
            46.9697822
          ],
          [
            7.0739569,
            46.9700063
          ],
          [
            7.0757621,
            46.970463
          ],
          [
            7.076296,
            46.9706769
          ],
          [
            7.0804608,
            46.9732984
          ],
          [
            7.082448,
            46.9746046
          ],
          [
            7.0832859,
            46.9750694
          ],
          [
            7.0841933,
            46.9754564
          ],
          [
            7.0851648,
            46.9757599
          ],
          [
            7.0861766,
            46.976002
          ],
          [
            7.0875605,
            46.9762159
          ],
          [
            7.0898688,
            46.9763699
          ],
          [
            7.0909377,
            46.9762624
          ],
          [
            7.0918046,
            46.9759853
          ],
          [
            7.0921381,
            46.9758373
          ],
          [
            7.0930675,
            46.975588
          ],
          [
            7.0931285,
            46.975588
          ],
          [
            7.093138,
            46.9755599
          ],
          [
            7.0937213,
            46.9752775
          ],
          [
            7.0946679,
            46.9746385
          ],
          [
            7.0956548,
            46.9740316
          ],
          [
            7.0978478,
            46.9724807
          ],
          [
            7.0982859,
            46.9722205
          ],
          [
            7.098727,
            46.971992
          ],
          [
            7.0993021,
            46.9717851
          ],
          [
            7.1072452,
            46.9695889
          ],
          [
            7.1082575,
            46.9693149
          ],
          [
            7.109116,
            46.9690376
          ],
          [
            7.1104847,
            46.9684619
          ],
          [
            7.1112927,
            46.9679916
          ],
          [
            7.1120662,
            46.9674146
          ],
          [
            7.1127281,
            46.9668516
          ],
          [
            7.1136465,
            46.9656779
          ],
          [
            7.1142207,
            46.9645763
          ],
          [
            7.1143711,
            46.9642105
          ],
          [
            7.1144504,
            46.9640279
          ],
          [
            7.1153898,
            46.9630118
          ],
          [
            7.1179013,
            46.9594435
          ],
          [
            7.1185787,
            46.958379
          ],
          [
            7.1186879,
            46.9580812
          ],
          [
            7.1187554,
            46.9577242
          ],
          [
            7.1187108,
            46.9571762
          ],
          [
            7.1186367,
            46.9567573
          ],
          [
            7.11824,
            46.9550233
          ],
          [
            7.117939,
            46.9547296
          ],
          [
            7.1171451,
            46.9543635
          ],
          [
            7.115175,
            46.95372
          ],
          [
            7.1074033,
            46.9511851
          ],
          [
            7.1054236,
            46.9506831
          ],
          [
            7.1040881,
            46.9505991
          ],
          [
            7.102683,
            46.9506348
          ],
          [
            7.0995931,
            46.9509278
          ],
          [
            7.0972774,
            46.9515105
          ],
          [
            7.0976297,
            46.9502687
          ],
          [
            7.0975327,
            46.9494713
          ],
          [
            7.0971577,
            46.9487892
          ],
          [
            7.0958809,
            46.9479103
          ],
          [
            7.0917825,
            46.9464894
          ],
          [
            7.0878343,
            46.9463576
          ],
          [
            7.0841856,
            46.9467024
          ],
          [
            7.088165,
            46.9436023
          ],
          [
            7.0950873,
            46.9400585
          ],
          [
            7.1030946,
            46.9370804
          ],
          [
            7.111094,
            46.9340301
          ],
          [
            7.1139972,
            46.9328699
          ],
          [
            7.1148303,
            46.9324019
          ],
          [
            7.1156155,
            46.9317683
          ],
          [
            7.1158308,
            46.9315374
          ],
          [
            7.1164789,
            46.9307331
          ]
        ]
      },
      "id": "relation/18669862"
    },
    {
      "type": "Feature",
      "properties": {
        "@id": "way/176375193",
        "name": "Vallamand-Môtier",
        "route": "ferry",
        "@relations": [
          {
            "role": "",
            "rel": 18642523,
            "reltags": {
              "bicycle": "yes",
              "foot": "yes",
              "from": "Murten/Morat",
              "motor_vehicle": "no",
              "name": "3213: Morat-Morat Course 611,613,615,617",
              "operator": "LNM",
              "public_transport:version": "2",
              "ref": "3213",
              "route": "ferry",
              "to": "Murten/Morat",
              "type": "route",
              "via": "Vallamand",
              "website": "https://www.lnm.ch/Unsere-Fahrten"
            }
          }
        ]
      },
      "geometry": {
        "type": "LineString",
        "coordinates": [
          [
            7.0841856,
            46.9467024
          ],
          [
            7.0847241,
            46.9458121
          ],
          [
            7.0849156,
            46.9451573
          ],
          [
            7.084916,
            46.9444824
          ],
          [
            7.0841436,
            46.9426073
          ],
          [
            7.0830058,
            46.9408869
          ],
          [
            7.081912,
            46.9392085
          ],
          [
            7.0784568,
            46.9357298
          ],
          [
            7.0734207,
            46.9329578
          ],
          [
            7.0601968,
            46.9270763
          ],
          [
            7.0563555,
            46.9258976
          ],
          [
            7.0511477,
            46.9248984
          ],
          [
            7.0447039,
            46.9242416
          ],
          [
            7.0380776,
            46.9238647
          ]
        ]
      },
      "id": "way/176375193"
    },
    {
      "type": "Feature",
      "properties": {
        "@id": "way/1356235293",
        "name": "Faoug-Vallamand",
        "route": "ferry",
        "@relations": [
          {
            "role": "",
            "rel": 18642523,
            "reltags": {
              "bicycle": "yes",
              "foot": "yes",
              "from": "Murten/Morat",
              "motor_vehicle": "no",
              "name": "3213: Morat-Morat Course 611,613,615,617",
              "operator": "LNM",
              "public_transport:version": "2",
              "ref": "3213",
              "route": "ferry",
              "to": "Murten/Morat",
              "type": "route",
              "via": "Vallamand",
              "website": "https://www.lnm.ch/Unsere-Fahrten"
            }
          }
        ]
      },
      "geometry": {
        "type": "LineString",
        "coordinates": [
          [
            7.0380776,
            46.9238647
          ],
          [
            7.0586793,
            46.9178198
          ],
          [
            7.0760147,
            46.9113756
          ]
        ]
      },
      "id": "way/1356235293"
    },
    {
      "type": "Feature",
      "properties": {
        "@id": "way/1356235294",
        "name": "Morat/Murten-Faoug",
        "route": "ferry",
        "@relations": [
          {
            "role": "",
            "rel": 18642523,
            "reltags": {
              "bicycle": "yes",
              "foot": "yes",
              "from": "Murten/Morat",
              "motor_vehicle": "no",
              "name": "3213: Morat-Morat Course 611,613,615,617",
              "operator": "LNM",
              "public_transport:version": "2",
              "ref": "3213",
              "route": "ferry",
              "to": "Murten/Morat",
              "type": "route",
              "via": "Vallamand",
              "website": "https://www.lnm.ch/Unsere-Fahrten"
            }
          }
        ]
      },
      "geometry": {
        "type": "LineString",
        "coordinates": [
          [
            7.0760147,
            46.9113756
          ],
          [
            7.0776884,
            46.9161525
          ],
          [
            7.0793795,
            46.9198743
          ],
          [
            7.0806885,
            46.921633
          ],
          [
            7.0823233,
            46.9234219
          ],
          [
            7.0864177,
            46.9264105
          ],
          [
            7.0892501,
            46.9278026
          ],
          [
            7.0924298,
            46.9289026
          ],
          [
            7.0961594,
            46.9300006
          ],
          [
            7.0998072,
            46.9307626
          ],
          [
            7.107506,
            46.9319095
          ],
          [
            7.1119469,
            46.9324477
          ],
          [
            7.1137452,
            46.9324053
          ],
          [
            7.1144575,
            46.9322315
          ],
          [
            7.115484,
            46.9316847
          ],
          [
            7.1158292,
            46.9313752
          ],
          [
            7.1164789,
            46.9307331
          ]
        ]
      },
      "id": "way/1356235294"
    },
    {
      "type": "Feature",
      "properties": {
        "@id": "way/37553229",
        "foot": "yes",
        "motor_vehicle": "no",
        "name": "Sugiez-Murten",
        "route": "ferry",
        "@relations": [
          {
            "role": "",
            "rel": 18638844,
            "reltags": {
              "bicycle": "yes",
              "duration": "01:20",
              "foot": "yes",
              "from": "Neuchâtel",
              "motor_vehicle": "no",
              "name": "3215: Murten Neuchâtel Kurs BSG,302",
              "operator": "BSG",
              "public_transport:version": "2",
              "ref": "3215",
              "route": "ferry",
              "to": "Murten",
              "type": "route",
              "website": "https://www.bielersee.ch/fahrplan"
            }
          },
          {
            "role": "",
            "rel": 18638846,
            "reltags": {
              "bicycle": "yes",
              "duration": "03:15",
              "foot": "yes",
              "from": "Biel/Bienne",
              "motor_vehicle": "no",
              "name": "3215: Biel/Bienne-Murten Kurs BSG,301",
              "operator": "BSG",
              "public_transport:version": "2",
              "ref": "3215",
              "route": "ferry",
              "to": "Murten",
              "type": "route",
              "website": "https://bielersee.ch/fahrplan"
            }
          },
          {
            "role": "",
            "rel": 18642520,
            "reltags": {
              "bicycle": "yes",
              "duration": "01:22",
              "foot": "yes",
              "from": "Neuchâtel",
              "motor_vehicle": "no",
              "name": "3212: Neuchâtel-Morat/Murten Course 21",
              "operator": "LNM",
              "public_transport:version": "2",
              "ref": "3212",
              "route": "ferry",
              "to": "Morat/Murten",
              "type": "route",
              "website": "https://www.lnm.ch/Unsere-Fahrten"
            }
          },
          {
            "role": "",
            "rel": 18644536,
            "reltags": {
              "bicycle": "yes",
              "duration": "01:20",
              "foot": "yes",
              "from": "Morat/Murten",
              "motor_vehicle": "no",
              "name": "3212: Morat/Murten-Neuchâtel Course 302/BSG",
              "operator": "LNM/BSG",
              "public_transport:version": "2",
              "ref": "3212",
              "route": "ferry",
              "to": "Neuchâtel",
              "type": "route",
              "website": "https://www.lnm.ch/Unsere-Fahrten"
            }
          },
          {
            "role": "",
            "rel": 18644537,
            "reltags": {
              "bicycle": "yes",
              "duration": "01:25",
              "foot": "yes",
              "from": "Neuchâtel",
              "motor_vehicle": "no",
              "name": "3212: Neuchâtel-Morat/Murten Course 23,24",
              "operator": "LNM",
              "public_transport:version": "2",
              "ref": "3212",
              "route": "ferry",
              "to": "Morat/Murten",
              "type": "route",
              "website": "https://www.lnm.ch/Unsere-Fahrten"
            }
          }
        ]
      },
      "geometry": {
        "type": "LineString",
        "coordinates": [
          [
            7.1164789,
            46.9307331
          ],
          [
            7.1161687,
            46.9316179
          ],
          [
            7.1160213,
            46.9319019
          ],
          [
            7.1149289,
            46.933389
          ],
          [
            7.1143663,
            46.9345649
          ],
          [
            7.1138238,
            46.9365759
          ],
          [
            7.1135448,
            46.9386123
          ],
          [
            7.11339,
            46.9406671
          ],
          [
            7.113459,
            46.9427144
          ],
          [
            7.1140122,
            46.9455015
          ],
          [
            7.1147464,
            46.9482225
          ],
          [
            7.1153855,
            46.949918
          ],
          [
            7.1161365,
            46.9515805
          ],
          [
            7.1169412,
            46.9529354
          ],
          [
            7.1179926,
            46.9542536
          ],
          [
            7.1183128,
            46.955002
          ],
          [
            7.1186964,
            46.9567404
          ],
          [
            7.1187829,
            46.9571715
          ],
          [
            7.118828,
            46.957726
          ],
          [
            7.1187592,
            46.9580904
          ],
          [
            7.1186475,
            46.9583949
          ],
          [
            7.1179671,
            46.959464
          ],
          [
            7.1154532,
            46.9630358
          ],
          [
            7.1143711,
            46.9642105
          ]
        ]
      },
      "id": "way/37553229"
    },
    {
      "type": "Feature",
      "properties": {
        "@id": "way/37585908",
        "name": "Môtier-Morat/Murten",
        "route": "ferry",
        "@relations": [
          {
            "role": "",
            "rel": 18642519,
            "reltags": {
              "bicycle": "yes",
              "duration": "01:40",
              "foot": "yes",
              "from": "Neuchâtel",
              "motor_vehicle": "no",
              "name": "3212: Neuchâtel-Morat/Murten Course 4",
              "operator": "LNM",
              "public_transport:version": "2",
              "ref": "3212",
              "route": "ferry",
              "to": "Morat/Murten",
              "type": "route",
              "website": "https://www.lnm.ch/Unsere-Fahrten"
            }
          },
          {
            "role": "",
            "rel": 18669862,
            "reltags": {
              "bicycle": "yes",
              "duration": "01:45",
              "foot": "yes",
              "from": "Morat/Murten",
              "motor_vehicle": "no",
              "name": "3212: Morat/Murten-Neuchâtel Course 1,26",
              "operator": "LNM",
              "public_transport:version": "2",
              "ref": "3212",
              "route": "ferry",
              "to": "Neuchâtel",
              "type": "route",
              "website": "https://www.lnm.ch/TicketCms/Search"
            }
          }
        ]
      },
      "geometry": {
        "type": "LineString",
        "coordinates": [
          [
            7.0841856,
            46.9467024
          ],
          [
            7.088165,
            46.9436023
          ],
          [
            7.0950873,
            46.9400585
          ],
          [
            7.1030946,
            46.9370804
          ],
          [
            7.111094,
            46.9340301
          ],
          [
            7.1139972,
            46.9328699
          ],
          [
            7.1148303,
            46.9324019
          ],
          [
            7.1156155,
            46.9317683
          ],
          [
            7.1158308,
            46.9315374
          ],
          [
            7.1164789,
            46.9307331
          ]
        ]
      },
      "id": "way/37585908"
    },
    {
      "type": "Feature",
      "properties": {
        "@id": "way/176365166",
        "name": "Praz-Morart/Murten",
        "route": "ferry",
        "@relations": [
          {
            "role": "",
            "rel": 18642523,
            "reltags": {
              "bicycle": "yes",
              "foot": "yes",
              "from": "Murten/Morat",
              "motor_vehicle": "no",
              "name": "3213: Morat-Morat Course 611,613,615,617",
              "operator": "LNM",
              "public_transport:version": "2",
              "ref": "3213",
              "route": "ferry",
              "to": "Murten/Morat",
              "type": "route",
              "via": "Vallamand",
              "website": "https://www.lnm.ch/Unsere-Fahrten"
            }
          }
        ]
      },
      "geometry": {
        "type": "LineString",
        "coordinates": [
          [
            7.0972774,
            46.9515105
          ],
          [
            7.1085875,
            46.9397159
          ],
          [
            7.114381,
            46.9332692
          ],
          [
            7.1157884,
            46.9318391
          ],
          [
            7.1159917,
            46.9315813
          ],
          [
            7.1164789,
            46.9307331
          ]
        ]
      },
      "id": "way/176365166"
    },
    {
      "type": "Feature",
      "properties": {
        "@id": "way/1356235292",
        "name": "Môtier-Praz",
        "route": "ferry",
        "@relations": [
          {
            "role": "",
            "rel": 18642519,
            "reltags": {
              "bicycle": "yes",
              "duration": "01:40",
              "foot": "yes",
              "from": "Neuchâtel",
              "motor_vehicle": "no",
              "name": "3212: Neuchâtel-Morat/Murten Course 4",
              "operator": "LNM",
              "public_transport:version": "2",
              "ref": "3212",
              "route": "ferry",
              "to": "Morat/Murten",
              "type": "route",
              "website": "https://www.lnm.ch/Unsere-Fahrten"
            }
          },
          {
            "role": "",
            "rel": 18642523,
            "reltags": {
              "bicycle": "yes",
              "foot": "yes",
              "from": "Murten/Morat",
              "motor_vehicle": "no",
              "name": "3213: Morat-Morat Course 611,613,615,617",
              "operator": "LNM",
              "public_transport:version": "2",
              "ref": "3213",
              "route": "ferry",
              "to": "Murten/Morat",
              "type": "route",
              "via": "Vallamand",
              "website": "https://www.lnm.ch/Unsere-Fahrten"
            }
          },
          {
            "role": "",
            "rel": 18669862,
            "reltags": {
              "bicycle": "yes",
              "duration": "01:45",
              "foot": "yes",
              "from": "Morat/Murten",
              "motor_vehicle": "no",
              "name": "3212: Morat/Murten-Neuchâtel Course 1,26",
              "operator": "LNM",
              "public_transport:version": "2",
              "ref": "3212",
              "route": "ferry",
              "to": "Neuchâtel",
              "type": "route",
              "website": "https://www.lnm.ch/TicketCms/Search"
            }
          }
        ]
      },
      "geometry": {
        "type": "LineString",
        "coordinates": [
          [
            7.0972774,
            46.9515105
          ],
          [
            7.0976297,
            46.9502687
          ],
          [
            7.0975327,
            46.9494713
          ],
          [
            7.0971577,
            46.9487892
          ],
          [
            7.0958809,
            46.9479103
          ],
          [
            7.0917825,
            46.9464894
          ],
          [
            7.0878343,
            46.9463576
          ],
          [
            7.0841856,
            46.9467024
          ]
        ]
      },
      "id": "way/1356235292"
    },
    {
      "type": "Feature",
      "properties": {
        "@id": "way/176375195",
        "motor_vehicle": "no",
        "name": "Sugiez-Praz",
        "route": "ferry",
        "@relations": [
          {
            "role": "",
            "rel": 18642519,
            "reltags": {
              "bicycle": "yes",
              "duration": "01:40",
              "foot": "yes",
              "from": "Neuchâtel",
              "motor_vehicle": "no",
              "name": "3212: Neuchâtel-Morat/Murten Course 4",
              "operator": "LNM",
              "public_transport:version": "2",
              "ref": "3212",
              "route": "ferry",
              "to": "Morat/Murten",
              "type": "route",
              "website": "https://www.lnm.ch/Unsere-Fahrten"
            }
          },
          {
            "role": "",
            "rel": 18669862,
            "reltags": {
              "bicycle": "yes",
              "duration": "01:45",
              "foot": "yes",
              "from": "Morat/Murten",
              "motor_vehicle": "no",
              "name": "3212: Morat/Murten-Neuchâtel Course 1,26",
              "operator": "LNM",
              "public_transport:version": "2",
              "ref": "3212",
              "route": "ferry",
              "to": "Neuchâtel",
              "type": "route",
              "website": "https://www.lnm.ch/TicketCms/Search"
            }
          }
        ]
      },
      "geometry": {
        "type": "LineString",
        "coordinates": [
          [
            7.0972774,
            46.9515105
          ],
          [
            7.0995931,
            46.9509278
          ],
          [
            7.102683,
            46.9506348
          ],
          [
            7.1040881,
            46.9505991
          ],
          [
            7.1054236,
            46.9506831
          ],
          [
            7.1074033,
            46.9511851
          ],
          [
            7.115175,
            46.95372
          ],
          [
            7.1171451,
            46.9543635
          ],
          [
            7.117939,
            46.9547296
          ],
          [
            7.11824,
            46.9550233
          ],
          [
            7.1186367,
            46.9567573
          ],
          [
            7.1187108,
            46.9571762
          ],
          [
            7.1187554,
            46.9577242
          ],
          [
            7.1186879,
            46.9580812
          ],
          [
            7.1185787,
            46.958379
          ],
          [
            7.1179013,
            46.9594435
          ],
          [
            7.1153898,
            46.9630118
          ],
          [
            7.1144504,
            46.9640279
          ],
          [
            7.1143711,
            46.9642105
          ]
        ]
      },
      "id": "way/176375195"
    },
    {
      "type": "Feature",
      "properties": {
        "@id": "node/29906979",
        "amenity": "ferry_terminal",
        "ele": "430",
        "ferry": "yes",
        "name": "Motier",
        "operator": "LNM",
        "public_transport": "stop_position",
        "uic_name": "Môtier (Vully)",
        "uic_ref": "8504574",
        "@relations": [
          {
            "role": "stop",
            "rel": 18642519,
            "reltags": {
              "bicycle": "yes",
              "duration": "01:40",
              "foot": "yes",
              "from": "Neuchâtel",
              "motor_vehicle": "no",
              "name": "3212: Neuchâtel-Morat/Murten Course 4",
              "operator": "LNM",
              "public_transport:version": "2",
              "ref": "3212",
              "route": "ferry",
              "to": "Morat/Murten",
              "type": "route",
              "website": "https://www.lnm.ch/Unsere-Fahrten"
            }
          },
          {
            "role": "stop",
            "rel": 18642523,
            "reltags": {
              "bicycle": "yes",
              "foot": "yes",
              "from": "Murten/Morat",
              "motor_vehicle": "no",
              "name": "3213: Morat-Morat Course 611,613,615,617",
              "operator": "LNM",
              "public_transport:version": "2",
              "ref": "3213",
              "route": "ferry",
              "to": "Murten/Morat",
              "type": "route",
              "via": "Vallamand",
              "website": "https://www.lnm.ch/Unsere-Fahrten"
            }
          }
        ]
      },
      "geometry": {
        "type": "Point",
        "coordinates": [
          7.0841856,
          46.9467024
        ]
      },
      "id": "node/29906979"
    },
    {
      "type": "Feature",
      "properties": {
        "@id": "node/270483646",
        "@relations": [
          {
            "role": "stop",
            "rel": 18638846,
            "reltags": {
              "bicycle": "yes",
              "duration": "03:15",
              "foot": "yes",
              "from": "Biel/Bienne",
              "motor_vehicle": "no",
              "name": "3215: Biel/Bienne-Murten Kurs BSG,301",
              "operator": "BSG",
              "public_transport:version": "2",
              "ref": "3215",
              "route": "ferry",
              "to": "Murten",
              "type": "route",
              "website": "https://bielersee.ch/fahrplan"
            }
          }
        ]
      },
      "geometry": {
        "type": "Point",
        "coordinates": [
          7.0935328,
          47.0612927
        ]
      },
      "id": "node/270483646"
    },
    {
      "type": "Feature",
      "properties": {
        "@id": "node/270483648",
        "@relations": [
          {
            "role": "stop",
            "rel": 18638846,
            "reltags": {
              "bicycle": "yes",
              "duration": "03:15",
              "foot": "yes",
              "from": "Biel/Bienne",
              "motor_vehicle": "no",
              "name": "3215: Biel/Bienne-Murten Kurs BSG,301",
              "operator": "BSG",
              "public_transport:version": "2",
              "ref": "3215",
              "route": "ferry",
              "to": "Murten",
              "type": "route",
              "website": "https://bielersee.ch/fahrplan"
            }
          }
        ]
      },
      "geometry": {
        "type": "Point",
        "coordinates": [
          7.1353741,
          47.0683582
        ]
      },
      "id": "node/270483648"
    },
    {
      "type": "Feature",
      "properties": {
        "@id": "node/270483649",
        "@relations": [
          {
            "role": "stop",
            "rel": 18638846,
            "reltags": {
              "bicycle": "yes",
              "duration": "03:15",
              "foot": "yes",
              "from": "Biel/Bienne",
              "motor_vehicle": "no",
              "name": "3215: Biel/Bienne-Murten Kurs BSG,301",
              "operator": "BSG",
              "public_transport:version": "2",
              "ref": "3215",
              "route": "ferry",
              "to": "Murten",
              "type": "route",
              "website": "https://bielersee.ch/fahrplan"
            }
          }
        ]
      },
      "geometry": {
        "type": "Point",
        "coordinates": [
          7.1355205,
          47.0832911
        ]
      },
      "id": "node/270483649"
    },
    {
      "type": "Feature",
      "properties": {
        "@id": "node/270483651",
        "@relations": [
          {
            "role": "stop",
            "rel": 18638846,
            "reltags": {
              "bicycle": "yes",
              "duration": "03:15",
              "foot": "yes",
              "from": "Biel/Bienne",
              "motor_vehicle": "no",
              "name": "3215: Biel/Bienne-Murten Kurs BSG,301",
              "operator": "BSG",
              "public_transport:version": "2",
              "ref": "3215",
              "route": "ferry",
              "to": "Murten",
              "type": "route",
              "website": "https://bielersee.ch/fahrplan"
            }
          }
        ]
      },
      "geometry": {
        "type": "Point",
        "coordinates": [
          7.1570487,
          47.09334
        ]
      },
      "id": "node/270483651"
    },
    {
      "type": "Feature",
      "properties": {
        "@id": "node/270483655",
        "@relations": [
          {
            "role": "stop",
            "rel": 18638846,
            "reltags": {
              "bicycle": "yes",
              "duration": "03:15",
              "foot": "yes",
              "from": "Biel/Bienne",
              "motor_vehicle": "no",
              "name": "3215: Biel/Bienne-Murten Kurs BSG,301",
              "operator": "BSG",
              "public_transport:version": "2",
              "ref": "3215",
              "route": "ferry",
              "to": "Murten",
              "type": "route",
              "website": "https://bielersee.ch/fahrplan"
            }
          }
        ]
      },
      "geometry": {
        "type": "Point",
        "coordinates": [
          7.2357925,
          47.1311447
        ]
      },
      "id": "node/270483655"
    },
    {
      "type": "Feature",
      "properties": {
        "@id": "node/411508286",
        "amenity": "ferry_terminal",
        "cargo": "passengers",
        "category": "passenger",
        "ele": "430",
        "ferry": "yes",
        "harbour": "yes",
        "name": "Faoug",
        "name:de": "Pfauen",
        "name:fr": "Faoug",
        "operator": "LNM",
        "public_transport": "stop_position",
        "uic_name": "Faoug débarcadère",
        "uic_ref": "8530821",
        "@relations": [
          {
            "role": "stop",
            "rel": 18642523,
            "reltags": {
              "bicycle": "yes",
              "foot": "yes",
              "from": "Murten/Morat",
              "motor_vehicle": "no",
              "name": "3213: Morat-Morat Course 611,613,615,617",
              "operator": "LNM",
              "public_transport:version": "2",
              "ref": "3213",
              "route": "ferry",
              "to": "Murten/Morat",
              "type": "route",
              "via": "Vallamand",
              "website": "https://www.lnm.ch/Unsere-Fahrten"
            }
          }
        ]
      },
      "geometry": {
        "type": "Point",
        "coordinates": [
          7.0760147,
          46.9113756
        ]
      },
      "id": "node/411508286"
    },
    {
      "type": "Feature",
      "properties": {
        "@id": "node/440605004",
        "amenity": "ferry_terminal",
        "ele": "430",
        "ferry": "yes",
        "name": "Murten/Morat (Schiff/bateau)",
        "name:de": "Murten",
        "name:fr": "Morat",
        "operator": "LNM",
        "public_transport": "stop_position",
        "uic_name": "Murten/Morat (Schiff/bateau)",
        "uic_ref": "8504577",
        "website": "https://www.navig.ch",
        "@relations": [
          {
            "role": "stop",
            "rel": 18638844,
            "reltags": {
              "bicycle": "yes",
              "duration": "01:20",
              "foot": "yes",
              "from": "Neuchâtel",
              "motor_vehicle": "no",
              "name": "3215: Murten Neuchâtel Kurs BSG,302",
              "operator": "BSG",
              "public_transport:version": "2",
              "ref": "3215",
              "route": "ferry",
              "to": "Murten",
              "type": "route",
              "website": "https://www.bielersee.ch/fahrplan"
            }
          },
          {
            "role": "stop",
            "rel": 18638846,
            "reltags": {
              "bicycle": "yes",
              "duration": "03:15",
              "foot": "yes",
              "from": "Biel/Bienne",
              "motor_vehicle": "no",
              "name": "3215: Biel/Bienne-Murten Kurs BSG,301",
              "operator": "BSG",
              "public_transport:version": "2",
              "ref": "3215",
              "route": "ferry",
              "to": "Murten",
              "type": "route",
              "website": "https://bielersee.ch/fahrplan"
            }
          },
          {
            "role": "stop",
            "rel": 18642519,
            "reltags": {
              "bicycle": "yes",
              "duration": "01:40",
              "foot": "yes",
              "from": "Neuchâtel",
              "motor_vehicle": "no",
              "name": "3212: Neuchâtel-Morat/Murten Course 4",
              "operator": "LNM",
              "public_transport:version": "2",
              "ref": "3212",
              "route": "ferry",
              "to": "Morat/Murten",
              "type": "route",
              "website": "https://www.lnm.ch/Unsere-Fahrten"
            }
          },
          {
            "role": "stop",
            "rel": 18642520,
            "reltags": {
              "bicycle": "yes",
              "duration": "01:22",
              "foot": "yes",
              "from": "Neuchâtel",
              "motor_vehicle": "no",
              "name": "3212: Neuchâtel-Morat/Murten Course 21",
              "operator": "LNM",
              "public_transport:version": "2",
              "ref": "3212",
              "route": "ferry",
              "to": "Morat/Murten",
              "type": "route",
              "website": "https://www.lnm.ch/Unsere-Fahrten"
            }
          },
          {
            "role": "stop",
            "rel": 18642523,
            "reltags": {
              "bicycle": "yes",
              "foot": "yes",
              "from": "Murten/Morat",
              "motor_vehicle": "no",
              "name": "3213: Morat-Morat Course 611,613,615,617",
              "operator": "LNM",
              "public_transport:version": "2",
              "ref": "3213",
              "route": "ferry",
              "to": "Murten/Morat",
              "type": "route",
              "via": "Vallamand",
              "website": "https://www.lnm.ch/Unsere-Fahrten"
            }
          },
          {
            "role": "stop",
            "rel": 18642523,
            "reltags": {
              "bicycle": "yes",
              "foot": "yes",
              "from": "Murten/Morat",
              "motor_vehicle": "no",
              "name": "3213: Morat-Morat Course 611,613,615,617",
              "operator": "LNM",
              "public_transport:version": "2",
              "ref": "3213",
              "route": "ferry",
              "to": "Murten/Morat",
              "type": "route",
              "via": "Vallamand",
              "website": "https://www.lnm.ch/Unsere-Fahrten"
            }
          },
          {
            "role": "stop",
            "rel": 18644537,
            "reltags": {
              "bicycle": "yes",
              "duration": "01:25",
              "foot": "yes",
              "from": "Neuchâtel",
              "motor_vehicle": "no",
              "name": "3212: Neuchâtel-Morat/Murten Course 23,24",
              "operator": "LNM",
              "public_transport:version": "2",
              "ref": "3212",
              "route": "ferry",
              "to": "Morat/Murten",
              "type": "route",
              "website": "https://www.lnm.ch/Unsere-Fahrten"
            }
          },
          {
            "role": "stop",
            "rel": 18669862,
            "reltags": {
              "bicycle": "yes",
              "duration": "01:45",
              "foot": "yes",
              "from": "Morat/Murten",
              "motor_vehicle": "no",
              "name": "3212: Morat/Murten-Neuchâtel Course 1,26",
              "operator": "LNM",
              "public_transport:version": "2",
              "ref": "3212",
              "route": "ferry",
              "to": "Neuchâtel",
              "type": "route",
              "website": "https://www.lnm.ch/TicketCms/Search"
            }
          }
        ]
      },
      "geometry": {
        "type": "Point",
        "coordinates": [
          7.1164789,
          46.9307331
        ]
      },
      "id": "node/440605004"
    },
    {
      "type": "Feature",
      "properties": {
        "@id": "node/440605005",
        "amenity": "ferry_terminal",
        "ele": "430",
        "ferry": "yes",
        "name": "Vallamand",
        "operator": "LNM",
        "public_transport": "stop_position",
        "uic_name": "Vallamand",
        "uic_ref": "8504575",
        "@relations": [
          {
            "role": "stop",
            "rel": 18642523,
            "reltags": {
              "bicycle": "yes",
              "foot": "yes",
              "from": "Murten/Morat",
              "motor_vehicle": "no",
              "name": "3213: Morat-Morat Course 611,613,615,617",
              "operator": "LNM",
              "public_transport:version": "2",
              "ref": "3213",
              "route": "ferry",
              "to": "Murten/Morat",
              "type": "route",
              "via": "Vallamand",
              "website": "https://www.lnm.ch/Unsere-Fahrten"
            }
          }
        ]
      },
      "geometry": {
        "type": "Point",
        "coordinates": [
          7.0380776,
          46.9238647
        ]
      },
      "id": "node/440605005"
    },
    {
      "type": "Feature",
      "properties": {
        "@id": "node/440607028",
        "amenity": "ferry_terminal",
        "ele": "430",
        "ferry": "yes",
        "name": "Praz (Vully)",
        "operator": "LNM",
        "public_transport": "stop_position",
        "uic_name": "Praz",
        "uic_ref": "8504573",
        "@relations": [
          {
            "role": "stop",
            "rel": 18642519,
            "reltags": {
              "bicycle": "yes",
              "duration": "01:40",
              "foot": "yes",
              "from": "Neuchâtel",
              "motor_vehicle": "no",
              "name": "3212: Neuchâtel-Morat/Murten Course 4",
              "operator": "LNM",
              "public_transport:version": "2",
              "ref": "3212",
              "route": "ferry",
              "to": "Morat/Murten",
              "type": "route",
              "website": "https://www.lnm.ch/Unsere-Fahrten"
            }
          },
          {
            "role": "stop",
            "rel": 18642523,
            "reltags": {
              "bicycle": "yes",
              "foot": "yes",
              "from": "Murten/Morat",
              "motor_vehicle": "no",
              "name": "3213: Morat-Morat Course 611,613,615,617",
              "operator": "LNM",
              "public_transport:version": "2",
              "ref": "3213",
              "route": "ferry",
              "to": "Murten/Morat",
              "type": "route",
              "via": "Vallamand",
              "website": "https://www.lnm.ch/Unsere-Fahrten"
            }
          }
        ]
      },
      "geometry": {
        "type": "Point",
        "coordinates": [
          7.0972774,
          46.9515105
        ]
      },
      "id": "node/440607028"
    },
    {
      "type": "Feature",
      "properties": {
        "@id": "node/440608219",
        "@relations": [
          {
            "role": "stop",
            "rel": 18638846,
            "reltags": {
              "bicycle": "yes",
              "duration": "03:15",
              "foot": "yes",
              "from": "Biel/Bienne",
              "motor_vehicle": "no",
              "name": "3215: Biel/Bienne-Murten Kurs BSG,301",
              "operator": "BSG",
              "public_transport:version": "2",
              "ref": "3215",
              "route": "ferry",
              "to": "Murten",
              "type": "route",
              "website": "https://bielersee.ch/fahrplan"
            }
          }
        ]
      },
      "geometry": {
        "type": "Point",
        "coordinates": [
          7.0973536,
          47.0493995
        ]
      },
      "id": "node/440608219"
    },
    {
      "type": "Feature",
      "properties": {
        "@id": "node/440608236",
        "@relations": [
          {
            "role": "stop",
            "rel": 18638846,
            "reltags": {
              "bicycle": "yes",
              "duration": "03:15",
              "foot": "yes",
              "from": "Biel/Bienne",
              "motor_vehicle": "no",
              "name": "3215: Biel/Bienne-Murten Kurs BSG,301",
              "operator": "BSG",
              "public_transport:version": "2",
              "ref": "3215",
              "route": "ferry",
              "to": "Murten",
              "type": "route",
              "website": "https://bielersee.ch/fahrplan"
            }
          }
        ]
      },
      "geometry": {
        "type": "Point",
        "coordinates": [
          7.1777881,
          47.1020359
        ]
      },
      "id": "node/440608236"
    },
    {
      "type": "Feature",
      "properties": {
        "@id": "node/440610525",
        "@relations": [
          {
            "role": "stop",
            "rel": 18638844,
            "reltags": {
              "bicycle": "yes",
              "duration": "01:20",
              "foot": "yes",
              "from": "Neuchâtel",
              "motor_vehicle": "no",
              "name": "3215: Murten Neuchâtel Kurs BSG,302",
              "operator": "BSG",
              "public_transport:version": "2",
              "ref": "3215",
              "route": "ferry",
              "to": "Murten",
              "type": "route",
              "website": "https://www.bielersee.ch/fahrplan"
            }
          },
          {
            "role": "stop",
            "rel": 18638846,
            "reltags": {
              "bicycle": "yes",
              "duration": "03:15",
              "foot": "yes",
              "from": "Biel/Bienne",
              "motor_vehicle": "no",
              "name": "3215: Biel/Bienne-Murten Kurs BSG,301",
              "operator": "BSG",
              "public_transport:version": "2",
              "ref": "3215",
              "route": "ferry",
              "to": "Murten",
              "type": "route",
              "website": "https://bielersee.ch/fahrplan"
            }
          },
          {
            "role": "stop",
            "rel": 18642519,
            "reltags": {
              "bicycle": "yes",
              "duration": "01:40",
              "foot": "yes",
              "from": "Neuchâtel",
              "motor_vehicle": "no",
              "name": "3212: Neuchâtel-Morat/Murten Course 4",
              "operator": "LNM",
              "public_transport:version": "2",
              "ref": "3212",
              "route": "ferry",
              "to": "Morat/Murten",
              "type": "route",
              "website": "https://www.lnm.ch/Unsere-Fahrten"
            }
          },
          {
            "role": "stop",
            "rel": 18642520,
            "reltags": {
              "bicycle": "yes",
              "duration": "01:22",
              "foot": "yes",
              "from": "Neuchâtel",
              "motor_vehicle": "no",
              "name": "3212: Neuchâtel-Morat/Murten Course 21",
              "operator": "LNM",
              "public_transport:version": "2",
              "ref": "3212",
              "route": "ferry",
              "to": "Morat/Murten",
              "type": "route",
              "website": "https://www.lnm.ch/Unsere-Fahrten"
            }
          },
          {
            "role": "stop",
            "rel": 18644536,
            "reltags": {
              "bicycle": "yes",
              "duration": "01:20",
              "foot": "yes",
              "from": "Morat/Murten",
              "motor_vehicle": "no",
              "name": "3212: Morat/Murten-Neuchâtel Course 302/BSG",
              "operator": "LNM/BSG",
              "public_transport:version": "2",
              "ref": "3212",
              "route": "ferry",
              "to": "Neuchâtel",
              "type": "route",
              "website": "https://www.lnm.ch/Unsere-Fahrten"
            }
          },
          {
            "role": "stop",
            "rel": 18644537,
            "reltags": {
              "bicycle": "yes",
              "duration": "01:25",
              "foot": "yes",
              "from": "Neuchâtel",
              "motor_vehicle": "no",
              "name": "3212: Neuchâtel-Morat/Murten Course 23,24",
              "operator": "LNM",
              "public_transport:version": "2",
              "ref": "3212",
              "route": "ferry",
              "to": "Morat/Murten",
              "type": "route",
              "website": "https://www.lnm.ch/Unsere-Fahrten"
            }
          }
        ]
      },
      "geometry": {
        "type": "Point",
        "coordinates": [
          7.0541014,
          46.9758117
        ]
      },
      "id": "node/440610525"
    },
    {
      "type": "Feature",
      "properties": {
        "@id": "node/440613534",
        "@relations": [
          {
            "role": "stop",
            "rel": 18638846,
            "reltags": {
              "bicycle": "yes",
              "duration": "03:15",
              "foot": "yes",
              "from": "Biel/Bienne",
              "motor_vehicle": "no",
              "name": "3215: Biel/Bienne-Murten Kurs BSG,301",
              "operator": "BSG",
              "public_transport:version": "2",
              "ref": "3215",
              "route": "ferry",
              "to": "Murten",
              "type": "route",
              "website": "https://bielersee.ch/fahrplan"
            }
          }
        ]
      },
      "geometry": {
        "type": "Point",
        "coordinates": [
          7.0331618,
          47.0196787
        ]
      },
      "id": "node/440613534"
    },
    {
      "type": "Feature",
      "properties": {
        "@id": "node/440613536",
        "@relations": [
          {
            "role": "stop",
            "rel": 18638846,
            "reltags": {
              "bicycle": "yes",
              "duration": "03:15",
              "foot": "yes",
              "from": "Biel/Bienne",
              "motor_vehicle": "no",
              "name": "3215: Biel/Bienne-Murten Kurs BSG,301",
              "operator": "BSG",
              "public_transport:version": "2",
              "ref": "3215",
              "route": "ferry",
              "to": "Murten",
              "type": "route",
              "website": "https://bielersee.ch/fahrplan"
            }
          }
        ]
      },
      "geometry": {
        "type": "Point",
        "coordinates": [
          7.0762905,
          47.0511431
        ]
      },
      "id": "node/440613536"
    },
    {
      "type": "Feature",
      "properties": {
        "@id": "node/440617750",
        "@relations": [
          {
            "role": "stop",
            "rel": 18638844,
            "reltags": {
              "bicycle": "yes",
              "duration": "01:20",
              "foot": "yes",
              "from": "Neuchâtel",
              "motor_vehicle": "no",
              "name": "3215: Murten Neuchâtel Kurs BSG,302",
              "operator": "BSG",
              "public_transport:version": "2",
              "ref": "3215",
              "route": "ferry",
              "to": "Murten",
              "type": "route",
              "website": "https://www.bielersee.ch/fahrplan"
            }
          },
          {
            "role": "stop",
            "rel": 18642519,
            "reltags": {
              "bicycle": "yes",
              "duration": "01:40",
              "foot": "yes",
              "from": "Neuchâtel",
              "motor_vehicle": "no",
              "name": "3212: Neuchâtel-Morat/Murten Course 4",
              "operator": "LNM",
              "public_transport:version": "2",
              "ref": "3212",
              "route": "ferry",
              "to": "Morat/Murten",
              "type": "route",
              "website": "https://www.lnm.ch/Unsere-Fahrten"
            }
          },
          {
            "role": "stop",
            "rel": 18642520,
            "reltags": {
              "bicycle": "yes",
              "duration": "01:22",
              "foot": "yes",
              "from": "Neuchâtel",
              "motor_vehicle": "no",
              "name": "3212: Neuchâtel-Morat/Murten Course 21",
              "operator": "LNM",
              "public_transport:version": "2",
              "ref": "3212",
              "route": "ferry",
              "to": "Morat/Murten",
              "type": "route",
              "website": "https://www.lnm.ch/Unsere-Fahrten"
            }
          },
          {
            "role": "stop",
            "rel": 18644536,
            "reltags": {
              "bicycle": "yes",
              "duration": "01:20",
              "foot": "yes",
              "from": "Morat/Murten",
              "motor_vehicle": "no",
              "name": "3212: Morat/Murten-Neuchâtel Course 302/BSG",
              "operator": "LNM/BSG",
              "public_transport:version": "2",
              "ref": "3212",
              "route": "ferry",
              "to": "Neuchâtel",
              "type": "route",
              "website": "https://www.lnm.ch/Unsere-Fahrten"
            }
          },
          {
            "role": "stop",
            "rel": 18644537,
            "reltags": {
              "bicycle": "yes",
              "duration": "01:25",
              "foot": "yes",
              "from": "Neuchâtel",
              "motor_vehicle": "no",
              "name": "3212: Neuchâtel-Morat/Murten Course 23,24",
              "operator": "LNM",
              "public_transport:version": "2",
              "ref": "3212",
              "route": "ferry",
              "to": "Morat/Murten",
              "type": "route",
              "website": "https://www.lnm.ch/Unsere-Fahrten"
            }
          }
        ]
      },
      "geometry": {
        "type": "Point",
        "coordinates": [
          6.9332432,
          46.990931
        ]
      },
      "id": "node/440617750"
    },
    {
      "type": "Feature",
      "properties": {
        "@id": "node/497048354",
        "@relations": [
          {
            "role": "stop",
            "rel": 18638846,
            "reltags": {
              "bicycle": "yes",
              "duration": "03:15",
              "foot": "yes",
              "from": "Biel/Bienne",
              "motor_vehicle": "no",
              "name": "3215: Biel/Bienne-Murten Kurs BSG,301",
              "operator": "BSG",
              "public_transport:version": "2",
              "ref": "3215",
              "route": "ferry",
              "to": "Murten",
              "type": "route",
              "website": "https://bielersee.ch/fahrplan"
            }
          }
        ]
      },
      "geometry": {
        "type": "Point",
        "coordinates": [
          7.1937804,
          47.1124025
        ]
      },
      "id": "node/497048354"
    },
    {
      "type": "Feature",
      "properties": {
        "@id": "node/559606396",
        "@relations": [
          {
            "role": "stop",
            "rel": 18638846,
            "reltags": {
              "bicycle": "yes",
              "duration": "03:15",
              "foot": "yes",
              "from": "Biel/Bienne",
              "motor_vehicle": "no",
              "name": "3215: Biel/Bienne-Murten Kurs BSG,301",
              "operator": "BSG",
              "public_transport:version": "2",
              "ref": "3215",
              "route": "ferry",
              "to": "Murten",
              "type": "route",
              "website": "https://bielersee.ch/fahrplan"
            }
          }
        ]
      },
      "geometry": {
        "type": "Point",
        "coordinates": [
          7.0228084,
          47.0047268
        ]
      },
      "id": "node/559606396"
    },
    {
      "type": "Feature",
      "properties": {
        "@id": "node/709041737",
        "@relations": [
          {
            "role": "stop",
            "rel": 18638844,
            "reltags": {
              "bicycle": "yes",
              "duration": "01:20",
              "foot": "yes",
              "from": "Neuchâtel",
              "motor_vehicle": "no",
              "name": "3215: Murten Neuchâtel Kurs BSG,302",
              "operator": "BSG",
              "public_transport:version": "2",
              "ref": "3215",
              "route": "ferry",
              "to": "Murten",
              "type": "route",
              "website": "https://www.bielersee.ch/fahrplan"
            }
          },
          {
            "role": "stop",
            "rel": 18638846,
            "reltags": {
              "bicycle": "yes",
              "duration": "03:15",
              "foot": "yes",
              "from": "Biel/Bienne",
              "motor_vehicle": "no",
              "name": "3215: Biel/Bienne-Murten Kurs BSG,301",
              "operator": "BSG",
              "public_transport:version": "2",
              "ref": "3215",
              "route": "ferry",
              "to": "Murten",
              "type": "route",
              "website": "https://bielersee.ch/fahrplan"
            }
          },
          {
            "role": "stop",
            "rel": 18642519,
            "reltags": {
              "bicycle": "yes",
              "duration": "01:40",
              "foot": "yes",
              "from": "Neuchâtel",
              "motor_vehicle": "no",
              "name": "3212: Neuchâtel-Morat/Murten Course 4",
              "operator": "LNM",
              "public_transport:version": "2",
              "ref": "3212",
              "route": "ferry",
              "to": "Morat/Murten",
              "type": "route",
              "website": "https://www.lnm.ch/Unsere-Fahrten"
            }
          },
          {
            "role": "stop",
            "rel": 18642520,
            "reltags": {
              "bicycle": "yes",
              "duration": "01:22",
              "foot": "yes",
              "from": "Neuchâtel",
              "motor_vehicle": "no",
              "name": "3212: Neuchâtel-Morat/Murten Course 21",
              "operator": "LNM",
              "public_transport:version": "2",
              "ref": "3212",
              "route": "ferry",
              "to": "Morat/Murten",
              "type": "route",
              "website": "https://www.lnm.ch/Unsere-Fahrten"
            }
          },
          {
            "role": "stop",
            "rel": 18644536,
            "reltags": {
              "bicycle": "yes",
              "duration": "01:20",
              "foot": "yes",
              "from": "Morat/Murten",
              "motor_vehicle": "no",
              "name": "3212: Morat/Murten-Neuchâtel Course 302/BSG",
              "operator": "LNM/BSG",
              "public_transport:version": "2",
              "ref": "3212",
              "route": "ferry",
              "to": "Neuchâtel",
              "type": "route",
              "website": "https://www.lnm.ch/Unsere-Fahrten"
            }
          },
          {
            "role": "stop",
            "rel": 18644537,
            "reltags": {
              "bicycle": "yes",
              "duration": "01:25",
              "foot": "yes",
              "from": "Neuchâtel",
              "motor_vehicle": "no",
              "name": "3212: Neuchâtel-Morat/Murten Course 23,24",
              "operator": "LNM",
              "public_transport:version": "2",
              "ref": "3212",
              "route": "ferry",
              "to": "Morat/Murten",
              "type": "route",
              "website": "https://www.lnm.ch/Unsere-Fahrten"
            }
          }
        ]
      },
      "geometry": {
        "type": "Point",
        "coordinates": [
          7.0931285,
          46.975588
        ]
      },
      "id": "node/709041737"
    },
    {
      "type": "Feature",
      "properties": {
        "@id": "node/983858046",
        "@relations": [
          {
            "role": "stop",
            "rel": 18638844,
            "reltags": {
              "bicycle": "yes",
              "duration": "01:20",
              "foot": "yes",
              "from": "Neuchâtel",
              "motor_vehicle": "no",
              "name": "3215: Murten Neuchâtel Kurs BSG,302",
              "operator": "BSG",
              "public_transport:version": "2",
              "ref": "3215",
              "route": "ferry",
              "to": "Murten",
              "type": "route",
              "website": "https://www.bielersee.ch/fahrplan"
            }
          },
          {
            "role": "stop",
            "rel": 18638846,
            "reltags": {
              "bicycle": "yes",
              "duration": "03:15",
              "foot": "yes",
              "from": "Biel/Bienne",
              "motor_vehicle": "no",
              "name": "3215: Biel/Bienne-Murten Kurs BSG,301",
              "operator": "BSG",
              "public_transport:version": "2",
              "ref": "3215",
              "route": "ferry",
              "to": "Murten",
              "type": "route",
              "website": "https://bielersee.ch/fahrplan"
            }
          },
          {
            "role": "stop",
            "rel": 18642519,
            "reltags": {
              "bicycle": "yes",
              "duration": "01:40",
              "foot": "yes",
              "from": "Neuchâtel",
              "motor_vehicle": "no",
              "name": "3212: Neuchâtel-Morat/Murten Course 4",
              "operator": "LNM",
              "public_transport:version": "2",
              "ref": "3212",
              "route": "ferry",
              "to": "Morat/Murten",
              "type": "route",
              "website": "https://www.lnm.ch/Unsere-Fahrten"
            }
          },
          {
            "role": "stop",
            "rel": 18642520,
            "reltags": {
              "bicycle": "yes",
              "duration": "01:22",
              "foot": "yes",
              "from": "Neuchâtel",
              "motor_vehicle": "no",
              "name": "3212: Neuchâtel-Morat/Murten Course 21",
              "operator": "LNM",
              "public_transport:version": "2",
              "ref": "3212",
              "route": "ferry",
              "to": "Morat/Murten",
              "type": "route",
              "website": "https://www.lnm.ch/Unsere-Fahrten"
            }
          },
          {
            "role": "stop",
            "rel": 18644536,
            "reltags": {
              "bicycle": "yes",
              "duration": "01:20",
              "foot": "yes",
              "from": "Morat/Murten",
              "motor_vehicle": "no",
              "name": "3212: Morat/Murten-Neuchâtel Course 302/BSG",
              "operator": "LNM/BSG",
              "public_transport:version": "2",
              "ref": "3212",
              "route": "ferry",
              "to": "Neuchâtel",
              "type": "route",
              "website": "https://www.lnm.ch/Unsere-Fahrten"
            }
          },
          {
            "role": "stop",
            "rel": 18644537,
            "reltags": {
              "bicycle": "yes",
              "duration": "01:25",
              "foot": "yes",
              "from": "Neuchâtel",
              "motor_vehicle": "no",
              "name": "3212: Neuchâtel-Morat/Murten Course 23,24",
              "operator": "LNM",
              "public_transport:version": "2",
              "ref": "3212",
              "route": "ferry",
              "to": "Morat/Murten",
              "type": "route",
              "website": "https://www.lnm.ch/Unsere-Fahrten"
            }
          }
        ]
      },
      "geometry": {
        "type": "Point",
        "coordinates": [
          7.1143711,
          46.9642105
        ]
      },
      "id": "node/983858046"
    }
  ]
}