{
  "type": "FeatureCollection",
  "generator": "overpass-turbo",
  "copyright": "The data included in this document is from www.openstreetmap.org. The data is made available under ODbL.",
  "timestamp": "2026-01-28T15:52:30Z",
  "features": [
    {
      "type": "Feature",
      "properties": {
        "@id": "relation/18638379",
        "bicycle": "yes",
        "duration": "02:25",
        "foot": "yes",
        "from": "Neuchâtel",
        "motor_vehicle": "no",
        "name": "3215: Neuchâtel-Biel/Bienne Kurs 302",
        "operator": "LMN",
        "public_transport:version": "2",
        "ref": "3215",
        "route": "ferry",
        "to": "Biel/Bienne",
        "type": "route",
        "website": "https://bielersee.ch/fahrplan"
      },
      "geometry": {
        "type": "LineString",
        "coordinates": [
          [
            6.9332432,
            46.990931
          ],
          [
            6.9345711,
            46.9896254
          ],
          [
            6.9367504,
            46.9891817
          ],
          [
            6.9388902,
            46.9888261
          ],
          [
            6.9444751,
            46.9884865
          ],
          [
            6.9499468,
            46.9884425
          ],
          [
            6.9626321,
            46.9888951
          ],
          [
            6.9745159,
            46.9901405
          ],
          [
            7.0034838,
            46.9941361
          ],
          [
            7.0109463,
            46.9955669
          ],
          [
            7.0126462,
            46.9961266
          ],
          [
            7.0141196,
            46.996918
          ],
          [
            7.0220517,
            47.0036216
          ],
          [
            7.0228084,
            47.0047268
          ],
          [
            7.0240589,
            47.0051494
          ],
          [
            7.0251038,
            47.0060672
          ],
          [
            7.0276262,
            47.0080635
          ],
          [
            7.0284293,
            47.008616
          ],
          [
            7.0308707,
            47.0108916
          ],
          [
            7.0317081,
            47.0122456
          ],
          [
            7.0323873,
            47.0135933
          ],
          [
            7.0333187,
            47.0157788
          ],
          [
            7.0336787,
            47.0180008
          ],
          [
            7.0331618,
            47.0196787
          ],
          [
            7.033562,
            47.0202524
          ],
          [
            7.0335594,
            47.0203198
          ],
          [
            7.0333684,
            47.0225979
          ],
          [
            7.0331316,
            47.0282679
          ],
          [
            7.0331988,
            47.0295131
          ],
          [
            7.033646,
            47.0307846
          ],
          [
            7.0349212,
            47.0322477
          ],
          [
            7.039198,
            47.0363301
          ],
          [
            7.0463696,
            47.0401345
          ],
          [
            7.0479192,
            47.0409434
          ],
          [
            7.0503743,
            47.0422248
          ],
          [
            7.0518174,
            47.0428359
          ],
          [
            7.0533144,
            47.0433119
          ],
          [
            7.0594469,
            47.044263
          ],
          [
            7.0600812,
            47.0443614
          ],
          [
            7.0626257,
            47.0444465
          ],
          [
            7.0654533,
            47.0450171
          ],
          [
            7.0693661,
            47.0471025
          ],
          [
            7.0718672,
            47.0489202
          ],
          [
            7.0743086,
            47.0497581
          ],
          [
            7.0757923,
            47.050526
          ],
          [
            7.0762905,
            47.0511431
          ],
          [
            7.0768117,
            47.051103
          ],
          [
            7.0784569,
            47.0519963
          ],
          [
            7.0792454,
            47.052307
          ],
          [
            7.0800934,
            47.0524997
          ],
          [
            7.082405,
            47.0526688
          ],
          [
            7.0842665,
            47.0525263
          ],
          [
            7.0882725,
            47.0522099
          ],
          [
            7.0929193,
            47.0511154
          ],
          [
            7.0973536,
            47.0493995
          ],
          [
            7.0958805,
            47.0520694
          ],
          [
            7.0945488,
            47.0551667
          ],
          [
            7.0938742,
            47.0582204
          ],
          [
            7.0935328,
            47.0612927
          ],
          [
            7.0945072,
            47.0605628
          ],
          [
            7.0956341,
            47.059948
          ],
          [
            7.0966101,
            47.0596419
          ],
          [
            7.09764,
            47.0594958
          ],
          [
            7.098906,
            47.0594665
          ],
          [
            7.1001939,
            47.0596776
          ],
          [
            7.1040563,
            47.0604961
          ],
          [
            7.1255139,
            47.0657582
          ],
          [
            7.1353741,
            47.0683582
          ],
          [
            7.1348753,
            47.0688822
          ],
          [
            7.1347832,
            47.0700049
          ],
          [
            7.1342434,
            47.0711618
          ],
          [
            7.1332432,
            47.0725145
          ],
          [
            7.1328628,
            47.0736256
          ],
          [
            7.1326701,
            47.0747588
          ],
          [
            7.1327244,
            47.0758805
          ],
          [
            7.1328812,
            47.0774171
          ],
          [
            7.1331346,
            47.0788961
          ],
          [
            7.1334604,
            47.0804161
          ],
          [
            7.133646,
            47.0811367
          ],
          [
            7.133949,
            47.0818376
          ],
          [
            7.134228,
            47.0822124
          ],
          [
            7.1345885,
            47.0825688
          ],
          [
            7.135022,
            47.0829394
          ],
          [
            7.1355205,
            47.0832911
          ],
          [
            7.1359965,
            47.0834183
          ],
          [
            7.1376365,
            47.0836142
          ],
          [
            7.1417222,
            47.0839472
          ],
          [
            7.1437363,
            47.0842215
          ],
          [
            7.1464217,
            47.0849791
          ],
          [
            7.1481768,
            47.0857627
          ],
          [
            7.1501813,
            47.0868337
          ],
          [
            7.1514953,
            47.087539
          ],
          [
            7.152579,
            47.0884793
          ],
          [
            7.1535669,
            47.0896939
          ],
          [
            7.1544205,
            47.0907485
          ],
          [
            7.1551662,
            47.0915957
          ],
          [
            7.1557644,
            47.0921964
          ],
          [
            7.1563254,
            47.0926666
          ],
          [
            7.1566743,
            47.092971
          ],
          [
            7.1569307,
            47.0932102
          ],
          [
            7.1570487,
            47.09334
          ],
          [
            7.1601033,
            47.0931937
          ],
          [
            7.1630059,
            47.0931871
          ],
          [
            7.166513,
            47.0937127
          ],
          [
            7.1693086,
            47.094304
          ],
          [
            7.1719265,
            47.0953119
          ],
          [
            7.1733105,
            47.0959547
          ],
          [
            7.1746126,
            47.0967165
          ],
          [
            7.1764326,
            47.0983503
          ],
          [
            7.1772051,
            47.0991975
          ],
          [
            7.1778493,
            47.1001877
          ],
          [
            7.1779239,
            47.1011256
          ],
          [
            7.1777881,
            47.1020359
          ],
          [
            7.179662,
            47.1022649
          ],
          [
            7.1814228,
            47.1026265
          ],
          [
            7.1828163,
            47.1030755
          ],
          [
            7.1841359,
            47.1036963
          ],
          [
            7.1875921,
            47.1058092
          ],
          [
            7.1893072,
            47.1071869
          ],
          [
            7.1910023,
            47.1088956
          ],
          [
            7.1937804,
            47.1124025
          ],
          [
            7.196515,
            47.1132591
          ],
          [
            7.1991187,
            47.1139959
          ],
          [
            7.2016944,
            47.1148773
          ],
          [
            7.2036243,
            47.1155587
          ],
          [
            7.2049855,
            47.1161816
          ],
          [
            7.2097586,
            47.1188341
          ],
          [
            7.2169644,
            47.1231775
          ],
          [
            7.2209959,
            47.1257006
          ],
          [
            7.2222179,
            47.126385
          ],
          [
            7.2234944,
            47.127046
          ],
          [
            7.2266313,
            47.1285338
          ],
          [
            7.2300498,
            47.1295434
          ],
          [
            7.2357925,
            47.1311447
          ]
        ]
      },
      "id": "relation/18638379"
    },
    {
      "type": "Feature",
      "properties": {
        "@id": "relation/18638380",
        "bicycle": "yes",
        "duration": "02:25",
        "foot": "yes",
        "from": "Neuchâtel",
        "motor_vehicle": "no",
        "name": "3215: Neuchâtel-Biel/Bienne Kurs LNM",
        "operator": "LMN",
        "public_transport:version": "2",
        "ref": "3215",
        "route": "ferry",
        "to": "Biel/Bienne",
        "type": "route",
        "website": "https://bielersee.ch/fahrplan"
      },
      "geometry": {
        "type": "LineString",
        "coordinates": [
          [
            7.2357925,
            47.1311447
          ],
          [
            7.2301117,
            47.1294307
          ],
          [
            7.2284701,
            47.128938
          ],
          [
            7.2268903,
            47.1283978
          ],
          [
            7.224648,
            47.1273777
          ],
          [
            7.2236717,
            47.1269142
          ],
          [
            7.2224271,
            47.1262499
          ],
          [
            7.2211879,
            47.1255491
          ],
          [
            7.2126371,
            47.1200192
          ],
          [
            7.2101909,
            47.118581
          ],
          [
            7.2016346,
            47.1132548
          ],
          [
            7.1860027,
            47.103521
          ],
          [
            7.1771085,
            47.0977514
          ],
          [
            7.1736431,
            47.0957064
          ],
          [
            7.1721572,
            47.0950198
          ],
          [
            7.1707892,
            47.0944866
          ],
          [
            7.169432,
            47.0940155
          ],
          [
            7.1662509,
            47.0933763
          ],
          [
            7.1630376,
            47.0929198
          ],
          [
            7.1615624,
            47.0929016
          ],
          [
            7.1600926,
            47.0929563
          ],
          [
            7.1570487,
            47.09334
          ],
          [
            7.1569307,
            47.0932102
          ],
          [
            7.1566743,
            47.092971
          ],
          [
            7.1563254,
            47.0926666
          ],
          [
            7.1557644,
            47.0921964
          ],
          [
            7.1551662,
            47.0915957
          ],
          [
            7.1544205,
            47.0907485
          ],
          [
            7.1535669,
            47.0896939
          ],
          [
            7.152579,
            47.0884793
          ],
          [
            7.1514953,
            47.087539
          ],
          [
            7.1501813,
            47.0868337
          ],
          [
            7.1481768,
            47.0857627
          ],
          [
            7.1464217,
            47.0849791
          ],
          [
            7.1437363,
            47.0842215
          ],
          [
            7.1417222,
            47.0839472
          ],
          [
            7.1376365,
            47.0836142
          ],
          [
            7.1359965,
            47.0834183
          ],
          [
            7.1355205,
            47.0832911
          ],
          [
            7.135022,
            47.0829394
          ],
          [
            7.1345885,
            47.0825688
          ],
          [
            7.134228,
            47.0822124
          ],
          [
            7.133949,
            47.0818376
          ],
          [
            7.133646,
            47.0811367
          ],
          [
            7.1334604,
            47.0804161
          ],
          [
            7.1331346,
            47.0788961
          ],
          [
            7.1328812,
            47.0774171
          ],
          [
            7.1327244,
            47.0758805
          ],
          [
            7.1326701,
            47.0747588
          ],
          [
            7.1328628,
            47.0736256
          ],
          [
            7.1332432,
            47.0725145
          ],
          [
            7.1342434,
            47.0711618
          ],
          [
            7.1347832,
            47.0700049
          ],
          [
            7.1348753,
            47.0688822
          ],
          [
            7.1353741,
            47.0683582
          ],
          [
            7.1255139,
            47.0657582
          ],
          [
            7.1040563,
            47.0604961
          ],
          [
            7.1001939,
            47.0596776
          ],
          [
            7.098906,
            47.0594665
          ],
          [
            7.09764,
            47.0594958
          ],
          [
            7.0966101,
            47.0596419
          ],
          [
            7.0956341,
            47.059948
          ],
          [
            7.0945072,
            47.0605628
          ],
          [
            7.0935328,
            47.0612927
          ],
          [
            7.0938742,
            47.0582204
          ],
          [
            7.0945488,
            47.0551667
          ],
          [
            7.0958805,
            47.0520694
          ],
          [
            7.0973536,
            47.0493995
          ],
          [
            7.0929193,
            47.0511154
          ],
          [
            7.0882725,
            47.0522099
          ],
          [
            7.0842665,
            47.0525263
          ],
          [
            7.082405,
            47.0526688
          ],
          [
            7.0800934,
            47.0524997
          ],
          [
            7.0792454,
            47.052307
          ],
          [
            7.0784569,
            47.0519963
          ],
          [
            7.0768117,
            47.051103
          ],
          [
            7.0762905,
            47.0511431
          ],
          [
            7.0757923,
            47.050526
          ],
          [
            7.0743086,
            47.0497581
          ],
          [
            7.0718672,
            47.0489202
          ],
          [
            7.0693661,
            47.0471025
          ],
          [
            7.0654533,
            47.0450171
          ],
          [
            7.0626257,
            47.0444465
          ],
          [
            7.0600812,
            47.0443614
          ],
          [
            7.0594469,
            47.044263
          ],
          [
            7.0533144,
            47.0433119
          ],
          [
            7.0518174,
            47.0428359
          ],
          [
            7.0503743,
            47.0422248
          ],
          [
            7.0479192,
            47.0409434
          ],
          [
            7.0463696,
            47.0401345
          ],
          [
            7.039198,
            47.0363301
          ],
          [
            7.0349212,
            47.0322477
          ],
          [
            7.033646,
            47.0307846
          ],
          [
            7.0331988,
            47.0295131
          ],
          [
            7.0331316,
            47.0282679
          ],
          [
            7.0333684,
            47.0225979
          ],
          [
            7.0335594,
            47.0203198
          ],
          [
            7.033562,
            47.0202524
          ],
          [
            7.0331618,
            47.0196787
          ],
          [
            7.0336787,
            47.0180008
          ],
          [
            7.0333187,
            47.0157788
          ],
          [
            7.0323873,
            47.0135933
          ],
          [
            7.0317081,
            47.0122456
          ],
          [
            7.0308707,
            47.0108916
          ],
          [
            7.0284293,
            47.008616
          ],
          [
            7.0276262,
            47.0080635
          ],
          [
            7.0251038,
            47.0060672
          ],
          [
            7.0240589,
            47.0051494
          ],
          [
            7.0228084,
            47.0047268
          ],
          [
            7.0220517,
            47.0036216
          ],
          [
            7.0141196,
            46.996918
          ],
          [
            7.0126462,
            46.9961266
          ],
          [
            7.0109463,
            46.9955669
          ],
          [
            7.0034838,
            46.9941361
          ],
          [
            6.9745159,
            46.9901405
          ],
          [
            6.9626321,
            46.9888951
          ],
          [
            6.9499468,
            46.9884425
          ],
          [
            6.9444751,
            46.9884865
          ],
          [
            6.9388902,
            46.9888261
          ],
          [
            6.9367504,
            46.9891817
          ],
          [
            6.9345711,
            46.9896254
          ],
          [
            6.9332432,
            46.990931
          ]
        ]
      },
      "id": "relation/18638380"
    },
    {
      "type": "Feature",
      "properties": {
        "@id": "relation/18638381",
        "bicycle": "yes",
        "duration": "02:25",
        "foot": "yes",
        "from": "Biel/Bienne",
        "motor_vehicle": "no",
        "name": "3215: Biel/Bienne-Neuchâtel Kurs LNM",
        "operator": "LMN",
        "public_transport:version": "2",
        "ref": "3215",
        "route": "ferry",
        "to": "Neuchâtel",
        "type": "route",
        "website": "https://bielersee.ch/fahrplan"
      },
      "geometry": {
        "type": "LineString",
        "coordinates": [
          [
            6.9332432,
            46.990931
          ],
          [
            6.9345711,
            46.9896254
          ],
          [
            6.9367504,
            46.9891817
          ],
          [
            6.9388902,
            46.9888261
          ],
          [
            6.9444751,
            46.9884865
          ],
          [
            6.9499468,
            46.9884425
          ],
          [
            6.9626321,
            46.9888951
          ],
          [
            6.9745159,
            46.9901405
          ],
          [
            7.0034838,
            46.9941361
          ],
          [
            7.0109463,
            46.9955669
          ],
          [
            7.0126462,
            46.9961266
          ],
          [
            7.0141196,
            46.996918
          ],
          [
            7.0220517,
            47.0036216
          ],
          [
            7.0228084,
            47.0047268
          ],
          [
            7.0240589,
            47.0051494
          ],
          [
            7.0251038,
            47.0060672
          ],
          [
            7.0276262,
            47.0080635
          ],
          [
            7.0284293,
            47.008616
          ],
          [
            7.0308707,
            47.0108916
          ],
          [
            7.0317081,
            47.0122456
          ],
          [
            7.0323873,
            47.0135933
          ],
          [
            7.0333187,
            47.0157788
          ],
          [
            7.0336787,
            47.0180008
          ],
          [
            7.0331618,
            47.0196787
          ],
          [
            7.033562,
            47.0202524
          ],
          [
            7.0335594,
            47.0203198
          ],
          [
            7.0333684,
            47.0225979
          ],
          [
            7.0331316,
            47.0282679
          ],
          [
            7.0331988,
            47.0295131
          ],
          [
            7.033646,
            47.0307846
          ],
          [
            7.0349212,
            47.0322477
          ],
          [
            7.039198,
            47.0363301
          ],
          [
            7.0463696,
            47.0401345
          ],
          [
            7.0479192,
            47.0409434
          ],
          [
            7.0503743,
            47.0422248
          ],
          [
            7.0518174,
            47.0428359
          ],
          [
            7.0533144,
            47.0433119
          ],
          [
            7.0594469,
            47.044263
          ],
          [
            7.0600812,
            47.0443614
          ],
          [
            7.0626257,
            47.0444465
          ],
          [
            7.0654533,
            47.0450171
          ],
          [
            7.0693661,
            47.0471025
          ],
          [
            7.0718672,
            47.0489202
          ],
          [
            7.0743086,
            47.0497581
          ],
          [
            7.0757923,
            47.050526
          ],
          [
            7.0762905,
            47.0511431
          ],
          [
            7.0768117,
            47.051103
          ],
          [
            7.0784569,
            47.0519963
          ],
          [
            7.0792454,
            47.052307
          ],
          [
            7.0800934,
            47.0524997
          ],
          [
            7.082405,
            47.0526688
          ],
          [
            7.0842665,
            47.0525263
          ],
          [
            7.0882725,
            47.0522099
          ],
          [
            7.0929193,
            47.0511154
          ],
          [
            7.0973536,
            47.0493995
          ],
          [
            7.0958805,
            47.0520694
          ],
          [
            7.0945488,
            47.0551667
          ],
          [
            7.0938742,
            47.0582204
          ],
          [
            7.0935328,
            47.0612927
          ],
          [
            7.0945072,
            47.0605628
          ],
          [
            7.0956341,
            47.059948
          ],
          [
            7.0966101,
            47.0596419
          ],
          [
            7.09764,
            47.0594958
          ],
          [
            7.098906,
            47.0594665
          ],
          [
            7.1001939,
            47.0596776
          ],
          [
            7.1040563,
            47.0604961
          ],
          [
            7.1255139,
            47.0657582
          ],
          [
            7.1353741,
            47.0683582
          ],
          [
            7.1348753,
            47.0688822
          ],
          [
            7.1347832,
            47.0700049
          ],
          [
            7.1342434,
            47.0711618
          ],
          [
            7.1332432,
            47.0725145
          ],
          [
            7.1328628,
            47.0736256
          ],
          [
            7.1326701,
            47.0747588
          ],
          [
            7.1327244,
            47.0758805
          ],
          [
            7.1328812,
            47.0774171
          ],
          [
            7.1331346,
            47.0788961
          ],
          [
            7.1334604,
            47.0804161
          ],
          [
            7.133646,
            47.0811367
          ],
          [
            7.133949,
            47.0818376
          ],
          [
            7.134228,
            47.0822124
          ],
          [
            7.1345885,
            47.0825688
          ],
          [
            7.135022,
            47.0829394
          ],
          [
            7.1355205,
            47.0832911
          ],
          [
            7.1359965,
            47.0834183
          ],
          [
            7.1376365,
            47.0836142
          ],
          [
            7.1417222,
            47.0839472
          ],
          [
            7.1437363,
            47.0842215
          ],
          [
            7.1464217,
            47.0849791
          ],
          [
            7.1481768,
            47.0857627
          ],
          [
            7.1501813,
            47.0868337
          ],
          [
            7.1514953,
            47.087539
          ],
          [
            7.152579,
            47.0884793
          ],
          [
            7.1535669,
            47.0896939
          ],
          [
            7.1544205,
            47.0907485
          ],
          [
            7.1551662,
            47.0915957
          ],
          [
            7.1557644,
            47.0921964
          ],
          [
            7.1563254,
            47.0926666
          ],
          [
            7.1566743,
            47.092971
          ],
          [
            7.1569307,
            47.0932102
          ],
          [
            7.1570487,
            47.09334
          ],
          [
            7.1600926,
            47.0929563
          ],
          [
            7.1615624,
            47.0929016
          ],
          [
            7.1630376,
            47.0929198
          ],
          [
            7.1662509,
            47.0933763
          ],
          [
            7.169432,
            47.0940155
          ],
          [
            7.1707892,
            47.0944866
          ],
          [
            7.1721572,
            47.0950198
          ],
          [
            7.1736431,
            47.0957064
          ],
          [
            7.1771085,
            47.0977514
          ],
          [
            7.1860027,
            47.103521
          ],
          [
            7.2016346,
            47.1132548
          ],
          [
            7.2101909,
            47.118581
          ],
          [
            7.2126371,
            47.1200192
          ],
          [
            7.2211879,
            47.1255491
          ],
          [
            7.2224271,
            47.1262499
          ],
          [
            7.2236717,
            47.1269142
          ],
          [
            7.224648,
            47.1273777
          ],
          [
            7.2268903,
            47.1283978
          ],
          [
            7.2284701,
            47.128938
          ],
          [
            7.2301117,
            47.1294307
          ],
          [
            7.2357925,
            47.1311447
          ]
        ]
      },
      "id": "relation/18638381"
    },
    {
      "type": "Feature",
      "properties": {
        "@id": "relation/18638844",
        "bicycle": "yes",
        "duration": "01:20",
        "foot": "yes",
        "from": "Neuchâtel",
        "motor_vehicle": "no",
        "name": "3215: Murten Neuchâtel Kurs BSG,302",
        "operator": "BSG",
        "public_transport:version": "2",
        "ref": "3215",
        "route": "ferry",
        "to": "Murten",
        "type": "route",
        "website": "https://www.bielersee.ch/fahrplan"
      },
      "geometry": {
        "type": "LineString",
        "coordinates": [
          [
            6.9332432,
            46.990931
          ],
          [
            6.9345617,
            46.9896216
          ],
          [
            6.9365573,
            46.9887426
          ],
          [
            6.9385747,
            46.9881962
          ],
          [
            7.0264146,
            46.9823036
          ],
          [
            7.0324508,
            46.9811377
          ],
          [
            7.0366114,
            46.9802392
          ],
          [
            7.0424112,
            46.9791109
          ],
          [
            7.0492235,
            46.9777884
          ],
          [
            7.0512515,
            46.977369
          ],
          [
            7.0521355,
            46.9771181
          ],
          [
            7.0523618,
            46.9770296
          ],
          [
            7.0540313,
            46.9760631
          ],
          [
            7.0541014,
            46.9758117
          ],
          [
            7.0550428,
            46.9754966
          ],
          [
            7.0561713,
            46.9748512
          ],
          [
            7.0589752,
            46.9738285
          ],
          [
            7.0595664,
            46.9735867
          ],
          [
            7.0602534,
            46.9732302
          ],
          [
            7.0609597,
            46.9727419
          ],
          [
            7.0630391,
            46.9710992
          ],
          [
            7.0646202,
            46.9700111
          ],
          [
            7.0651787,
            46.9696782
          ],
          [
            7.0663077,
            46.9692297
          ],
          [
            7.067546,
            46.9688078
          ],
          [
            7.0684023,
            46.9686291
          ],
          [
            7.069264,
            46.9685686
          ],
          [
            7.0698227,
            46.9686121
          ],
          [
            7.0702766,
            46.9686681
          ],
          [
            7.0708429,
            46.9688135
          ],
          [
            7.0732748,
            46.9697822
          ],
          [
            7.0739569,
            46.9700063
          ],
          [
            7.0757621,
            46.970463
          ],
          [
            7.076296,
            46.9706769
          ],
          [
            7.0804608,
            46.9732984
          ],
          [
            7.082448,
            46.9746046
          ],
          [
            7.0832859,
            46.9750694
          ],
          [
            7.0841933,
            46.9754564
          ],
          [
            7.0851648,
            46.9757599
          ],
          [
            7.0861766,
            46.976002
          ],
          [
            7.0875605,
            46.9762159
          ],
          [
            7.0898688,
            46.9763699
          ],
          [
            7.0909377,
            46.9762624
          ],
          [
            7.0918046,
            46.9759853
          ],
          [
            7.0921381,
            46.9758373
          ],
          [
            7.0930675,
            46.975588
          ],
          [
            7.0931285,
            46.975588
          ],
          [
            7.093138,
            46.9755599
          ],
          [
            7.0937213,
            46.9752775
          ],
          [
            7.0946679,
            46.9746385
          ],
          [
            7.0956548,
            46.9740316
          ],
          [
            7.0978478,
            46.9724807
          ],
          [
            7.0982859,
            46.9722205
          ],
          [
            7.098727,
            46.971992
          ],
          [
            7.0993021,
            46.9717851
          ],
          [
            7.1072452,
            46.9695889
          ],
          [
            7.1082575,
            46.9693149
          ],
          [
            7.109116,
            46.9690376
          ],
          [
            7.1104847,
            46.9684619
          ],
          [
            7.1112927,
            46.9679916
          ],
          [
            7.1120662,
            46.9674146
          ],
          [
            7.1127281,
            46.9668516
          ],
          [
            7.1136465,
            46.9656779
          ],
          [
            7.1142207,
            46.9645763
          ],
          [
            7.1143711,
            46.9642105
          ],
          [
            7.1154532,
            46.9630358
          ],
          [
            7.1179671,
            46.959464
          ],
          [
            7.1186475,
            46.9583949
          ],
          [
            7.1187592,
            46.9580904
          ],
          [
            7.118828,
            46.957726
          ],
          [
            7.1187829,
            46.9571715
          ],
          [
            7.1186964,
            46.9567404
          ],
          [
            7.1183128,
            46.955002
          ],
          [
            7.1179926,
            46.9542536
          ],
          [
            7.1169412,
            46.9529354
          ],
          [
            7.1161365,
            46.9515805
          ],
          [
            7.1153855,
            46.949918
          ],
          [
            7.1147464,
            46.9482225
          ],
          [
            7.1140122,
            46.9455015
          ],
          [
            7.113459,
            46.9427144
          ],
          [
            7.11339,
            46.9406671
          ],
          [
            7.1135448,
            46.9386123
          ],
          [
            7.1138238,
            46.9365759
          ],
          [
            7.1143663,
            46.9345649
          ],
          [
            7.1149289,
            46.933389
          ],
          [
            7.1160213,
            46.9319019
          ],
          [
            7.1161687,
            46.9316179
          ],
          [
            7.1164789,
            46.9307331
          ]
        ]
      },
      "id": "relation/18638844"
    },
    {
      "type": "Feature",
      "properties": {
        "@id": "relation/18638846",
        "bicycle": "yes",
        "duration": "03:15",
        "foot": "yes",
        "from": "Biel/Bienne",
        "motor_vehicle": "no",
        "name": "3215: Biel/Bienne-Murten Kurs BSG,301",
        "operator": "BSG",
        "public_transport:version": "2",
        "ref": "3215",
        "route": "ferry",
        "to": "Murten",
        "type": "route",
        "website": "https://bielersee.ch/fahrplan"
      },
      "geometry": {
        "type": "LineString",
        "coordinates": [
          [
            7.1164789,
            46.9307331
          ],
          [
            7.1161687,
            46.9316179
          ],
          [
            7.1160213,
            46.9319019
          ],
          [
            7.1149289,
            46.933389
          ],
          [
            7.1143663,
            46.9345649
          ],
          [
            7.1138238,
            46.9365759
          ],
          [
            7.1135448,
            46.9386123
          ],
          [
            7.11339,
            46.9406671
          ],
          [
            7.113459,
            46.9427144
          ],
          [
            7.1140122,
            46.9455015
          ],
          [
            7.1147464,
            46.9482225
          ],
          [
            7.1153855,
            46.949918
          ],
          [
            7.1161365,
            46.9515805
          ],
          [
            7.1169412,
            46.9529354
          ],
          [
            7.1179926,
            46.9542536
          ],
          [
            7.1183128,
            46.955002
          ],
          [
            7.1186964,
            46.9567404
          ],
          [
            7.1187829,
            46.9571715
          ],
          [
            7.118828,
            46.957726
          ],
          [
            7.1187592,
            46.9580904
          ],
          [
            7.1186475,
            46.9583949
          ],
          [
            7.1179671,
            46.959464
          ],
          [
            7.1154532,
            46.9630358
          ],
          [
            7.1143711,
            46.9642105
          ],
          [
            7.1142207,
            46.9645763
          ],
          [
            7.1136465,
            46.9656779
          ],
          [
            7.1127281,
            46.9668516
          ],
          [
            7.1120662,
            46.9674146
          ],
          [
            7.1112927,
            46.9679916
          ],
          [
            7.1104847,
            46.9684619
          ],
          [
            7.109116,
            46.9690376
          ],
          [
            7.1082575,
            46.9693149
          ],
          [
            7.1072452,
            46.9695889
          ],
          [
            7.0993021,
            46.9717851
          ],
          [
            7.098727,
            46.971992
          ],
          [
            7.0982859,
            46.9722205
          ],
          [
            7.0978478,
            46.9724807
          ],
          [
            7.0956548,
            46.9740316
          ],
          [
            7.0946679,
            46.9746385
          ],
          [
            7.0937213,
            46.9752775
          ],
          [
            7.093138,
            46.9755599
          ],
          [
            7.0931285,
            46.975588
          ],
          [
            7.0930675,
            46.975588
          ],
          [
            7.0921381,
            46.9758373
          ],
          [
            7.0918046,
            46.9759853
          ],
          [
            7.0909377,
            46.9762624
          ],
          [
            7.0898688,
            46.9763699
          ],
          [
            7.0875605,
            46.9762159
          ],
          [
            7.0861766,
            46.976002
          ],
          [
            7.0851648,
            46.9757599
          ],
          [
            7.0841933,
            46.9754564
          ],
          [
            7.0832859,
            46.9750694
          ],
          [
            7.082448,
            46.9746046
          ],
          [
            7.0804608,
            46.9732984
          ],
          [
            7.076296,
            46.9706769
          ],
          [
            7.0757621,
            46.970463
          ],
          [
            7.0739569,
            46.9700063
          ],
          [
            7.0732748,
            46.9697822
          ],
          [
            7.0708429,
            46.9688135
          ],
          [
            7.0702766,
            46.9686681
          ],
          [
            7.0698227,
            46.9686121
          ],
          [
            7.069264,
            46.9685686
          ],
          [
            7.0684023,
            46.9686291
          ],
          [
            7.067546,
            46.9688078
          ],
          [
            7.0663077,
            46.9692297
          ],
          [
            7.0651787,
            46.9696782
          ],
          [
            7.0646202,
            46.9700111
          ],
          [
            7.0630391,
            46.9710992
          ],
          [
            7.0609597,
            46.9727419
          ],
          [
            7.0602534,
            46.9732302
          ],
          [
            7.0595664,
            46.9735867
          ],
          [
            7.0589752,
            46.9738285
          ],
          [
            7.0561713,
            46.9748512
          ],
          [
            7.0550428,
            46.9754966
          ],
          [
            7.0541014,
            46.9758117
          ],
          [
            7.0540517,
            46.9760994
          ],
          [
            7.052373,
            46.977043
          ],
          [
            7.0521478,
            46.9771357
          ],
          [
            7.0512584,
            46.9773881
          ],
          [
            7.049224,
            46.9778067
          ],
          [
            7.0366152,
            46.9802647
          ],
          [
            7.0328465,
            46.9810669
          ],
          [
            7.0246821,
            46.9826323
          ],
          [
            7.0131822,
            46.985232
          ],
          [
            7.0113373,
            46.9858736
          ],
          [
            7.0100069,
            46.9870007
          ],
          [
            7.0087108,
            46.9885072
          ],
          [
            7.0089984,
            46.9901624
          ],
          [
            7.0099132,
            46.9916307
          ],
          [
            7.0144202,
            46.9969678
          ],
          [
            7.0223278,
            47.0036666
          ],
          [
            7.0228084,
            47.0047268
          ],
          [
            7.0240589,
            47.0051494
          ],
          [
            7.0251038,
            47.0060672
          ],
          [
            7.0276262,
            47.0080635
          ],
          [
            7.0284293,
            47.008616
          ],
          [
            7.0308707,
            47.0108916
          ],
          [
            7.0317081,
            47.0122456
          ],
          [
            7.0323873,
            47.0135933
          ],
          [
            7.0333187,
            47.0157788
          ],
          [
            7.0336787,
            47.0180008
          ],
          [
            7.0331618,
            47.0196787
          ],
          [
            7.033562,
            47.0202524
          ],
          [
            7.0335594,
            47.0203198
          ],
          [
            7.0333684,
            47.0225979
          ],
          [
            7.0331316,
            47.0282679
          ],
          [
            7.0331988,
            47.0295131
          ],
          [
            7.033646,
            47.0307846
          ],
          [
            7.0349212,
            47.0322477
          ],
          [
            7.039198,
            47.0363301
          ],
          [
            7.0463696,
            47.0401345
          ],
          [
            7.0479192,
            47.0409434
          ],
          [
            7.0503743,
            47.0422248
          ],
          [
            7.0518174,
            47.0428359
          ],
          [
            7.0533144,
            47.0433119
          ],
          [
            7.0594469,
            47.044263
          ],
          [
            7.0600812,
            47.0443614
          ],
          [
            7.0626257,
            47.0444465
          ],
          [
            7.0654533,
            47.0450171
          ],
          [
            7.0693661,
            47.0471025
          ],
          [
            7.0718672,
            47.0489202
          ],
          [
            7.0743086,
            47.0497581
          ],
          [
            7.0757923,
            47.050526
          ],
          [
            7.0762905,
            47.0511431
          ],
          [
            7.0768117,
            47.051103
          ],
          [
            7.0784569,
            47.0519963
          ],
          [
            7.0792454,
            47.052307
          ],
          [
            7.0800934,
            47.0524997
          ],
          [
            7.082405,
            47.0526688
          ],
          [
            7.0842665,
            47.0525263
          ],
          [
            7.0882725,
            47.0522099
          ],
          [
            7.0929193,
            47.0511154
          ],
          [
            7.0973536,
            47.0493995
          ],
          [
            7.0958805,
            47.0520694
          ],
          [
            7.0945488,
            47.0551667
          ],
          [
            7.0938742,
            47.0582204
          ],
          [
            7.0935328,
            47.0612927
          ],
          [
            7.0945072,
            47.0605628
          ],
          [
            7.0956341,
            47.059948
          ],
          [
            7.0966101,
            47.0596419
          ],
          [
            7.09764,
            47.0594958
          ],
          [
            7.098906,
            47.0594665
          ],
          [
            7.1001939,
            47.0596776
          ],
          [
            7.1040563,
            47.0604961
          ],
          [
            7.1255139,
            47.0657582
          ],
          [
            7.1353741,
            47.0683582
          ],
          [
            7.1348753,
            47.0688822
          ],
          [
            7.1347832,
            47.0700049
          ],
          [
            7.1342434,
            47.0711618
          ],
          [
            7.1332432,
            47.0725145
          ],
          [
            7.1328628,
            47.0736256
          ],
          [
            7.1326701,
            47.0747588
          ],
          [
            7.1327244,
            47.0758805
          ],
          [
            7.1328812,
            47.0774171
          ],
          [
            7.1331346,
            47.0788961
          ],
          [
            7.1334604,
            47.0804161
          ],
          [
            7.133646,
            47.0811367
          ],
          [
            7.133949,
            47.0818376
          ],
          [
            7.134228,
            47.0822124
          ],
          [
            7.1345885,
            47.0825688
          ],
          [
            7.135022,
            47.0829394
          ],
          [
            7.1355205,
            47.0832911
          ],
          [
            7.1359965,
            47.0834183
          ],
          [
            7.1376365,
            47.0836142
          ],
          [
            7.1417222,
            47.0839472
          ],
          [
            7.1437363,
            47.0842215
          ],
          [
            7.1464217,
            47.0849791
          ],
          [
            7.1481768,
            47.0857627
          ],
          [
            7.1501813,
            47.0868337
          ],
          [
            7.1514953,
            47.087539
          ],
          [
            7.152579,
            47.0884793
          ],
          [
            7.1535669,
            47.0896939
          ],
          [
            7.1544205,
            47.0907485
          ],
          [
            7.1551662,
            47.0915957
          ],
          [
            7.1557644,
            47.0921964
          ],
          [
            7.1563254,
            47.0926666
          ],
          [
            7.1566743,
            47.092971
          ],
          [
            7.1569307,
            47.0932102
          ],
          [
            7.1570487,
            47.09334
          ],
          [
            7.1601033,
            47.0931937
          ],
          [
            7.1630059,
            47.0931871
          ],
          [
            7.166513,
            47.0937127
          ],
          [
            7.1693086,
            47.094304
          ],
          [
            7.1719265,
            47.0953119
          ],
          [
            7.1733105,
            47.0959547
          ],
          [
            7.1746126,
            47.0967165
          ],
          [
            7.1764326,
            47.0983503
          ],
          [
            7.1772051,
            47.0991975
          ],
          [
            7.1778493,
            47.1001877
          ],
          [
            7.1779239,
            47.1011256
          ],
          [
            7.1777881,
            47.1020359
          ],
          [
            7.179662,
            47.1022649
          ],
          [
            7.1814228,
            47.1026265
          ],
          [
            7.1828163,
            47.1030755
          ],
          [
            7.1841359,
            47.1036963
          ],
          [
            7.1875921,
            47.1058092
          ],
          [
            7.1893072,
            47.1071869
          ],
          [
            7.1910023,
            47.1088956
          ],
          [
            7.1937804,
            47.1124025
          ],
          [
            7.196515,
            47.1132591
          ],
          [
            7.1991187,
            47.1139959
          ],
          [
            7.2016944,
            47.1148773
          ],
          [
            7.2036243,
            47.1155587
          ],
          [
            7.2049855,
            47.1161816
          ],
          [
            7.2097586,
            47.1188341
          ],
          [
            7.2169644,
            47.1231775
          ],
          [
            7.2209959,
            47.1257006
          ],
          [
            7.2222179,
            47.126385
          ],
          [
            7.2234944,
            47.127046
          ],
          [
            7.2266313,
            47.1285338
          ],
          [
            7.2300498,
            47.1295434
          ],
          [
            7.2357925,
            47.1311447
          ]
        ]
      },
      "id": "relation/18638846"
    },
    {
      "type": "Feature",
      "properties": {
        "@id": "relation/18642518",
        "bicycle": "yes",
        "duration": "01:20",
        "foot": "yes",
        "from": "Neuchâtel",
        "motor_vehicle": "no",
        "name": "3214: Neuchâtel-Neuchâtel Course 311,313,315",
        "operator": "LNM",
        "public_transport:version": "2",
        "ref": "3212",
        "route": "ferry",
        "to": "Neuchâtel",
        "type": "route",
        "via": "Coudrefin",
        "website": "https://www.lnm.ch/Unsere-Fahrten"
      },
      "geometry": {
        "type": "LineString",
        "coordinates": [
          [
            7.0137346,
            46.9592795
          ],
          [
            7.0040584,
            46.9628993
          ],
          [
            6.9733449,
            46.9746737
          ],
          [
            6.9383037,
            46.9874103
          ],
          [
            6.9362783,
            46.9883328
          ],
          [
            6.9345554,
            46.9896222
          ],
          [
            6.9332432,
            46.990931
          ],
          [
            6.9345737,
            46.9896283
          ],
          [
            6.9353069,
            46.9895061
          ],
          [
            6.9360543,
            46.9894301
          ],
          [
            6.9406128,
            46.9895916
          ],
          [
            6.9467592,
            46.9903041
          ],
          [
            6.9511914,
            46.9916261
          ],
          [
            6.9556011,
            46.9933965
          ],
          [
            6.957252,
            46.9940509
          ],
          [
            6.9611263,
            46.9964851
          ],
          [
            6.9645047,
            46.9989098
          ],
          [
            6.969786,
            47.0039922
          ],
          [
            6.9706605,
            47.0054116
          ],
          [
            6.973722,
            47.0059767
          ],
          [
            6.9763613,
            47.0066409
          ],
          [
            6.9789671,
            47.0075141
          ],
          [
            6.9808674,
            47.008543
          ],
          [
            6.9825544,
            47.009651
          ],
          [
            6.9825434,
            47.0096903
          ],
          [
            6.9829081,
            47.0090953
          ],
          [
            7.012505,
            46.9615151
          ],
          [
            7.0137346,
            46.9592795
          ]
        ]
      },
      "id": "relation/18642518"
    },
    {
      "type": "Feature",
      "properties": {
        "@id": "relation/18642519",
        "bicycle": "yes",
        "duration": "01:40",
        "foot": "yes",
        "from": "Neuchâtel",
        "motor_vehicle": "no",
        "name": "3212: Neuchâtel-Morat/Murten Course 4",
        "operator": "LNM",
        "public_transport:version": "2",
        "ref": "3212",
        "route": "ferry",
        "to": "Morat/Murten",
        "type": "route",
        "website": "https://www.lnm.ch/Unsere-Fahrten"
      },
      "geometry": {
        "type": "LineString",
        "coordinates": [
          [
            6.9332432,
            46.990931
          ],
          [
            6.9345617,
            46.9896216
          ],
          [
            6.9365573,
            46.9887426
          ],
          [
            6.9385747,
            46.9881962
          ],
          [
            7.0264146,
            46.9823036
          ],
          [
            7.0324508,
            46.9811377
          ],
          [
            7.0366114,
            46.9802392
          ],
          [
            7.0424112,
            46.9791109
          ],
          [
            7.0492235,
            46.9777884
          ],
          [
            7.0512515,
            46.977369
          ],
          [
            7.0521355,
            46.9771181
          ],
          [
            7.0523618,
            46.9770296
          ],
          [
            7.0540313,
            46.9760631
          ],
          [
            7.0541014,
            46.9758117
          ],
          [
            7.0550428,
            46.9754966
          ],
          [
            7.0561713,
            46.9748512
          ],
          [
            7.0589752,
            46.9738285
          ],
          [
            7.0595664,
            46.9735867
          ],
          [
            7.0602534,
            46.9732302
          ],
          [
            7.0609597,
            46.9727419
          ],
          [
            7.0630391,
            46.9710992
          ],
          [
            7.0646202,
            46.9700111
          ],
          [
            7.0651787,
            46.9696782
          ],
          [
            7.0663077,
            46.9692297
          ],
          [
            7.067546,
            46.9688078
          ],
          [
            7.0684023,
            46.9686291
          ],
          [
            7.069264,
            46.9685686
          ],
          [
            7.0698227,
            46.9686121
          ],
          [
            7.0702766,
            46.9686681
          ],
          [
            7.0708429,
            46.9688135
          ],
          [
            7.0732748,
            46.9697822
          ],
          [
            7.0739569,
            46.9700063
          ],
          [
            7.0757621,
            46.970463
          ],
          [
            7.076296,
            46.9706769
          ],
          [
            7.0804608,
            46.9732984
          ],
          [
            7.082448,
            46.9746046
          ],
          [
            7.0832859,
            46.9750694
          ],
          [
            7.0841933,
            46.9754564
          ],
          [
            7.0851648,
            46.9757599
          ],
          [
            7.0861766,
            46.976002
          ],
          [
            7.0875605,
            46.9762159
          ],
          [
            7.0898688,
            46.9763699
          ],
          [
            7.0909377,
            46.9762624
          ],
          [
            7.0918046,
            46.9759853
          ],
          [
            7.0921381,
            46.9758373
          ],
          [
            7.0930675,
            46.975588
          ],
          [
            7.0931285,
            46.975588
          ],
          [
            7.093138,
            46.9755599
          ],
          [
            7.0937213,
            46.9752775
          ],
          [
            7.0946679,
            46.9746385
          ],
          [
            7.0956548,
            46.9740316
          ],
          [
            7.0978478,
            46.9724807
          ],
          [
            7.0982859,
            46.9722205
          ],
          [
            7.098727,
            46.971992
          ],
          [
            7.0993021,
            46.9717851
          ],
          [
            7.1072452,
            46.9695889
          ],
          [
            7.1082575,
            46.9693149
          ],
          [
            7.109116,
            46.9690376
          ],
          [
            7.1104847,
            46.9684619
          ],
          [
            7.1112927,
            46.9679916
          ],
          [
            7.1120662,
            46.9674146
          ],
          [
            7.1127281,
            46.9668516
          ],
          [
            7.1136465,
            46.9656779
          ],
          [
            7.1142207,
            46.9645763
          ],
          [
            7.1143711,
            46.9642105
          ],
          [
            7.1144504,
            46.9640279
          ],
          [
            7.1153898,
            46.9630118
          ],
          [
            7.1179013,
            46.9594435
          ],
          [
            7.1185787,
            46.958379
          ],
          [
            7.1186879,
            46.9580812
          ],
          [
            7.1187554,
            46.9577242
          ],
          [
            7.1187108,
            46.9571762
          ],
          [
            7.1186367,
            46.9567573
          ],
          [
            7.11824,
            46.9550233
          ],
          [
            7.117939,
            46.9547296
          ],
          [
            7.1171451,
            46.9543635
          ],
          [
            7.115175,
            46.95372
          ],
          [
            7.1074033,
            46.9511851
          ],
          [
            7.1054236,
            46.9506831
          ],
          [
            7.1040881,
            46.9505991
          ],
          [
            7.102683,
            46.9506348
          ],
          [
            7.0995931,
            46.9509278
          ],
          [
            7.0972774,
            46.9515105
          ],
          [
            7.0976297,
            46.9502687
          ],
          [
            7.0975327,
            46.9494713
          ],
          [
            7.0971577,
            46.9487892
          ],
          [
            7.0958809,
            46.9479103
          ],
          [
            7.0917825,
            46.9464894
          ],
          [
            7.0878343,
            46.9463576
          ],
          [
            7.0841856,
            46.9467024
          ],
          [
            7.088165,
            46.9436023
          ],
          [
            7.0950873,
            46.9400585
          ],
          [
            7.1030946,
            46.9370804
          ],
          [
            7.111094,
            46.9340301
          ],
          [
            7.1139972,
            46.9328699
          ],
          [
            7.1148303,
            46.9324019
          ],
          [
            7.1156155,
            46.9317683
          ],
          [
            7.1158308,
            46.9315374
          ],
          [
            7.1164789,
            46.9307331
          ]
        ]
      },
      "id": "relation/18642519"
    },
    {
      "type": "Feature",
      "properties": {
        "@id": "relation/18642520",
        "bicycle": "yes",
        "duration": "01:22",
        "foot": "yes",
        "from": "Neuchâtel",
        "motor_vehicle": "no",
        "name": "3212: Neuchâtel-Morat/Murten Course 21",
        "operator": "LNM",
        "public_transport:version": "2",
        "ref": "3212",
        "route": "ferry",
        "to": "Morat/Murten",
        "type": "route",
        "website": "https://www.lnm.ch/Unsere-Fahrten"
      },
      "geometry": {
        "type": "LineString",
        "coordinates": [
          [
            7.1164789,
            46.9307331
          ],
          [
            7.1161687,
            46.9316179
          ],
          [
            7.1160213,
            46.9319019
          ],
          [
            7.1149289,
            46.933389
          ],
          [
            7.1143663,
            46.9345649
          ],
          [
            7.1138238,
            46.9365759
          ],
          [
            7.1135448,
            46.9386123
          ],
          [
            7.11339,
            46.9406671
          ],
          [
            7.113459,
            46.9427144
          ],
          [
            7.1140122,
            46.9455015
          ],
          [
            7.1147464,
            46.9482225
          ],
          [
            7.1153855,
            46.949918
          ],
          [
            7.1161365,
            46.9515805
          ],
          [
            7.1169412,
            46.9529354
          ],
          [
            7.1179926,
            46.9542536
          ],
          [
            7.1183128,
            46.955002
          ],
          [
            7.1186964,
            46.9567404
          ],
          [
            7.1187829,
            46.9571715
          ],
          [
            7.118828,
            46.957726
          ],
          [
            7.1187592,
            46.9580904
          ],
          [
            7.1186475,
            46.9583949
          ],
          [
            7.1179671,
            46.959464
          ],
          [
            7.1154532,
            46.9630358
          ],
          [
            7.1143711,
            46.9642105
          ],
          [
            7.1142207,
            46.9645763
          ],
          [
            7.1136465,
            46.9656779
          ],
          [
            7.1127281,
            46.9668516
          ],
          [
            7.1120662,
            46.9674146
          ],
          [
            7.1112927,
            46.9679916
          ],
          [
            7.1104847,
            46.9684619
          ],
          [
            7.109116,
            46.9690376
          ],
          [
            7.1082575,
            46.9693149
          ],
          [
            7.1072452,
            46.9695889
          ],
          [
            7.0993021,
            46.9717851
          ],
          [
            7.098727,
            46.971992
          ],
          [
            7.0982859,
            46.9722205
          ],
          [
            7.0978478,
            46.9724807
          ],
          [
            7.0956548,
            46.9740316
          ],
          [
            7.0946679,
            46.9746385
          ],
          [
            7.0937213,
            46.9752775
          ],
          [
            7.093138,
            46.9755599
          ],
          [
            7.0931285,
            46.975588
          ],
          [
            7.0930675,
            46.975588
          ],
          [
            7.0921381,
            46.9758373
          ],
          [
            7.0918046,
            46.9759853
          ],
          [
            7.0909377,
            46.9762624
          ],
          [
            7.0898688,
            46.9763699
          ],
          [
            7.0875605,
            46.9762159
          ],
          [
            7.0861766,
            46.976002
          ],
          [
            7.0851648,
            46.9757599
          ],
          [
            7.0841933,
            46.9754564
          ],
          [
            7.0832859,
            46.9750694
          ],
          [
            7.082448,
            46.9746046
          ],
          [
            7.0804608,
            46.9732984
          ],
          [
            7.076296,
            46.9706769
          ],
          [
            7.0757621,
            46.970463
          ],
          [
            7.0739569,
            46.9700063
          ],
          [
            7.0732748,
            46.9697822
          ],
          [
            7.0708429,
            46.9688135
          ],
          [
            7.0702766,
            46.9686681
          ],
          [
            7.0698227,
            46.9686121
          ],
          [
            7.069264,
            46.9685686
          ],
          [
            7.0684023,
            46.9686291
          ],
          [
            7.067546,
            46.9688078
          ],
          [
            7.0663077,
            46.9692297
          ],
          [
            7.0651787,
            46.9696782
          ],
          [
            7.0646202,
            46.9700111
          ],
          [
            7.0630391,
            46.9710992
          ],
          [
            7.0609597,
            46.9727419
          ],
          [
            7.0602534,
            46.9732302
          ],
          [
            7.0595664,
            46.9735867
          ],
          [
            7.0589752,
            46.9738285
          ],
          [
            7.0561713,
            46.9748512
          ],
          [
            7.0550428,
            46.9754966
          ],
          [
            7.0541014,
            46.9758117
          ],
          [
            7.0540313,
            46.9760631
          ],
          [
            7.0523618,
            46.9770296
          ],
          [
            7.0521355,
            46.9771181
          ],
          [
            7.0512515,
            46.977369
          ],
          [
            7.0492235,
            46.9777884
          ],
          [
            7.0424112,
            46.9791109
          ],
          [
            7.0366114,
            46.9802392
          ],
          [
            7.0324508,
            46.9811377
          ],
          [
            7.0264146,
            46.9823036
          ],
          [
            6.9385747,
            46.9881962
          ],
          [
            6.9365573,
            46.9887426
          ],
          [
            6.9345617,
            46.9896216
          ],
          [
            6.9332432,
            46.990931
          ]
        ]
      },
      "id": "relation/18642520"
    },
    {
      "type": "Feature",
      "properties": {
        "@id": "relation/18642521",
        "bicycle": "yes",
        "duration": "01:22",
        "fee": "yes",
        "foot": "yes",
        "from": "Neuchâtel",
        "motor_vehicle": "no",
        "name": "3210: Neuchâtel-Neuchâtel Course 113",
        "operator": "LNM",
        "public_transport:version": "2",
        "ref": "3210",
        "route": "ferry",
        "to": "Neuchâtel",
        "type": "route",
        "via": "Cudrefin",
        "website": "https://www.lnm.ch/Unsere-Fahrten"
      },
      "geometry": {
        "type": "LineString",
        "coordinates": [
          [
            6.952682,
            46.926486
          ],
          [
            6.9476162,
            46.9452672
          ],
          [
            6.9345527,
            46.9896197
          ],
          [
            6.9332432,
            46.990931
          ],
          [
            6.9345554,
            46.9896222
          ],
          [
            6.9362783,
            46.9883328
          ],
          [
            6.9383037,
            46.9874103
          ],
          [
            6.9733449,
            46.9746737
          ],
          [
            7.0040584,
            46.9628993
          ],
          [
            7.0137346,
            46.9592795
          ],
          [
            7.0034895,
            46.9595097
          ],
          [
            6.9999969,
            46.959365
          ],
          [
            6.9966608,
            46.9589167
          ],
          [
            6.9937849,
            46.9582959
          ],
          [
            6.9912056,
            46.9574255
          ],
          [
            6.9674493,
            46.947212
          ],
          [
            6.964345,
            46.9454869
          ],
          [
            6.9624639,
            46.9440488
          ],
          [
            6.9604075,
            46.9421029
          ],
          [
            6.9589879,
            46.9399664
          ],
          [
            6.952682,
            46.926486
          ]
        ]
      },
      "id": "relation/18642521"
    },
    {
      "type": "Feature",
      "properties": {
        "@id": "relation/18642522",
        "bicycle": "yes",
        "duration": "01:42",
        "fee": "yes",
        "foot": "yes",
        "from": "Neuchâtel",
        "motor_vehicle": "no",
        "name": "3210: Neuchâtel-Neuchâtel Course 111,115,117",
        "operator": "LNM",
        "public_transport:version": "2",
        "ref": "3210",
        "route": "ferry",
        "to": "Neuchâtel",
        "type": "route",
        "via": "St-Blaise",
        "website": "https://www.lnm.ch/Unsere-Fahrten"
      },
      "geometry": {
        "type": "LineString",
        "coordinates": [
          [
            6.952682,
            46.926486
          ],
          [
            6.9476162,
            46.9452672
          ],
          [
            6.9345527,
            46.9896197
          ],
          [
            6.9332432,
            46.990931
          ],
          [
            6.9345737,
            46.9896283
          ],
          [
            6.9353069,
            46.9895061
          ],
          [
            6.9360543,
            46.9894301
          ],
          [
            6.9406128,
            46.9895916
          ],
          [
            6.9467592,
            46.9903041
          ],
          [
            6.9511914,
            46.9916261
          ],
          [
            6.9556011,
            46.9933965
          ],
          [
            6.957252,
            46.9940509
          ],
          [
            6.9611263,
            46.9964851
          ],
          [
            6.9645047,
            46.9989098
          ],
          [
            6.969786,
            47.0039922
          ],
          [
            6.9706605,
            47.0054116
          ],
          [
            6.973722,
            47.0059767
          ],
          [
            6.9763613,
            47.0066409
          ],
          [
            6.9789671,
            47.0075141
          ],
          [
            6.9808674,
            47.008543
          ],
          [
            6.9825544,
            47.009651
          ],
          [
            6.9825434,
            47.0096903
          ],
          [
            6.9829081,
            47.0090953
          ],
          [
            7.012505,
            46.9615151
          ],
          [
            7.0137346,
            46.9592795
          ],
          [
            7.0034895,
            46.9595097
          ],
          [
            6.9999969,
            46.959365
          ],
          [
            6.9966608,
            46.9589167
          ],
          [
            6.9937849,
            46.9582959
          ],
          [
            6.9912056,
            46.9574255
          ],
          [
            6.9674493,
            46.947212
          ],
          [
            6.964345,
            46.9454869
          ],
          [
            6.9624639,
            46.9440488
          ],
          [
            6.9604075,
            46.9421029
          ],
          [
            6.9589879,
            46.9399664
          ],
          [
            6.952682,
            46.926486
          ]
        ]
      },
      "id": "relation/18642522"
    },
    {
      "type": "Feature",
      "properties": {
        "@id": "relation/18642768",
        "bicycle": "yes",
        "duration": "01:05",
        "foot": "yes",
        "from": "Yverdon",
        "motor_vehicle": "no",
        "name": "3211: Yverdon-Yverdon Course 511",
        "operator": "LNM",
        "public_transport:version": "2",
        "ref": "3211",
        "route": "ferry",
        "to": "Yverdon",
        "type": "route",
        "via": "Grandson",
        "website": "https://www.lnm.ch/Unsere-Fahrten"
      },
      "geometry": {
        "type": "LineString",
        "coordinates": [
          [
            6.6430295,
            46.8058723
          ],
          [
            6.6471887,
            46.7972336
          ],
          [
            6.6477585,
            46.7949475
          ],
          [
            6.647667,
            46.7932089
          ],
          [
            6.6473293,
            46.7920535
          ],
          [
            6.6464066,
            46.7906872
          ],
          [
            6.6455074,
            46.7901009
          ],
          [
            6.6405862,
            46.7873668
          ],
          [
            6.6405632,
            46.7872281
          ],
          [
            6.6405862,
            46.7873668
          ],
          [
            6.6455074,
            46.7901009
          ],
          [
            6.6464066,
            46.7906872
          ],
          [
            6.6473293,
            46.7920535
          ],
          [
            6.647667,
            46.7932089
          ],
          [
            6.6477585,
            46.7949475
          ],
          [
            6.6471887,
            46.7972336
          ],
          [
            6.6430295,
            46.8058723
          ]
        ]
      },
      "id": "relation/18642768"
    },
    {
      "type": "Feature",
      "properties": {
        "@id": "relation/18642769",
        "bicycle": "yes",
        "duration": "00:50",
        "foot": "yes",
        "from": "Estavayer",
        "motor_vehicle": "no",
        "name": "3211: Yverdon-Estavayer Course 11,12,13,14",
        "operator": "LNM",
        "public_transport:version": "2",
        "ref": "3211",
        "route": "ferry",
        "to": "Yverdon",
        "type": "route",
        "website": "https://www.lnm.ch/Unsere-Fahrten"
      },
      "geometry": {
        "type": "LineString",
        "coordinates": [
          [
            6.6405632,
            46.7872281
          ],
          [
            6.6405862,
            46.7873668
          ],
          [
            6.6455074,
            46.7901009
          ],
          [
            6.6464066,
            46.7906872
          ],
          [
            6.6473293,
            46.7920535
          ],
          [
            6.647667,
            46.7932089
          ],
          [
            6.6477585,
            46.7949475
          ],
          [
            6.6471887,
            46.7972336
          ],
          [
            6.6430295,
            46.8058723
          ],
          [
            6.6450977,
            46.805729
          ],
          [
            6.6470755,
            46.8056954
          ],
          [
            6.6551185,
            46.8061109
          ],
          [
            6.6589379,
            46.8065295
          ],
          [
            6.6627074,
            46.8071597
          ],
          [
            6.6682184,
            46.8089968
          ],
          [
            6.6742051,
            46.8114053
          ],
          [
            6.6857851,
            46.816463
          ],
          [
            6.6978192,
            46.8223964
          ],
          [
            6.7035055,
            46.8256119
          ],
          [
            6.7088199,
            46.8291194
          ],
          [
            6.7118525,
            46.8321449
          ],
          [
            6.7144811,
            46.8353523
          ],
          [
            6.7194307,
            46.8431231
          ],
          [
            6.7202853,
            46.8451645
          ],
          [
            6.7207766,
            46.8474962
          ],
          [
            6.7275381,
            46.8483345
          ],
          [
            6.7340434,
            46.849654
          ],
          [
            6.7386746,
            46.8511228
          ],
          [
            6.7426798,
            46.8529677
          ],
          [
            6.7459702,
            46.8543511
          ],
          [
            6.7494072,
            46.856184
          ],
          [
            6.754961,
            46.860103
          ],
          [
            6.7595352,
            46.8643565
          ],
          [
            6.7618489,
            46.8689497
          ],
          [
            6.7630757,
            46.8735986
          ],
          [
            6.762557,
            46.8757561
          ],
          [
            6.7611321,
            46.8774592
          ],
          [
            6.7657542,
            46.8785723
          ],
          [
            6.7692125,
            46.8800964
          ],
          [
            6.771934,
            46.882547
          ],
          [
            6.7744482,
            46.8853176
          ],
          [
            6.7750454,
            46.8874307
          ],
          [
            6.7750622,
            46.8896587
          ],
          [
            6.7774462,
            46.8897883
          ],
          [
            6.7795944,
            46.8904202
          ],
          [
            6.7850194,
            46.8940609
          ],
          [
            6.7860958,
            46.8959405
          ],
          [
            6.7869275,
            46.8981478
          ],
          [
            6.7875279,
            46.8998571
          ],
          [
            6.8328597,
            46.8550742
          ],
          [
            6.8340754,
            46.8542557
          ],
          [
            6.8353093,
            46.8535807
          ],
          [
            6.8378064,
            46.8523702
          ]
        ]
      },
      "id": "relation/18642769"
    },
    {
      "type": "Feature",
      "properties": {
        "@id": "relation/18642770",
        "bicycle": "yes",
        "duration": "00:50",
        "foot": "yes",
        "from": "Estavayer",
        "motor_vehicle": "no",
        "name": "3211: Estavayer-Yverdon Course 11,12,13,14",
        "operator": "LNM",
        "public_transport:version": "2",
        "ref": "3211",
        "route": "ferry",
        "to": "Yverdon",
        "type": "route",
        "website": "https://www.lnm.ch/Unsere-Fahrten"
      },
      "geometry": {
        "type": "LineString",
        "coordinates": [
          [
            6.8378064,
            46.8523702
          ],
          [
            6.8353093,
            46.8535807
          ],
          [
            6.8340754,
            46.8542557
          ],
          [
            6.8328597,
            46.8550742
          ],
          [
            6.7875279,
            46.8998571
          ],
          [
            6.7869275,
            46.8981478
          ],
          [
            6.7860958,
            46.8959405
          ],
          [
            6.7850194,
            46.8940609
          ],
          [
            6.7795944,
            46.8904202
          ],
          [
            6.7774462,
            46.8897883
          ],
          [
            6.7750622,
            46.8896587
          ],
          [
            6.7750454,
            46.8874307
          ],
          [
            6.7744482,
            46.8853176
          ],
          [
            6.771934,
            46.882547
          ],
          [
            6.7692125,
            46.8800964
          ],
          [
            6.7657542,
            46.8785723
          ],
          [
            6.7611321,
            46.8774592
          ],
          [
            6.762557,
            46.8757561
          ],
          [
            6.7630757,
            46.8735986
          ],
          [
            6.7618489,
            46.8689497
          ],
          [
            6.7595352,
            46.8643565
          ],
          [
            6.754961,
            46.860103
          ],
          [
            6.7494072,
            46.856184
          ],
          [
            6.7459702,
            46.8543511
          ],
          [
            6.7426798,
            46.8529677
          ],
          [
            6.7386746,
            46.8511228
          ],
          [
            6.7340434,
            46.849654
          ],
          [
            6.7275381,
            46.8483345
          ],
          [
            6.7207766,
            46.8474962
          ],
          [
            6.7202853,
            46.8451645
          ],
          [
            6.7194307,
            46.8431231
          ],
          [
            6.7144811,
            46.8353523
          ],
          [
            6.7118525,
            46.8321449
          ],
          [
            6.7088199,
            46.8291194
          ],
          [
            6.7035055,
            46.8256119
          ],
          [
            6.6978192,
            46.8223964
          ],
          [
            6.6857851,
            46.816463
          ],
          [
            6.6742051,
            46.8114053
          ],
          [
            6.6682184,
            46.8089968
          ],
          [
            6.6627074,
            46.8071597
          ],
          [
            6.6589379,
            46.8065295
          ],
          [
            6.6551185,
            46.8061109
          ],
          [
            6.6470755,
            46.8056954
          ],
          [
            6.6450977,
            46.805729
          ],
          [
            6.6430295,
            46.8058723
          ],
          [
            6.6471887,
            46.7972336
          ],
          [
            6.6477585,
            46.7949475
          ],
          [
            6.647667,
            46.7932089
          ],
          [
            6.6473293,
            46.7920535
          ],
          [
            6.6464066,
            46.7906872
          ],
          [
            6.6455074,
            46.7901009
          ],
          [
            6.6405862,
            46.7873668
          ],
          [
            6.6405632,
            46.7872281
          ]
        ]
      },
      "id": "relation/18642770"
    },
    {
      "type": "Feature",
      "properties": {
        "@id": "relation/18642771",
        "bicycle": "yes",
        "duration": "01:45",
        "foot": "yes",
        "from": "Neuchâtel",
        "motor_vehicle": "no",
        "name": "3214: Neuchâtel-Neuchâtel Course 411,412,413,414,415,416",
        "operator": "LNM",
        "public_transport:version": "2",
        "ref": "3214",
        "route": "ferry",
        "to": "Neuchâtel",
        "type": "route",
        "via": "Estavayer",
        "website": "https://www.lnm.ch/Unsere-Fahrten"
      },
      "geometry": {
        "type": "LineString",
        "coordinates": [
          [
            6.8969022,
            46.8998202
          ],
          [
            6.8968811,
            46.9000788
          ],
          [
            6.8967028,
            46.9004986
          ],
          [
            6.8967203,
            46.9012632
          ],
          [
            6.9345467,
            46.9896174
          ],
          [
            6.9332432,
            46.990931
          ],
          [
            6.9345319,
            46.9896179
          ],
          [
            6.88201,
            46.9501398
          ],
          [
            6.8756715,
            46.9451721
          ],
          [
            6.8689338,
            46.9414218
          ],
          [
            6.8643092,
            46.9400079
          ],
          [
            6.8589346,
            46.9388433
          ],
          [
            6.8544087,
            46.9387132
          ],
          [
            6.8529522,
            46.9362647
          ],
          [
            6.851081,
            46.9337445
          ],
          [
            6.8492786,
            46.9313415
          ],
          [
            6.8452016,
            46.9275316
          ],
          [
            6.843109,
            46.9259416
          ],
          [
            6.8401376,
            46.9245128
          ],
          [
            6.8330738,
            46.9230356
          ],
          [
            6.8261043,
            46.9225784
          ],
          [
            6.8224898,
            46.9220719
          ],
          [
            6.8266295,
            46.8908183
          ],
          [
            6.8323167,
            46.8610258
          ],
          [
            6.8331313,
            46.8575573
          ],
          [
            6.8340656,
            46.8552761
          ],
          [
            6.8355346,
            46.8538302
          ],
          [
            6.8378064,
            46.8523702
          ],
          [
            6.8358028,
            46.8539549
          ],
          [
            6.8355131,
            46.8545859
          ],
          [
            6.8353843,
            46.8552462
          ],
          [
            6.8355485,
            46.8565058
          ],
          [
            6.836307,
            46.8586211
          ],
          [
            6.8372876,
            46.8607411
          ],
          [
            6.841787,
            46.8665731
          ],
          [
            6.8465935,
            46.8730865
          ],
          [
            6.8524085,
            46.8805524
          ],
          [
            6.8612061,
            46.88812
          ],
          [
            6.8734196,
            46.8962571
          ],
          [
            6.876484,
            46.8976438
          ],
          [
            6.8797838,
            46.898371
          ],
          [
            6.8872259,
            46.9000851
          ],
          [
            6.8937184,
            46.9008348
          ],
          [
            6.8948543,
            46.9008254
          ],
          [
            6.8960667,
            46.9007154
          ],
          [
            6.8965324,
            46.9004721
          ],
          [
            6.896753,
            46.900059
          ],
          [
            6.8969022,
            46.8998202
          ]
        ]
      },
      "id": "relation/18642771"
    },
    {
      "type": "Feature",
      "properties": {
        "@id": "relation/18642773",
        "bicycle": "yes",
        "duration": "01:25",
        "foot": "yes",
        "from": "Neuchâtel",
        "motor_vehicle": "no",
        "name": "3214: Neuchâtel-Neuchâtel Course 211,213,215",
        "operator": "LNM",
        "public_transport:version": "2",
        "ref": "3214",
        "route": "ferry",
        "to": "Neuchâtel",
        "type": "route",
        "via": "Auvernier",
        "website": "https://www.lnm.ch/Unsere-Fahrten"
      },
      "geometry": {
        "type": "LineString",
        "coordinates": [
          [
            6.952682,
            46.926486
          ],
          [
            6.9476162,
            46.9452672
          ],
          [
            6.9345527,
            46.9896197
          ],
          [
            6.9332432,
            46.990931
          ],
          [
            6.9345232,
            46.989617
          ],
          [
            6.9323623,
            46.9886841
          ],
          [
            6.9304526,
            46.9878717
          ],
          [
            6.916972,
            46.9832989
          ],
          [
            6.9086207,
            46.9804433
          ],
          [
            6.906774,
            46.9799157
          ],
          [
            6.90539,
            46.9798571
          ],
          [
            6.9037645,
            46.9800236
          ],
          [
            6.9034159,
            46.9793593
          ],
          [
            6.9026424,
            46.978699
          ],
          [
            6.9016993,
            46.9782614
          ],
          [
            6.9006615,
            46.9778344
          ],
          [
            6.8929904,
            46.9761435
          ],
          [
            6.8815855,
            46.9736636
          ],
          [
            6.8945174,
            46.9651959
          ],
          [
            6.9158539,
            46.9500465
          ],
          [
            6.9311968,
            46.9402615
          ],
          [
            6.9405463,
            46.9342431
          ],
          [
            6.952682,
            46.926486
          ]
        ]
      },
      "id": "relation/18642773"
    },
    {
      "type": "Feature",
      "properties": {
        "@id": "relation/18644536",
        "bicycle": "yes",
        "duration": "01:20",
        "foot": "yes",
        "from": "Morat/Murten",
        "motor_vehicle": "no",
        "name": "3212: Morat/Murten-Neuchâtel Course 302/BSG",
        "operator": "LNM/BSG",
        "public_transport:version": "2",
        "ref": "3212",
        "route": "ferry",
        "to": "Neuchâtel",
        "type": "route",
        "website": "https://www.lnm.ch/Unsere-Fahrten"
      },
      "geometry": {
        "type": "LineString",
        "coordinates": [
          [
            6.9332432,
            46.990931
          ],
          [
            6.9345617,
            46.9896216
          ],
          [
            6.9365573,
            46.9887426
          ],
          [
            6.9385747,
            46.9881962
          ],
          [
            7.0264146,
            46.9823036
          ],
          [
            7.0324508,
            46.9811377
          ],
          [
            7.0366114,
            46.9802392
          ],
          [
            7.0424112,
            46.9791109
          ],
          [
            7.0492235,
            46.9777884
          ],
          [
            7.0512515,
            46.977369
          ],
          [
            7.0521355,
            46.9771181
          ],
          [
            7.0523618,
            46.9770296
          ],
          [
            7.0540313,
            46.9760631
          ],
          [
            7.0541014,
            46.9758117
          ],
          [
            7.0550428,
            46.9754966
          ],
          [
            7.0561713,
            46.9748512
          ],
          [
            7.0589752,
            46.9738285
          ],
          [
            7.0595664,
            46.9735867
          ],
          [
            7.0602534,
            46.9732302
          ],
          [
            7.0609597,
            46.9727419
          ],
          [
            7.0630391,
            46.9710992
          ],
          [
            7.0646202,
            46.9700111
          ],
          [
            7.0651787,
            46.9696782
          ],
          [
            7.0663077,
            46.9692297
          ],
          [
            7.067546,
            46.9688078
          ],
          [
            7.0684023,
            46.9686291
          ],
          [
            7.069264,
            46.9685686
          ],
          [
            7.0698227,
            46.9686121
          ],
          [
            7.0702766,
            46.9686681
          ],
          [
            7.0708429,
            46.9688135
          ],
          [
            7.0732748,
            46.9697822
          ],
          [
            7.0739569,
            46.9700063
          ],
          [
            7.0757621,
            46.970463
          ],
          [
            7.076296,
            46.9706769
          ],
          [
            7.0804608,
            46.9732984
          ],
          [
            7.082448,
            46.9746046
          ],
          [
            7.0832859,
            46.9750694
          ],
          [
            7.0841933,
            46.9754564
          ],
          [
            7.0851648,
            46.9757599
          ],
          [
            7.0861766,
            46.976002
          ],
          [
            7.0875605,
            46.9762159
          ],
          [
            7.0898688,
            46.9763699
          ],
          [
            7.0909377,
            46.9762624
          ],
          [
            7.0918046,
            46.9759853
          ],
          [
            7.0921381,
            46.9758373
          ],
          [
            7.0930675,
            46.975588
          ],
          [
            7.0931285,
            46.975588
          ],
          [
            7.093138,
            46.9755599
          ],
          [
            7.0937213,
            46.9752775
          ],
          [
            7.0946679,
            46.9746385
          ],
          [
            7.0956548,
            46.9740316
          ],
          [
            7.0978478,
            46.9724807
          ],
          [
            7.0982859,
            46.9722205
          ],
          [
            7.098727,
            46.971992
          ],
          [
            7.0993021,
            46.9717851
          ],
          [
            7.1072452,
            46.9695889
          ],
          [
            7.1082575,
            46.9693149
          ],
          [
            7.109116,
            46.9690376
          ],
          [
            7.1104847,
            46.9684619
          ],
          [
            7.1112927,
            46.9679916
          ],
          [
            7.1120662,
            46.9674146
          ],
          [
            7.1127281,
            46.9668516
          ],
          [
            7.1136465,
            46.9656779
          ],
          [
            7.1142207,
            46.9645763
          ],
          [
            7.1143711,
            46.9642105
          ],
          [
            7.1154532,
            46.9630358
          ],
          [
            7.1179671,
            46.959464
          ],
          [
            7.1186475,
            46.9583949
          ],
          [
            7.1187592,
            46.9580904
          ],
          [
            7.118828,
            46.957726
          ],
          [
            7.1187829,
            46.9571715
          ],
          [
            7.1186964,
            46.9567404
          ],
          [
            7.1183128,
            46.955002
          ],
          [
            7.1179926,
            46.9542536
          ],
          [
            7.1169412,
            46.9529354
          ],
          [
            7.1161365,
            46.9515805
          ],
          [
            7.1153855,
            46.949918
          ],
          [
            7.1147464,
            46.9482225
          ],
          [
            7.1140122,
            46.9455015
          ],
          [
            7.113459,
            46.9427144
          ],
          [
            7.11339,
            46.9406671
          ],
          [
            7.1135448,
            46.9386123
          ],
          [
            7.1138238,
            46.9365759
          ],
          [
            7.1143663,
            46.9345649
          ],
          [
            7.1149289,
            46.933389
          ],
          [
            7.1160213,
            46.9319019
          ],
          [
            7.1161687,
            46.9316179
          ],
          [
            7.1164789,
            46.9307331
          ]
        ]
      },
      "id": "relation/18644536"
    },
    {
      "type": "Feature",
      "properties": {
        "@id": "relation/18644537",
        "bicycle": "yes",
        "duration": "01:25",
        "foot": "yes",
        "from": "Neuchâtel",
        "motor_vehicle": "no",
        "name": "3212: Neuchâtel-Morat/Murten Course 23,24",
        "operator": "LNM",
        "public_transport:version": "2",
        "ref": "3212",
        "route": "ferry",
        "to": "Morat/Murten",
        "type": "route",
        "website": "https://www.lnm.ch/Unsere-Fahrten"
      },
      "geometry": {
        "type": "LineString",
        "coordinates": [
          [
            7.1164789,
            46.9307331
          ],
          [
            7.1161687,
            46.9316179
          ],
          [
            7.1160213,
            46.9319019
          ],
          [
            7.1149289,
            46.933389
          ],
          [
            7.1143663,
            46.9345649
          ],
          [
            7.1138238,
            46.9365759
          ],
          [
            7.1135448,
            46.9386123
          ],
          [
            7.11339,
            46.9406671
          ],
          [
            7.113459,
            46.9427144
          ],
          [
            7.1140122,
            46.9455015
          ],
          [
            7.1147464,
            46.9482225
          ],
          [
            7.1153855,
            46.949918
          ],
          [
            7.1161365,
            46.9515805
          ],
          [
            7.1169412,
            46.9529354
          ],
          [
            7.1179926,
            46.9542536
          ],
          [
            7.1183128,
            46.955002
          ],
          [
            7.1186964,
            46.9567404
          ],
          [
            7.1187829,
            46.9571715
          ],
          [
            7.118828,
            46.957726
          ],
          [
            7.1187592,
            46.9580904
          ],
          [
            7.1186475,
            46.9583949
          ],
          [
            7.1179671,
            46.959464
          ],
          [
            7.1154532,
            46.9630358
          ],
          [
            7.1143711,
            46.9642105
          ],
          [
            7.1142207,
            46.9645763
          ],
          [
            7.1136465,
            46.9656779
          ],
          [
            7.1127281,
            46.9668516
          ],
          [
            7.1120662,
            46.9674146
          ],
          [
            7.1112927,
            46.9679916
          ],
          [
            7.1104847,
            46.9684619
          ],
          [
            7.109116,
            46.9690376
          ],
          [
            7.1082575,
            46.9693149
          ],
          [
            7.1072452,
            46.9695889
          ],
          [
            7.0993021,
            46.9717851
          ],
          [
            7.098727,
            46.971992
          ],
          [
            7.0982859,
            46.9722205
          ],
          [
            7.0978478,
            46.9724807
          ],
          [
            7.0956548,
            46.9740316
          ],
          [
            7.0946679,
            46.9746385
          ],
          [
            7.0937213,
            46.9752775
          ],
          [
            7.093138,
            46.9755599
          ],
          [
            7.0931285,
            46.975588
          ],
          [
            7.0930675,
            46.975588
          ],
          [
            7.0921381,
            46.9758373
          ],
          [
            7.0918046,
            46.9759853
          ],
          [
            7.0909377,
            46.9762624
          ],
          [
            7.0898688,
            46.9763699
          ],
          [
            7.0875605,
            46.9762159
          ],
          [
            7.0861766,
            46.976002
          ],
          [
            7.0851648,
            46.9757599
          ],
          [
            7.0841933,
            46.9754564
          ],
          [
            7.0832859,
            46.9750694
          ],
          [
            7.082448,
            46.9746046
          ],
          [
            7.0804608,
            46.9732984
          ],
          [
            7.076296,
            46.9706769
          ],
          [
            7.0757621,
            46.970463
          ],
          [
            7.0739569,
            46.9700063
          ],
          [
            7.0732748,
            46.9697822
          ],
          [
            7.0708429,
            46.9688135
          ],
          [
            7.0702766,
            46.9686681
          ],
          [
            7.0698227,
            46.9686121
          ],
          [
            7.069264,
            46.9685686
          ],
          [
            7.0684023,
            46.9686291
          ],
          [
            7.067546,
            46.9688078
          ],
          [
            7.0663077,
            46.9692297
          ],
          [
            7.0651787,
            46.9696782
          ],
          [
            7.0646202,
            46.9700111
          ],
          [
            7.0630391,
            46.9710992
          ],
          [
            7.0609597,
            46.9727419
          ],
          [
            7.0602534,
            46.9732302
          ],
          [
            7.0595664,
            46.9735867
          ],
          [
            7.0589752,
            46.9738285
          ],
          [
            7.0561713,
            46.9748512
          ],
          [
            7.0550428,
            46.9754966
          ],
          [
            7.0541014,
            46.9758117
          ],
          [
            7.0540313,
            46.9760631
          ],
          [
            7.0523618,
            46.9770296
          ],
          [
            7.0521355,
            46.9771181
          ],
          [
            7.0512515,
            46.977369
          ],
          [
            7.0492235,
            46.9777884
          ],
          [
            7.0424112,
            46.9791109
          ],
          [
            7.0366114,
            46.9802392
          ],
          [
            7.0324508,
            46.9811377
          ],
          [
            7.0264146,
            46.9823036
          ],
          [
            6.9385747,
            46.9881962
          ],
          [
            6.9365573,
            46.9887426
          ],
          [
            6.9345617,
            46.9896216
          ],
          [
            6.9332432,
            46.990931
          ]
        ]
      },
      "id": "relation/18644537"
    },
    {
      "type": "Feature",
      "properties": {
        "@id": "relation/18669861",
        "bicycle": "yes",
        "duration": "01:25",
        "foot": "yes",
        "from": "Neuchâtel",
        "motor_vehicle": "no",
        "name": "3214: Neuchâtel-Neuchâtel Course 217",
        "operator": "LNM",
        "public_transport:version": "2",
        "ref": "3212",
        "route": "ferry",
        "to": "Neuchâtel",
        "type": "route",
        "via": "Portalban",
        "website": "https://www.lnm.ch/Unsere-Fahrten"
      },
      "geometry": {
        "type": "LineString",
        "coordinates": [
          [
            7.0137346,
            46.9592795
          ],
          [
            7.0040584,
            46.9628993
          ],
          [
            6.9733449,
            46.9746737
          ],
          [
            6.9383037,
            46.9874103
          ],
          [
            6.9362783,
            46.9883328
          ],
          [
            6.9345554,
            46.9896222
          ],
          [
            6.9332432,
            46.990931
          ],
          [
            6.9345527,
            46.9896197
          ],
          [
            6.9476162,
            46.9452672
          ],
          [
            6.952682,
            46.926486
          ],
          [
            6.9589879,
            46.9399664
          ],
          [
            6.9604075,
            46.9421029
          ],
          [
            6.9624639,
            46.9440488
          ],
          [
            6.964345,
            46.9454869
          ],
          [
            6.9674493,
            46.947212
          ],
          [
            6.9912056,
            46.9574255
          ],
          [
            6.9937849,
            46.9582959
          ],
          [
            6.9966608,
            46.9589167
          ],
          [
            6.9999969,
            46.959365
          ],
          [
            7.0034895,
            46.9595097
          ],
          [
            7.0137346,
            46.9592795
          ]
        ]
      },
      "id": "relation/18669861"
    },
    {
      "type": "Feature",
      "properties": {
        "@id": "relation/18669862",
        "bicycle": "yes",
        "duration": "01:45",
        "foot": "yes",
        "from": "Morat/Murten",
        "motor_vehicle": "no",
        "name": "3212: Morat/Murten-Neuchâtel Course 1,26",
        "operator": "LNM",
        "public_transport:version": "2",
        "ref": "3212",
        "route": "ferry",
        "to": "Neuchâtel",
        "type": "route",
        "website": "https://www.lnm.ch/TicketCms/Search"
      },
      "geometry": {
        "type": "LineString",
        "coordinates": [
          [
            6.9332432,
            46.990931
          ],
          [
            6.9345617,
            46.9896216
          ],
          [
            6.9365573,
            46.9887426
          ],
          [
            6.9385747,
            46.9881962
          ],
          [
            7.0264146,
            46.9823036
          ],
          [
            7.0324508,
            46.9811377
          ],
          [
            7.0366114,
            46.9802392
          ],
          [
            7.0424112,
            46.9791109
          ],
          [
            7.0492235,
            46.9777884
          ],
          [
            7.0512515,
            46.977369
          ],
          [
            7.0521355,
            46.9771181
          ],
          [
            7.0523618,
            46.9770296
          ],
          [
            7.0540313,
            46.9760631
          ],
          [
            7.0541014,
            46.9758117
          ],
          [
            7.0550428,
            46.9754966
          ],
          [
            7.0561713,
            46.9748512
          ],
          [
            7.0589752,
            46.9738285
          ],
          [
            7.0595664,
            46.9735867
          ],
          [
            7.0602534,
            46.9732302
          ],
          [
            7.0609597,
            46.9727419
          ],
          [
            7.0630391,
            46.9710992
          ],
          [
            7.0646202,
            46.9700111
          ],
          [
            7.0651787,
            46.9696782
          ],
          [
            7.0663077,
            46.9692297
          ],
          [
            7.067546,
            46.9688078
          ],
          [
            7.0684023,
            46.9686291
          ],
          [
            7.069264,
            46.9685686
          ],
          [
            7.0698227,
            46.9686121
          ],
          [
            7.0702766,
            46.9686681
          ],
          [
            7.0708429,
            46.9688135
          ],
          [
            7.0732748,
            46.9697822
          ],
          [
            7.0739569,
            46.9700063
          ],
          [
            7.0757621,
            46.970463
          ],
          [
            7.076296,
            46.9706769
          ],
          [
            7.0804608,
            46.9732984
          ],
          [
            7.082448,
            46.9746046
          ],
          [
            7.0832859,
            46.9750694
          ],
          [
            7.0841933,
            46.9754564
          ],
          [
            7.0851648,
            46.9757599
          ],
          [
            7.0861766,
            46.976002
          ],
          [
            7.0875605,
            46.9762159
          ],
          [
            7.0898688,
            46.9763699
          ],
          [
            7.0909377,
            46.9762624
          ],
          [
            7.0918046,
            46.9759853
          ],
          [
            7.0921381,
            46.9758373
          ],
          [
            7.0930675,
            46.975588
          ],
          [
            7.0931285,
            46.975588
          ],
          [
            7.093138,
            46.9755599
          ],
          [
            7.0937213,
            46.9752775
          ],
          [
            7.0946679,
            46.9746385
          ],
          [
            7.0956548,
            46.9740316
          ],
          [
            7.0978478,
            46.9724807
          ],
          [
            7.0982859,
            46.9722205
          ],
          [
            7.098727,
            46.971992
          ],
          [
            7.0993021,
            46.9717851
          ],
          [
            7.1072452,
            46.9695889
          ],
          [
            7.1082575,
            46.9693149
          ],
          [
            7.109116,
            46.9690376
          ],
          [
            7.1104847,
            46.9684619
          ],
          [
            7.1112927,
            46.9679916
          ],
          [
            7.1120662,
            46.9674146
          ],
          [
            7.1127281,
            46.9668516
          ],
          [
            7.1136465,
            46.9656779
          ],
          [
            7.1142207,
            46.9645763
          ],
          [
            7.1143711,
            46.9642105
          ],
          [
            7.1144504,
            46.9640279
          ],
          [
            7.1153898,
            46.9630118
          ],
          [
            7.1179013,
            46.9594435
          ],
          [
            7.1185787,
            46.958379
          ],
          [
            7.1186879,
            46.9580812
          ],
          [
            7.1187554,
            46.9577242
          ],
          [
            7.1187108,
            46.9571762
          ],
          [
            7.1186367,
            46.9567573
          ],
          [
            7.11824,
            46.9550233
          ],
          [
            7.117939,
            46.9547296
          ],
          [
            7.1171451,
            46.9543635
          ],
          [
            7.115175,
            46.95372
          ],
          [
            7.1074033,
            46.9511851
          ],
          [
            7.1054236,
            46.9506831
          ],
          [
            7.1040881,
            46.9505991
          ],
          [
            7.102683,
            46.9506348
          ],
          [
            7.0995931,
            46.9509278
          ],
          [
            7.0972774,
            46.9515105
          ],
          [
            7.0976297,
            46.9502687
          ],
          [
            7.0975327,
            46.9494713
          ],
          [
            7.0971577,
            46.9487892
          ],
          [
            7.0958809,
            46.9479103
          ],
          [
            7.0917825,
            46.9464894
          ],
          [
            7.0878343,
            46.9463576
          ],
          [
            7.0841856,
            46.9467024
          ],
          [
            7.088165,
            46.9436023
          ],
          [
            7.0950873,
            46.9400585
          ],
          [
            7.1030946,
            46.9370804
          ],
          [
            7.111094,
            46.9340301
          ],
          [
            7.1139972,
            46.9328699
          ],
          [
            7.1148303,
            46.9324019
          ],
          [
            7.1156155,
            46.9317683
          ],
          [
            7.1158308,
            46.9315374
          ],
          [
            7.1164789,
            46.9307331
          ]
        ]
      },
      "id": "relation/18669862"
    },
    {
      "type": "Feature",
      "properties": {
        "@id": "way/37553230",
        "bicycle": "yes",
        "foot": "yes",
        "from": "Concise",
        "horse": "no",
        "motor_vehicle": "no",
        "name": "Concise-Grandson",
        "operator": "LNM",
        "route": "ferry",
        "to": "Grandson",
        "@relations": [
          {
            "role": "",
            "rel": 18642769,
            "reltags": {
              "bicycle": "yes",
              "duration": "00:50",
              "foot": "yes",
              "from": "Estavayer",
              "motor_vehicle": "no",
              "name": "3211: Yverdon-Estavayer Course 11,12,13,14",
              "operator": "LNM",
              "public_transport:version": "2",
              "ref": "3211",
              "route": "ferry",
              "to": "Yverdon",
              "type": "route",
              "website": "https://www.lnm.ch/Unsere-Fahrten"
            }
          },
          {
            "role": "",
            "rel": 18642770,
            "reltags": {
              "bicycle": "yes",
              "duration": "00:50",
              "foot": "yes",
              "from": "Estavayer",
              "motor_vehicle": "no",
              "name": "3211: Estavayer-Yverdon Course 11,12,13,14",
              "operator": "LNM",
              "public_transport:version": "2",
              "ref": "3211",
              "route": "ferry",
              "to": "Yverdon",
              "type": "route",
              "website": "https://www.lnm.ch/Unsere-Fahrten"
            }
          }
        ]
      },
      "geometry": {
        "type": "LineString",
        "coordinates": [
          [
            6.7207766,
            46.8474962
          ],
          [
            6.7202853,
            46.8451645
          ],
          [
            6.7194307,
            46.8431231
          ],
          [
            6.7144811,
            46.8353523
          ],
          [
            6.7118525,
            46.8321449
          ],
          [
            6.7088199,
            46.8291194
          ],
          [
            6.7035055,
            46.8256119
          ],
          [
            6.6978192,
            46.8223964
          ],
          [
            6.6857851,
            46.816463
          ],
          [
            6.6742051,
            46.8114053
          ],
          [
            6.6682184,
            46.8089968
          ],
          [
            6.6627074,
            46.8071597
          ],
          [
            6.6589379,
            46.8065295
          ],
          [
            6.6551185,
            46.8061109
          ],
          [
            6.6470755,
            46.8056954
          ],
          [
            6.6450977,
            46.805729
          ],
          [
            6.6430295,
            46.8058723
          ]
        ]
      },
      "id": "way/37553230"
    },
    {
      "type": "Feature",
      "properties": {
        "@id": "way/1255197434",
        "bicycle": "yes",
        "foot": "yes",
        "from": "Grandson",
        "horse": "no",
        "motor_vehicle": "no",
        "name": "Grandson-Yverdon",
        "operator": "LNM",
        "route": "ferry",
        "to": "Yverdon-les-Bains",
        "@relations": [
          {
            "role": "",
            "rel": 18642768,
            "reltags": {
              "bicycle": "yes",
              "duration": "01:05",
              "foot": "yes",
              "from": "Yverdon",
              "motor_vehicle": "no",
              "name": "3211: Yverdon-Yverdon Course 511",
              "operator": "LNM",
              "public_transport:version": "2",
              "ref": "3211",
              "route": "ferry",
              "to": "Yverdon",
              "type": "route",
              "via": "Grandson",
              "website": "https://www.lnm.ch/Unsere-Fahrten"
            }
          },
          {
            "role": "",
            "rel": 18642768,
            "reltags": {
              "bicycle": "yes",
              "duration": "01:05",
              "foot": "yes",
              "from": "Yverdon",
              "motor_vehicle": "no",
              "name": "3211: Yverdon-Yverdon Course 511",
              "operator": "LNM",
              "public_transport:version": "2",
              "ref": "3211",
              "route": "ferry",
              "to": "Yverdon",
              "type": "route",
              "via": "Grandson",
              "website": "https://www.lnm.ch/Unsere-Fahrten"
            }
          },
          {
            "role": "",
            "rel": 18642769,
            "reltags": {
              "bicycle": "yes",
              "duration": "00:50",
              "foot": "yes",
              "from": "Estavayer",
              "motor_vehicle": "no",
              "name": "3211: Yverdon-Estavayer Course 11,12,13,14",
              "operator": "LNM",
              "public_transport:version": "2",
              "ref": "3211",
              "route": "ferry",
              "to": "Yverdon",
              "type": "route",
              "website": "https://www.lnm.ch/Unsere-Fahrten"
            }
          },
          {
            "role": "",
            "rel": 18642770,
            "reltags": {
              "bicycle": "yes",
              "duration": "00:50",
              "foot": "yes",
              "from": "Estavayer",
              "motor_vehicle": "no",
              "name": "3211: Estavayer-Yverdon Course 11,12,13,14",
              "operator": "LNM",
              "public_transport:version": "2",
              "ref": "3211",
              "route": "ferry",
              "to": "Yverdon",
              "type": "route",
              "website": "https://www.lnm.ch/Unsere-Fahrten"
            }
          }
        ]
      },
      "geometry": {
        "type": "LineString",
        "coordinates": [
          [
            6.6430295,
            46.8058723
          ],
          [
            6.6471887,
            46.7972336
          ],
          [
            6.6477585,
            46.7949475
          ],
          [
            6.647667,
            46.7932089
          ],
          [
            6.6473293,
            46.7920535
          ],
          [
            6.6464066,
            46.7906872
          ],
          [
            6.6455074,
            46.7901009
          ],
          [
            6.6405862,
            46.7873668
          ],
          [
            6.6405632,
            46.7872281
          ]
        ]
      },
      "id": "way/1255197434"
    },
    {
      "type": "Feature",
      "properties": {
        "@id": "way/1356248197",
        "bicycle": "yes",
        "foot": "yes",
        "from": "Neuchâtel",
        "horse": "no",
        "motor_vehicle": "no",
        "name": "Neuchâtel-Cortaillod",
        "operator": "LNM",
        "route": "ferry",
        "to": "Estavayer-le-Lac",
        "@relations": [
          {
            "role": "",
            "rel": 18642771,
            "reltags": {
              "bicycle": "yes",
              "duration": "01:45",
              "foot": "yes",
              "from": "Neuchâtel",
              "motor_vehicle": "no",
              "name": "3214: Neuchâtel-Neuchâtel Course 411,412,413,414,415,416",
              "operator": "LNM",
              "public_transport:version": "2",
              "ref": "3214",
              "route": "ferry",
              "to": "Neuchâtel",
              "type": "route",
              "via": "Estavayer",
              "website": "https://www.lnm.ch/Unsere-Fahrten"
            }
          }
        ]
      },
      "geometry": {
        "type": "LineString",
        "coordinates": [
          [
            6.8544087,
            46.9387132
          ],
          [
            6.8589346,
            46.9388433
          ],
          [
            6.8643092,
            46.9400079
          ],
          [
            6.8689338,
            46.9414218
          ],
          [
            6.8756715,
            46.9451721
          ],
          [
            6.88201,
            46.9501398
          ],
          [
            6.9345319,
            46.9896179
          ],
          [
            6.9332432,
            46.990931
          ]
        ]
      },
      "id": "way/1356248197"
    },
    {
      "type": "Feature",
      "properties": {
        "@id": "way/1252352559",
        "bicycle": "yes",
        "foot": "yes",
        "from": "Vaumarcus",
        "horse": "no",
        "motor_vehicle": "no",
        "name": "Vaumarcus - Concise",
        "operator": "LNM",
        "route": "ferry",
        "to": "Concise",
        "@relations": [
          {
            "role": "",
            "rel": 18642769,
            "reltags": {
              "bicycle": "yes",
              "duration": "00:50",
              "foot": "yes",
              "from": "Estavayer",
              "motor_vehicle": "no",
              "name": "3211: Yverdon-Estavayer Course 11,12,13,14",
              "operator": "LNM",
              "public_transport:version": "2",
              "ref": "3211",
              "route": "ferry",
              "to": "Yverdon",
              "type": "route",
              "website": "https://www.lnm.ch/Unsere-Fahrten"
            }
          },
          {
            "role": "",
            "rel": 18642770,
            "reltags": {
              "bicycle": "yes",
              "duration": "00:50",
              "foot": "yes",
              "from": "Estavayer",
              "motor_vehicle": "no",
              "name": "3211: Estavayer-Yverdon Course 11,12,13,14",
              "operator": "LNM",
              "public_transport:version": "2",
              "ref": "3211",
              "route": "ferry",
              "to": "Yverdon",
              "type": "route",
              "website": "https://www.lnm.ch/Unsere-Fahrten"
            }
          }
        ]
      },
      "geometry": {
        "type": "LineString",
        "coordinates": [
          [
            6.7207766,
            46.8474962
          ],
          [
            6.7275381,
            46.8483345
          ],
          [
            6.7340434,
            46.849654
          ],
          [
            6.7386746,
            46.8511228
          ],
          [
            6.7426798,
            46.8529677
          ],
          [
            6.7459702,
            46.8543511
          ],
          [
            6.7494072,
            46.856184
          ],
          [
            6.754961,
            46.860103
          ],
          [
            6.7595352,
            46.8643565
          ],
          [
            6.7618489,
            46.8689497
          ],
          [
            6.7630757,
            46.8735986
          ],
          [
            6.762557,
            46.8757561
          ],
          [
            6.7611321,
            46.8774592
          ]
        ]
      },
      "id": "way/1252352559"
    },
    {
      "type": "Feature",
      "properties": {
        "@id": "way/1252357739",
        "bicycle": "yes",
        "foot": "yes",
        "from": "St-Aubin NE",
        "horse": "no",
        "motor_vehicle": "no",
        "name": "St-Aubin-Vaumarcus",
        "operator": "LNM",
        "route": "ferry",
        "to": "Vaumarcus",
        "@relations": [
          {
            "role": "",
            "rel": 18642769,
            "reltags": {
              "bicycle": "yes",
              "duration": "00:50",
              "foot": "yes",
              "from": "Estavayer",
              "motor_vehicle": "no",
              "name": "3211: Yverdon-Estavayer Course 11,12,13,14",
              "operator": "LNM",
              "public_transport:version": "2",
              "ref": "3211",
              "route": "ferry",
              "to": "Yverdon",
              "type": "route",
              "website": "https://www.lnm.ch/Unsere-Fahrten"
            }
          },
          {
            "role": "",
            "rel": 18642770,
            "reltags": {
              "bicycle": "yes",
              "duration": "00:50",
              "foot": "yes",
              "from": "Estavayer",
              "motor_vehicle": "no",
              "name": "3211: Estavayer-Yverdon Course 11,12,13,14",
              "operator": "LNM",
              "public_transport:version": "2",
              "ref": "3211",
              "route": "ferry",
              "to": "Yverdon",
              "type": "route",
              "website": "https://www.lnm.ch/Unsere-Fahrten"
            }
          }
        ]
      },
      "geometry": {
        "type": "LineString",
        "coordinates": [
          [
            6.7611321,
            46.8774592
          ],
          [
            6.7657542,
            46.8785723
          ],
          [
            6.7692125,
            46.8800964
          ],
          [
            6.771934,
            46.882547
          ],
          [
            6.7744482,
            46.8853176
          ],
          [
            6.7750454,
            46.8874307
          ],
          [
            6.7750622,
            46.8896587
          ]
        ]
      },
      "id": "way/1252357739"
    },
    {
      "type": "Feature",
      "properties": {
        "@id": "way/1252315160",
        "access": "yes",
        "from": "Estavayer-le-Lac",
        "horse": "no",
        "motor_vehicle": "no",
        "name": "Estavayer-Gorgier",
        "operator": "LNM",
        "route": "ferry",
        "to": "Gorgier / Chez-le-Bart",
        "@relations": [
          {
            "role": "",
            "rel": 18642769,
            "reltags": {
              "bicycle": "yes",
              "duration": "00:50",
              "foot": "yes",
              "from": "Estavayer",
              "motor_vehicle": "no",
              "name": "3211: Yverdon-Estavayer Course 11,12,13,14",
              "operator": "LNM",
              "public_transport:version": "2",
              "ref": "3211",
              "route": "ferry",
              "to": "Yverdon",
              "type": "route",
              "website": "https://www.lnm.ch/Unsere-Fahrten"
            }
          },
          {
            "role": "",
            "rel": 18642770,
            "reltags": {
              "bicycle": "yes",
              "duration": "00:50",
              "foot": "yes",
              "from": "Estavayer",
              "motor_vehicle": "no",
              "name": "3211: Estavayer-Yverdon Course 11,12,13,14",
              "operator": "LNM",
              "public_transport:version": "2",
              "ref": "3211",
              "route": "ferry",
              "to": "Yverdon",
              "type": "route",
              "website": "https://www.lnm.ch/Unsere-Fahrten"
            }
          }
        ]
      },
      "geometry": {
        "type": "LineString",
        "coordinates": [
          [
            6.7875279,
            46.8998571
          ],
          [
            6.8328597,
            46.8550742
          ],
          [
            6.8340754,
            46.8542557
          ],
          [
            6.8353093,
            46.8535807
          ],
          [
            6.8378064,
            46.8523702
          ]
        ]
      },
      "id": "way/1252315160"
    },
    {
      "type": "Feature",
      "properties": {
        "@id": "way/37587504",
        "bicycle": "yes",
        "foot": "yes",
        "from": "Estavayer-le-Lac",
        "horse": "no",
        "motor_vehicle": "no",
        "name": "Estavayer-Chevroux",
        "operator": "LNM",
        "route": "ferry",
        "to": "Neuchâtel",
        "@relations": [
          {
            "role": "",
            "rel": 18642771,
            "reltags": {
              "bicycle": "yes",
              "duration": "01:45",
              "foot": "yes",
              "from": "Neuchâtel",
              "motor_vehicle": "no",
              "name": "3214: Neuchâtel-Neuchâtel Course 411,412,413,414,415,416",
              "operator": "LNM",
              "public_transport:version": "2",
              "ref": "3214",
              "route": "ferry",
              "to": "Neuchâtel",
              "type": "route",
              "via": "Estavayer",
              "website": "https://www.lnm.ch/Unsere-Fahrten"
            }
          }
        ]
      },
      "geometry": {
        "type": "LineString",
        "coordinates": [
          [
            6.8378064,
            46.8523702
          ],
          [
            6.8358028,
            46.8539549
          ],
          [
            6.8355131,
            46.8545859
          ],
          [
            6.8353843,
            46.8552462
          ],
          [
            6.8355485,
            46.8565058
          ],
          [
            6.836307,
            46.8586211
          ],
          [
            6.8372876,
            46.8607411
          ],
          [
            6.841787,
            46.8665731
          ],
          [
            6.8465935,
            46.8730865
          ],
          [
            6.8524085,
            46.8805524
          ],
          [
            6.8612061,
            46.88812
          ],
          [
            6.8734196,
            46.8962571
          ],
          [
            6.876484,
            46.8976438
          ],
          [
            6.8797838,
            46.898371
          ],
          [
            6.8872259,
            46.9000851
          ],
          [
            6.8937184,
            46.9008348
          ],
          [
            6.8948543,
            46.9008254
          ],
          [
            6.8960667,
            46.9007154
          ],
          [
            6.8965324,
            46.9004721
          ],
          [
            6.896753,
            46.900059
          ],
          [
            6.8969022,
            46.8998202
          ]
        ]
      },
      "id": "way/37587504"
    },
    {
      "type": "Feature",
      "properties": {
        "@id": "way/1356248196",
        "bicycle": "yes",
        "foot": "yes",
        "from": "Neuchâtel",
        "horse": "no",
        "motor_vehicle": "no",
        "name": "Bevaix-Estavayer",
        "operator": "LNM",
        "route": "ferry",
        "to": "Estavayer-le-Lac",
        "@relations": [
          {
            "role": "",
            "rel": 18642771,
            "reltags": {
              "bicycle": "yes",
              "duration": "01:45",
              "foot": "yes",
              "from": "Neuchâtel",
              "motor_vehicle": "no",
              "name": "3214: Neuchâtel-Neuchâtel Course 411,412,413,414,415,416",
              "operator": "LNM",
              "public_transport:version": "2",
              "ref": "3214",
              "route": "ferry",
              "to": "Neuchâtel",
              "type": "route",
              "via": "Estavayer",
              "website": "https://www.lnm.ch/Unsere-Fahrten"
            }
          }
        ]
      },
      "geometry": {
        "type": "LineString",
        "coordinates": [
          [
            6.8378064,
            46.8523702
          ],
          [
            6.8355346,
            46.8538302
          ],
          [
            6.8340656,
            46.8552761
          ],
          [
            6.8331313,
            46.8575573
          ],
          [
            6.8323167,
            46.8610258
          ],
          [
            6.8266295,
            46.8908183
          ],
          [
            6.8224898,
            46.9220719
          ]
        ]
      },
      "id": "way/1356248196"
    },
    {
      "type": "Feature",
      "properties": {
        "@id": "way/1173045236",
        "bicycle": "yes",
        "foot": "yes",
        "from": "Gorgier / Chez-le-Bart",
        "motor_vehicle": "no",
        "name": "Gorgier-St-Aubin",
        "operator": "LNM",
        "route": "ferry",
        "to": "St-Aubin NE",
        "@relations": [
          {
            "role": "",
            "rel": 18642769,
            "reltags": {
              "bicycle": "yes",
              "duration": "00:50",
              "foot": "yes",
              "from": "Estavayer",
              "motor_vehicle": "no",
              "name": "3211: Yverdon-Estavayer Course 11,12,13,14",
              "operator": "LNM",
              "public_transport:version": "2",
              "ref": "3211",
              "route": "ferry",
              "to": "Yverdon",
              "type": "route",
              "website": "https://www.lnm.ch/Unsere-Fahrten"
            }
          },
          {
            "role": "",
            "rel": 18642770,
            "reltags": {
              "bicycle": "yes",
              "duration": "00:50",
              "foot": "yes",
              "from": "Estavayer",
              "motor_vehicle": "no",
              "name": "3211: Estavayer-Yverdon Course 11,12,13,14",
              "operator": "LNM",
              "public_transport:version": "2",
              "ref": "3211",
              "route": "ferry",
              "to": "Yverdon",
              "type": "route",
              "website": "https://www.lnm.ch/Unsere-Fahrten"
            }
          }
        ]
      },
      "geometry": {
        "type": "LineString",
        "coordinates": [
          [
            6.7875279,
            46.8998571
          ],
          [
            6.7869275,
            46.8981478
          ],
          [
            6.7860958,
            46.8959405
          ],
          [
            6.7850194,
            46.8940609
          ],
          [
            6.7795944,
            46.8904202
          ],
          [
            6.7774462,
            46.8897883
          ],
          [
            6.7750622,
            46.8896587
          ]
        ]
      },
      "id": "way/1173045236"
    },
    {
      "type": "Feature",
      "properties": {
        "@id": "way/1067628837",
        "bicycle": "yes",
        "foot": "yes",
        "from": "Neuchâtel",
        "horse": "no",
        "motor_vehicle": "no",
        "name": "Cortaillod-Bevaix",
        "operator": "LNM",
        "route": "ferry",
        "to": "Estavayer-le-Lac",
        "@relations": [
          {
            "role": "",
            "rel": 18642771,
            "reltags": {
              "bicycle": "yes",
              "duration": "01:45",
              "foot": "yes",
              "from": "Neuchâtel",
              "motor_vehicle": "no",
              "name": "3214: Neuchâtel-Neuchâtel Course 411,412,413,414,415,416",
              "operator": "LNM",
              "public_transport:version": "2",
              "ref": "3214",
              "route": "ferry",
              "to": "Neuchâtel",
              "type": "route",
              "via": "Estavayer",
              "website": "https://www.lnm.ch/Unsere-Fahrten"
            }
          }
        ]
      },
      "geometry": {
        "type": "LineString",
        "coordinates": [
          [
            6.8224898,
            46.9220719
          ],
          [
            6.8261043,
            46.9225784
          ],
          [
            6.8330738,
            46.9230356
          ],
          [
            6.8401376,
            46.9245128
          ],
          [
            6.843109,
            46.9259416
          ],
          [
            6.8452016,
            46.9275316
          ],
          [
            6.8492786,
            46.9313415
          ],
          [
            6.851081,
            46.9337445
          ],
          [
            6.8529522,
            46.9362647
          ],
          [
            6.8544087,
            46.9387132
          ]
        ]
      },
      "id": "way/1067628837"
    },
    {
      "type": "Feature",
      "properties": {
        "@id": "way/1173008759",
        "bicycle": "yes",
        "foot": "yes",
        "motor_vehicle": "no",
        "name": "Auvernier (bateau) - Portalban",
        "operator": "LNM",
        "route": "ferry",
        "@relations": [
          {
            "role": "",
            "rel": 18642773,
            "reltags": {
              "bicycle": "yes",
              "duration": "01:25",
              "foot": "yes",
              "from": "Neuchâtel",
              "motor_vehicle": "no",
              "name": "3214: Neuchâtel-Neuchâtel Course 211,213,215",
              "operator": "LNM",
              "public_transport:version": "2",
              "ref": "3214",
              "route": "ferry",
              "to": "Neuchâtel",
              "type": "route",
              "via": "Auvernier",
              "website": "https://www.lnm.ch/Unsere-Fahrten"
            }
          }
        ]
      },
      "geometry": {
        "type": "LineString",
        "coordinates": [
          [
            6.8815855,
            46.9736636
          ],
          [
            6.8945174,
            46.9651959
          ],
          [
            6.9158539,
            46.9500465
          ],
          [
            6.9311968,
            46.9402615
          ],
          [
            6.9405463,
            46.9342431
          ],
          [
            6.952682,
            46.926486
          ]
        ]
      },
      "id": "way/1173008759"
    },
    {
      "type": "Feature",
      "properties": {
        "@id": "way/1356248195",
        "bicycle": "yes",
        "foot": "yes",
        "from": "Estavayer-le-Lac",
        "horse": "no",
        "motor_vehicle": "no",
        "name": "Chevroux-Neuchâtel",
        "operator": "LNM",
        "route": "ferry",
        "to": "Neuchâtel",
        "@relations": [
          {
            "role": "",
            "rel": 18642771,
            "reltags": {
              "bicycle": "yes",
              "duration": "01:45",
              "foot": "yes",
              "from": "Neuchâtel",
              "motor_vehicle": "no",
              "name": "3214: Neuchâtel-Neuchâtel Course 411,412,413,414,415,416",
              "operator": "LNM",
              "public_transport:version": "2",
              "ref": "3214",
              "route": "ferry",
              "to": "Neuchâtel",
              "type": "route",
              "via": "Estavayer",
              "website": "https://www.lnm.ch/Unsere-Fahrten"
            }
          }
        ]
      },
      "geometry": {
        "type": "LineString",
        "coordinates": [
          [
            6.8969022,
            46.8998202
          ],
          [
            6.8968811,
            46.9000788
          ],
          [
            6.8967028,
            46.9004986
          ],
          [
            6.8967203,
            46.9012632
          ],
          [
            6.9345467,
            46.9896174
          ],
          [
            6.9332432,
            46.990931
          ]
        ]
      },
      "id": "way/1356248195"
    },
    {
      "type": "Feature",
      "properties": {
        "@id": "way/1173010248",
        "bicycle": "yes",
        "foot": "yes",
        "from": "Neuchâtel (bateau)",
        "horse": "no",
        "motor_vehicle": "no",
        "name": "Neuchâtel (bateau) - Neuchâtel-Serrières (bateau)",
        "operator": "LNM",
        "route": "ferry",
        "to": "Neuchâtel-Serrières (bateau)",
        "@relations": [
          {
            "role": "",
            "rel": 18642773,
            "reltags": {
              "bicycle": "yes",
              "duration": "01:25",
              "foot": "yes",
              "from": "Neuchâtel",
              "motor_vehicle": "no",
              "name": "3214: Neuchâtel-Neuchâtel Course 211,213,215",
              "operator": "LNM",
              "public_transport:version": "2",
              "ref": "3214",
              "route": "ferry",
              "to": "Neuchâtel",
              "type": "route",
              "via": "Auvernier",
              "website": "https://www.lnm.ch/Unsere-Fahrten"
            }
          }
        ]
      },
      "geometry": {
        "type": "LineString",
        "coordinates": [
          [
            6.9332432,
            46.990931
          ],
          [
            6.9345232,
            46.989617
          ],
          [
            6.9323623,
            46.9886841
          ],
          [
            6.9304526,
            46.9878717
          ],
          [
            6.916972,
            46.9832989
          ],
          [
            6.9086207,
            46.9804433
          ],
          [
            6.906774,
            46.9799157
          ],
          [
            6.90539,
            46.9798571
          ],
          [
            6.9037645,
            46.9800236
          ]
        ]
      },
      "id": "way/1173010248"
    },
    {
      "type": "Feature",
      "properties": {
        "@id": "way/1173010249",
        "bicycle": "yes",
        "foot": "yes",
        "motor_vehicle": "no",
        "name": "Neuchâtel-Serrières (bateau) - Auvernier (bateau)",
        "operator": "LNM",
        "route": "ferry",
        "@relations": [
          {
            "role": "",
            "rel": 18642773,
            "reltags": {
              "bicycle": "yes",
              "duration": "01:25",
              "foot": "yes",
              "from": "Neuchâtel",
              "motor_vehicle": "no",
              "name": "3214: Neuchâtel-Neuchâtel Course 211,213,215",
              "operator": "LNM",
              "public_transport:version": "2",
              "ref": "3214",
              "route": "ferry",
              "to": "Neuchâtel",
              "type": "route",
              "via": "Auvernier",
              "website": "https://www.lnm.ch/Unsere-Fahrten"
            }
          }
        ]
      },
      "geometry": {
        "type": "LineString",
        "coordinates": [
          [
            6.9037645,
            46.9800236
          ],
          [
            6.9034159,
            46.9793593
          ],
          [
            6.9026424,
            46.978699
          ],
          [
            6.9016993,
            46.9782614
          ],
          [
            6.9006615,
            46.9778344
          ],
          [
            6.8929904,
            46.9761435
          ],
          [
            6.8815855,
            46.9736636
          ]
        ]
      },
      "id": "way/1173010249"
    },
    {
      "type": "Feature",
      "properties": {
        "@id": "way/1356022148",
        "bicycle": "yes",
        "duration": "00:30",
        "foot": "yes",
        "from": "Neuchâtel",
        "horse": "no",
        "motor_vehicle": "no",
        "name": "Neuchâtel -Sugiez (bateau)",
        "operator": "LNM",
        "route": "ferry",
        "to": "Suigiez (bateau)",
        "@relations": [
          {
            "role": "",
            "rel": 18638844,
            "reltags": {
              "bicycle": "yes",
              "duration": "01:20",
              "foot": "yes",
              "from": "Neuchâtel",
              "motor_vehicle": "no",
              "name": "3215: Murten Neuchâtel Kurs BSG,302",
              "operator": "BSG",
              "public_transport:version": "2",
              "ref": "3215",
              "route": "ferry",
              "to": "Murten",
              "type": "route",
              "website": "https://www.bielersee.ch/fahrplan"
            }
          },
          {
            "role": "",
            "rel": 18642519,
            "reltags": {
              "bicycle": "yes",
              "duration": "01:40",
              "foot": "yes",
              "from": "Neuchâtel",
              "motor_vehicle": "no",
              "name": "3212: Neuchâtel-Morat/Murten Course 4",
              "operator": "LNM",
              "public_transport:version": "2",
              "ref": "3212",
              "route": "ferry",
              "to": "Morat/Murten",
              "type": "route",
              "website": "https://www.lnm.ch/Unsere-Fahrten"
            }
          },
          {
            "role": "",
            "rel": 18642520,
            "reltags": {
              "bicycle": "yes",
              "duration": "01:22",
              "foot": "yes",
              "from": "Neuchâtel",
              "motor_vehicle": "no",
              "name": "3212: Neuchâtel-Morat/Murten Course 21",
              "operator": "LNM",
              "public_transport:version": "2",
              "ref": "3212",
              "route": "ferry",
              "to": "Morat/Murten",
              "type": "route",
              "website": "https://www.lnm.ch/Unsere-Fahrten"
            }
          },
          {
            "role": "",
            "rel": 18644536,
            "reltags": {
              "bicycle": "yes",
              "duration": "01:20",
              "foot": "yes",
              "from": "Morat/Murten",
              "motor_vehicle": "no",
              "name": "3212: Morat/Murten-Neuchâtel Course 302/BSG",
              "operator": "LNM/BSG",
              "public_transport:version": "2",
              "ref": "3212",
              "route": "ferry",
              "to": "Neuchâtel",
              "type": "route",
              "website": "https://www.lnm.ch/Unsere-Fahrten"
            }
          },
          {
            "role": "",
            "rel": 18644537,
            "reltags": {
              "bicycle": "yes",
              "duration": "01:25",
              "foot": "yes",
              "from": "Neuchâtel",
              "motor_vehicle": "no",
              "name": "3212: Neuchâtel-Morat/Murten Course 23,24",
              "operator": "LNM",
              "public_transport:version": "2",
              "ref": "3212",
              "route": "ferry",
              "to": "Morat/Murten",
              "type": "route",
              "website": "https://www.lnm.ch/Unsere-Fahrten"
            }
          },
          {
            "role": "",
            "rel": 18669862,
            "reltags": {
              "bicycle": "yes",
              "duration": "01:45",
              "foot": "yes",
              "from": "Morat/Murten",
              "motor_vehicle": "no",
              "name": "3212: Morat/Murten-Neuchâtel Course 1,26",
              "operator": "LNM",
              "public_transport:version": "2",
              "ref": "3212",
              "route": "ferry",
              "to": "Neuchâtel",
              "type": "route",
              "website": "https://www.lnm.ch/TicketCms/Search"
            }
          }
        ]
      },
      "geometry": {
        "type": "LineString",
        "coordinates": [
          [
            6.9332432,
            46.990931
          ],
          [
            6.9345617,
            46.9896216
          ],
          [
            6.9365573,
            46.9887426
          ],
          [
            6.9385747,
            46.9881962
          ],
          [
            7.0264146,
            46.9823036
          ],
          [
            7.0324508,
            46.9811377
          ],
          [
            7.0366114,
            46.9802392
          ],
          [
            7.0424112,
            46.9791109
          ],
          [
            7.0492235,
            46.9777884
          ],
          [
            7.0512515,
            46.977369
          ],
          [
            7.0521355,
            46.9771181
          ],
          [
            7.0523618,
            46.9770296
          ],
          [
            7.0540313,
            46.9760631
          ],
          [
            7.0541014,
            46.9758117
          ]
        ]
      },
      "id": "way/1356022148"
    },
    {
      "type": "Feature",
      "properties": {
        "@id": "way/37586918",
        "bicycle": "yes",
        "foot": "yes",
        "from": "Portalban",
        "horse": "no",
        "motor_vehicle": "no",
        "name": "Portalban - Neuchâtel",
        "operator": "LNM",
        "route": "ferry",
        "to": "Neuchâtel",
        "@relations": [
          {
            "role": "",
            "rel": 18642521,
            "reltags": {
              "bicycle": "yes",
              "duration": "01:22",
              "fee": "yes",
              "foot": "yes",
              "from": "Neuchâtel",
              "motor_vehicle": "no",
              "name": "3210: Neuchâtel-Neuchâtel Course 113",
              "operator": "LNM",
              "public_transport:version": "2",
              "ref": "3210",
              "route": "ferry",
              "to": "Neuchâtel",
              "type": "route",
              "via": "Cudrefin",
              "website": "https://www.lnm.ch/Unsere-Fahrten"
            }
          },
          {
            "role": "",
            "rel": 18642522,
            "reltags": {
              "bicycle": "yes",
              "duration": "01:42",
              "fee": "yes",
              "foot": "yes",
              "from": "Neuchâtel",
              "motor_vehicle": "no",
              "name": "3210: Neuchâtel-Neuchâtel Course 111,115,117",
              "operator": "LNM",
              "public_transport:version": "2",
              "ref": "3210",
              "route": "ferry",
              "to": "Neuchâtel",
              "type": "route",
              "via": "St-Blaise",
              "website": "https://www.lnm.ch/Unsere-Fahrten"
            }
          },
          {
            "role": "",
            "rel": 18642773,
            "reltags": {
              "bicycle": "yes",
              "duration": "01:25",
              "foot": "yes",
              "from": "Neuchâtel",
              "motor_vehicle": "no",
              "name": "3214: Neuchâtel-Neuchâtel Course 211,213,215",
              "operator": "LNM",
              "public_transport:version": "2",
              "ref": "3214",
              "route": "ferry",
              "to": "Neuchâtel",
              "type": "route",
              "via": "Auvernier",
              "website": "https://www.lnm.ch/Unsere-Fahrten"
            }
          },
          {
            "role": "",
            "rel": 18669861,
            "reltags": {
              "bicycle": "yes",
              "duration": "01:25",
              "foot": "yes",
              "from": "Neuchâtel",
              "motor_vehicle": "no",
              "name": "3214: Neuchâtel-Neuchâtel Course 217",
              "operator": "LNM",
              "public_transport:version": "2",
              "ref": "3212",
              "route": "ferry",
              "to": "Neuchâtel",
              "type": "route",
              "via": "Portalban",
              "website": "https://www.lnm.ch/Unsere-Fahrten"
            }
          }
        ]
      },
      "geometry": {
        "type": "LineString",
        "coordinates": [
          [
            6.952682,
            46.926486
          ],
          [
            6.9476162,
            46.9452672
          ],
          [
            6.9345527,
            46.9896197
          ],
          [
            6.9332432,
            46.990931
          ]
        ]
      },
      "id": "way/37586918"
    },
    {
      "type": "Feature",
      "properties": {
        "@id": "way/1255199562",
        "bicycle": "yes",
        "foot": "yes",
        "from": "Portalban",
        "horse": "no",
        "motor_vehicle": "no",
        "name": "Portalban - Cudrefin",
        "operator": "LNM",
        "route": "ferry",
        "to": "Cudrefin",
        "@relations": [
          {
            "role": "",
            "rel": 18642521,
            "reltags": {
              "bicycle": "yes",
              "duration": "01:22",
              "fee": "yes",
              "foot": "yes",
              "from": "Neuchâtel",
              "motor_vehicle": "no",
              "name": "3210: Neuchâtel-Neuchâtel Course 113",
              "operator": "LNM",
              "public_transport:version": "2",
              "ref": "3210",
              "route": "ferry",
              "to": "Neuchâtel",
              "type": "route",
              "via": "Cudrefin",
              "website": "https://www.lnm.ch/Unsere-Fahrten"
            }
          },
          {
            "role": "",
            "rel": 18642522,
            "reltags": {
              "bicycle": "yes",
              "duration": "01:42",
              "fee": "yes",
              "foot": "yes",
              "from": "Neuchâtel",
              "motor_vehicle": "no",
              "name": "3210: Neuchâtel-Neuchâtel Course 111,115,117",
              "operator": "LNM",
              "public_transport:version": "2",
              "ref": "3210",
              "route": "ferry",
              "to": "Neuchâtel",
              "type": "route",
              "via": "St-Blaise",
              "website": "https://www.lnm.ch/Unsere-Fahrten"
            }
          },
          {
            "role": "",
            "rel": 18669861,
            "reltags": {
              "bicycle": "yes",
              "duration": "01:25",
              "foot": "yes",
              "from": "Neuchâtel",
              "motor_vehicle": "no",
              "name": "3214: Neuchâtel-Neuchâtel Course 217",
              "operator": "LNM",
              "public_transport:version": "2",
              "ref": "3212",
              "route": "ferry",
              "to": "Neuchâtel",
              "type": "route",
              "via": "Portalban",
              "website": "https://www.lnm.ch/Unsere-Fahrten"
            }
          }
        ]
      },
      "geometry": {
        "type": "LineString",
        "coordinates": [
          [
            6.952682,
            46.926486
          ],
          [
            6.9589879,
            46.9399664
          ],
          [
            6.9604075,
            46.9421029
          ],
          [
            6.9624639,
            46.9440488
          ],
          [
            6.964345,
            46.9454869
          ],
          [
            6.9674493,
            46.947212
          ],
          [
            6.9912056,
            46.9574255
          ],
          [
            6.9937849,
            46.9582959
          ],
          [
            6.9966608,
            46.9589167
          ],
          [
            6.9999969,
            46.959365
          ],
          [
            7.0034895,
            46.9595097
          ],
          [
            7.0137346,
            46.9592795
          ]
        ]
      },
      "id": "way/1255199562"
    },
    {
      "type": "Feature",
      "properties": {
        "@id": "way/37586917",
        "bicycle": "yes",
        "foot": "yes",
        "from": "Cudrefin",
        "horse": "no",
        "motor_vehicle": "no",
        "name": "Cudrefin - Neuchâtel",
        "operator": "LNM",
        "route": "ferry",
        "to": "Neuchâtel",
        "@relations": [
          {
            "role": "",
            "rel": 18642518,
            "reltags": {
              "bicycle": "yes",
              "duration": "01:20",
              "foot": "yes",
              "from": "Neuchâtel",
              "motor_vehicle": "no",
              "name": "3214: Neuchâtel-Neuchâtel Course 311,313,315",
              "operator": "LNM",
              "public_transport:version": "2",
              "ref": "3212",
              "route": "ferry",
              "to": "Neuchâtel",
              "type": "route",
              "via": "Coudrefin",
              "website": "https://www.lnm.ch/Unsere-Fahrten"
            }
          },
          {
            "role": "",
            "rel": 18642521,
            "reltags": {
              "bicycle": "yes",
              "duration": "01:22",
              "fee": "yes",
              "foot": "yes",
              "from": "Neuchâtel",
              "motor_vehicle": "no",
              "name": "3210: Neuchâtel-Neuchâtel Course 113",
              "operator": "LNM",
              "public_transport:version": "2",
              "ref": "3210",
              "route": "ferry",
              "to": "Neuchâtel",
              "type": "route",
              "via": "Cudrefin",
              "website": "https://www.lnm.ch/Unsere-Fahrten"
            }
          },
          {
            "role": "",
            "rel": 18669861,
            "reltags": {
              "bicycle": "yes",
              "duration": "01:25",
              "foot": "yes",
              "from": "Neuchâtel",
              "motor_vehicle": "no",
              "name": "3214: Neuchâtel-Neuchâtel Course 217",
              "operator": "LNM",
              "public_transport:version": "2",
              "ref": "3212",
              "route": "ferry",
              "to": "Neuchâtel",
              "type": "route",
              "via": "Portalban",
              "website": "https://www.lnm.ch/Unsere-Fahrten"
            }
          }
        ]
      },
      "geometry": {
        "type": "LineString",
        "coordinates": [
          [
            7.0137346,
            46.9592795
          ],
          [
            7.0040584,
            46.9628993
          ],
          [
            6.9733449,
            46.9746737
          ],
          [
            6.9383037,
            46.9874103
          ],
          [
            6.9362783,
            46.9883328
          ],
          [
            6.9345554,
            46.9896222
          ],
          [
            6.9332432,
            46.990931
          ]
        ]
      },
      "id": "way/37586917"
    },
    {
      "type": "Feature",
      "properties": {
        "@id": "way/1264432177",
        "bicycle": "yes",
        "foot": "yes",
        "from": "Neuchâtel",
        "horse": "no",
        "motor_vehicle": "no",
        "name": "Neuchâtel - Hauterive - Saint-Blaise",
        "operator": "LNM",
        "route": "ferry",
        "to": "Saint-Blaise",
        "@relations": [
          {
            "role": "",
            "rel": 18642518,
            "reltags": {
              "bicycle": "yes",
              "duration": "01:20",
              "foot": "yes",
              "from": "Neuchâtel",
              "motor_vehicle": "no",
              "name": "3214: Neuchâtel-Neuchâtel Course 311,313,315",
              "operator": "LNM",
              "public_transport:version": "2",
              "ref": "3212",
              "route": "ferry",
              "to": "Neuchâtel",
              "type": "route",
              "via": "Coudrefin",
              "website": "https://www.lnm.ch/Unsere-Fahrten"
            }
          },
          {
            "role": "",
            "rel": 18642522,
            "reltags": {
              "bicycle": "yes",
              "duration": "01:42",
              "fee": "yes",
              "foot": "yes",
              "from": "Neuchâtel",
              "motor_vehicle": "no",
              "name": "3210: Neuchâtel-Neuchâtel Course 111,115,117",
              "operator": "LNM",
              "public_transport:version": "2",
              "ref": "3210",
              "route": "ferry",
              "to": "Neuchâtel",
              "type": "route",
              "via": "St-Blaise",
              "website": "https://www.lnm.ch/Unsere-Fahrten"
            }
          }
        ]
      },
      "geometry": {
        "type": "LineString",
        "coordinates": [
          [
            6.9332432,
            46.990931
          ],
          [
            6.9345737,
            46.9896283
          ],
          [
            6.9353069,
            46.9895061
          ],
          [
            6.9360543,
            46.9894301
          ],
          [
            6.9406128,
            46.9895916
          ],
          [
            6.9467592,
            46.9903041
          ],
          [
            6.9511914,
            46.9916261
          ],
          [
            6.9556011,
            46.9933965
          ],
          [
            6.957252,
            46.9940509
          ],
          [
            6.9611263,
            46.9964851
          ],
          [
            6.9645047,
            46.9989098
          ],
          [
            6.969786,
            47.0039922
          ],
          [
            6.9706605,
            47.0054116
          ],
          [
            6.973722,
            47.0059767
          ],
          [
            6.9763613,
            47.0066409
          ],
          [
            6.9789671,
            47.0075141
          ],
          [
            6.9808674,
            47.008543
          ],
          [
            6.9825544,
            47.009651
          ],
          [
            6.9825434,
            47.0096903
          ]
        ]
      },
      "id": "way/1264432177"
    },
    {
      "type": "Feature",
      "properties": {
        "@id": "way/1356009638",
        "bicycle": "yes",
        "foot": "yes",
        "from": "Neuchâtel",
        "horse": "no",
        "motor_vehicle": "no",
        "name": "La Tène - - Neuchâtel",
        "operator": "LNM / BSG",
        "operator:official_name:de": "Bielersee-Schifffahrts-Gesellschaft AG",
        "operator:official_name:fr": "Société de Navigation Lac de Bienne SA",
        "route": "ferry",
        "to": "Biel/Bienne",
        "@relations": [
          {
            "role": "",
            "rel": 18638379,
            "reltags": {
              "bicycle": "yes",
              "duration": "02:25",
              "foot": "yes",
              "from": "Neuchâtel",
              "motor_vehicle": "no",
              "name": "3215: Neuchâtel-Biel/Bienne Kurs 302",
              "operator": "LMN",
              "public_transport:version": "2",
              "ref": "3215",
              "route": "ferry",
              "to": "Biel/Bienne",
              "type": "route",
              "website": "https://bielersee.ch/fahrplan"
            }
          },
          {
            "role": "",
            "rel": 18638380,
            "reltags": {
              "bicycle": "yes",
              "duration": "02:25",
              "foot": "yes",
              "from": "Neuchâtel",
              "motor_vehicle": "no",
              "name": "3215: Neuchâtel-Biel/Bienne Kurs LNM",
              "operator": "LMN",
              "public_transport:version": "2",
              "ref": "3215",
              "route": "ferry",
              "to": "Biel/Bienne",
              "type": "route",
              "website": "https://bielersee.ch/fahrplan"
            }
          },
          {
            "role": "",
            "rel": 18638381,
            "reltags": {
              "bicycle": "yes",
              "duration": "02:25",
              "foot": "yes",
              "from": "Biel/Bienne",
              "motor_vehicle": "no",
              "name": "3215: Biel/Bienne-Neuchâtel Kurs LNM",
              "operator": "LMN",
              "public_transport:version": "2",
              "ref": "3215",
              "route": "ferry",
              "to": "Neuchâtel",
              "type": "route",
              "website": "https://bielersee.ch/fahrplan"
            }
          }
        ]
      },
      "geometry": {
        "type": "LineString",
        "coordinates": [
          [
            6.9332432,
            46.990931
          ],
          [
            6.9345711,
            46.9896254
          ],
          [
            6.9367504,
            46.9891817
          ],
          [
            6.9388902,
            46.9888261
          ],
          [
            6.9444751,
            46.9884865
          ],
          [
            6.9499468,
            46.9884425
          ],
          [
            6.9626321,
            46.9888951
          ],
          [
            6.9745159,
            46.9901405
          ],
          [
            7.0034838,
            46.9941361
          ],
          [
            7.0109463,
            46.9955669
          ],
          [
            7.0126462,
            46.9961266
          ],
          [
            7.0141196,
            46.996918
          ],
          [
            7.0220517,
            47.0036216
          ],
          [
            7.0228084,
            47.0047268
          ]
        ]
      },
      "id": "way/1356009638"
    },
    {
      "type": "Feature",
      "properties": {
        "@id": "way/1184458545",
        "bicycle": "yes",
        "foot": "yes",
        "from": "Saint Blaise",
        "horse": "no",
        "motor_vehicle": "no",
        "name": "Saint-Blaise - Cudrefin",
        "operator": "LNM",
        "route": "ferry",
        "to": "Cudrefin",
        "@relations": [
          {
            "role": "",
            "rel": 18642518,
            "reltags": {
              "bicycle": "yes",
              "duration": "01:20",
              "foot": "yes",
              "from": "Neuchâtel",
              "motor_vehicle": "no",
              "name": "3214: Neuchâtel-Neuchâtel Course 311,313,315",
              "operator": "LNM",
              "public_transport:version": "2",
              "ref": "3212",
              "route": "ferry",
              "to": "Neuchâtel",
              "type": "route",
              "via": "Coudrefin",
              "website": "https://www.lnm.ch/Unsere-Fahrten"
            }
          },
          {
            "role": "",
            "rel": 18642522,
            "reltags": {
              "bicycle": "yes",
              "duration": "01:42",
              "fee": "yes",
              "foot": "yes",
              "from": "Neuchâtel",
              "motor_vehicle": "no",
              "name": "3210: Neuchâtel-Neuchâtel Course 111,115,117",
              "operator": "LNM",
              "public_transport:version": "2",
              "ref": "3210",
              "route": "ferry",
              "to": "Neuchâtel",
              "type": "route",
              "via": "St-Blaise",
              "website": "https://www.lnm.ch/Unsere-Fahrten"
            }
          }
        ]
      },
      "geometry": {
        "type": "LineString",
        "coordinates": [
          [
            6.9825434,
            47.0096903
          ],
          [
            6.9829081,
            47.0090953
          ],
          [
            7.012505,
            46.9615151
          ],
          [
            7.0137346,
            46.9592795
          ]
        ]
      },
      "id": "way/1184458545"
    },
    {
      "type": "Feature",
      "properties": {
        "@id": "way/1264746089",
        "bicycle": "yes",
        "foot": "yes",
        "from": "La Tène",
        "horse": "no",
        "motor_vehicle": "no",
        "name": "La Tène - La Sauge",
        "operator": "BSG",
        "route": "ferry",
        "to": "La Sauge",
        "@relations": [
          {
            "role": "",
            "rel": 18638846,
            "reltags": {
              "bicycle": "yes",
              "duration": "03:15",
              "foot": "yes",
              "from": "Biel/Bienne",
              "motor_vehicle": "no",
              "name": "3215: Biel/Bienne-Murten Kurs BSG,301",
              "operator": "BSG",
              "public_transport:version": "2",
              "ref": "3215",
              "route": "ferry",
              "to": "Murten",
              "type": "route",
              "website": "https://bielersee.ch/fahrplan"
            }
          }
        ]
      },
      "geometry": {
        "type": "LineString",
        "coordinates": [
          [
            7.0228084,
            47.0047268
          ],
          [
            7.0223278,
            47.0036666
          ],
          [
            7.0144202,
            46.9969678
          ],
          [
            7.0099132,
            46.9916307
          ],
          [
            7.0089984,
            46.9901624
          ],
          [
            7.0087108,
            46.9885072
          ],
          [
            7.0100069,
            46.9870007
          ],
          [
            7.0113373,
            46.9858736
          ],
          [
            7.0131822,
            46.985232
          ],
          [
            7.0246821,
            46.9826323
          ],
          [
            7.0328465,
            46.9810669
          ],
          [
            7.0366152,
            46.9802647
          ],
          [
            7.049224,
            46.9778067
          ],
          [
            7.0512584,
            46.9773881
          ],
          [
            7.0521478,
            46.9771357
          ],
          [
            7.052373,
            46.977043
          ],
          [
            7.0540517,
            46.9760994
          ],
          [
            7.0541014,
            46.9758117
          ]
        ]
      },
      "id": "way/1264746089"
    },
    {
      "type": "Feature",
      "properties": {
        "@id": "node/29906979",
        "@relations": [
          {
            "role": "stop",
            "rel": 18642519,
            "reltags": {
              "bicycle": "yes",
              "duration": "01:40",
              "foot": "yes",
              "from": "Neuchâtel",
              "motor_vehicle": "no",
              "name": "3212: Neuchâtel-Morat/Murten Course 4",
              "operator": "LNM",
              "public_transport:version": "2",
              "ref": "3212",
              "route": "ferry",
              "to": "Morat/Murten",
              "type": "route",
              "website": "https://www.lnm.ch/Unsere-Fahrten"
            }
          }
        ]
      },
      "geometry": {
        "type": "Point",
        "coordinates": [
          7.0841856,
          46.9467024
        ]
      },
      "id": "node/29906979"
    },
    {
      "type": "Feature",
      "properties": {
        "@id": "node/270483646",
        "@relations": [
          {
            "role": "stop",
            "rel": 18638379,
            "reltags": {
              "bicycle": "yes",
              "duration": "02:25",
              "foot": "yes",
              "from": "Neuchâtel",
              "motor_vehicle": "no",
              "name": "3215: Neuchâtel-Biel/Bienne Kurs 302",
              "operator": "LMN",
              "public_transport:version": "2",
              "ref": "3215",
              "route": "ferry",
              "to": "Biel/Bienne",
              "type": "route",
              "website": "https://bielersee.ch/fahrplan"
            }
          },
          {
            "role": "stop",
            "rel": 18638380,
            "reltags": {
              "bicycle": "yes",
              "duration": "02:25",
              "foot": "yes",
              "from": "Neuchâtel",
              "motor_vehicle": "no",
              "name": "3215: Neuchâtel-Biel/Bienne Kurs LNM",
              "operator": "LMN",
              "public_transport:version": "2",
              "ref": "3215",
              "route": "ferry",
              "to": "Biel/Bienne",
              "type": "route",
              "website": "https://bielersee.ch/fahrplan"
            }
          },
          {
            "role": "stop",
            "rel": 18638381,
            "reltags": {
              "bicycle": "yes",
              "duration": "02:25",
              "foot": "yes",
              "from": "Biel/Bienne",
              "motor_vehicle": "no",
              "name": "3215: Biel/Bienne-Neuchâtel Kurs LNM",
              "operator": "LMN",
              "public_transport:version": "2",
              "ref": "3215",
              "route": "ferry",
              "to": "Neuchâtel",
              "type": "route",
              "website": "https://bielersee.ch/fahrplan"
            }
          },
          {
            "role": "stop",
            "rel": 18638846,
            "reltags": {
              "bicycle": "yes",
              "duration": "03:15",
              "foot": "yes",
              "from": "Biel/Bienne",
              "motor_vehicle": "no",
              "name": "3215: Biel/Bienne-Murten Kurs BSG,301",
              "operator": "BSG",
              "public_transport:version": "2",
              "ref": "3215",
              "route": "ferry",
              "to": "Murten",
              "type": "route",
              "website": "https://bielersee.ch/fahrplan"
            }
          }
        ]
      },
      "geometry": {
        "type": "Point",
        "coordinates": [
          7.0935328,
          47.0612927
        ]
      },
      "id": "node/270483646"
    },
    {
      "type": "Feature",
      "properties": {
        "@id": "node/270483648",
        "@relations": [
          {
            "role": "stop",
            "rel": 18638379,
            "reltags": {
              "bicycle": "yes",
              "duration": "02:25",
              "foot": "yes",
              "from": "Neuchâtel",
              "motor_vehicle": "no",
              "name": "3215: Neuchâtel-Biel/Bienne Kurs 302",
              "operator": "LMN",
              "public_transport:version": "2",
              "ref": "3215",
              "route": "ferry",
              "to": "Biel/Bienne",
              "type": "route",
              "website": "https://bielersee.ch/fahrplan"
            }
          },
          {
            "role": "stop",
            "rel": 18638380,
            "reltags": {
              "bicycle": "yes",
              "duration": "02:25",
              "foot": "yes",
              "from": "Neuchâtel",
              "motor_vehicle": "no",
              "name": "3215: Neuchâtel-Biel/Bienne Kurs LNM",
              "operator": "LMN",
              "public_transport:version": "2",
              "ref": "3215",
              "route": "ferry",
              "to": "Biel/Bienne",
              "type": "route",
              "website": "https://bielersee.ch/fahrplan"
            }
          },
          {
            "role": "stop",
            "rel": 18638381,
            "reltags": {
              "bicycle": "yes",
              "duration": "02:25",
              "foot": "yes",
              "from": "Biel/Bienne",
              "motor_vehicle": "no",
              "name": "3215: Biel/Bienne-Neuchâtel Kurs LNM",
              "operator": "LMN",
              "public_transport:version": "2",
              "ref": "3215",
              "route": "ferry",
              "to": "Neuchâtel",
              "type": "route",
              "website": "https://bielersee.ch/fahrplan"
            }
          },
          {
            "role": "stop",
            "rel": 18638846,
            "reltags": {
              "bicycle": "yes",
              "duration": "03:15",
              "foot": "yes",
              "from": "Biel/Bienne",
              "motor_vehicle": "no",
              "name": "3215: Biel/Bienne-Murten Kurs BSG,301",
              "operator": "BSG",
              "public_transport:version": "2",
              "ref": "3215",
              "route": "ferry",
              "to": "Murten",
              "type": "route",
              "website": "https://bielersee.ch/fahrplan"
            }
          }
        ]
      },
      "geometry": {
        "type": "Point",
        "coordinates": [
          7.1353741,
          47.0683582
        ]
      },
      "id": "node/270483648"
    },
    {
      "type": "Feature",
      "properties": {
        "@id": "node/270483649",
        "@relations": [
          {
            "role": "stop",
            "rel": 18638379,
            "reltags": {
              "bicycle": "yes",
              "duration": "02:25",
              "foot": "yes",
              "from": "Neuchâtel",
              "motor_vehicle": "no",
              "name": "3215: Neuchâtel-Biel/Bienne Kurs 302",
              "operator": "LMN",
              "public_transport:version": "2",
              "ref": "3215",
              "route": "ferry",
              "to": "Biel/Bienne",
              "type": "route",
              "website": "https://bielersee.ch/fahrplan"
            }
          },
          {
            "role": "stop",
            "rel": 18638380,
            "reltags": {
              "bicycle": "yes",
              "duration": "02:25",
              "foot": "yes",
              "from": "Neuchâtel",
              "motor_vehicle": "no",
              "name": "3215: Neuchâtel-Biel/Bienne Kurs LNM",
              "operator": "LMN",
              "public_transport:version": "2",
              "ref": "3215",
              "route": "ferry",
              "to": "Biel/Bienne",
              "type": "route",
              "website": "https://bielersee.ch/fahrplan"
            }
          },
          {
            "role": "stop",
            "rel": 18638381,
            "reltags": {
              "bicycle": "yes",
              "duration": "02:25",
              "foot": "yes",
              "from": "Biel/Bienne",
              "motor_vehicle": "no",
              "name": "3215: Biel/Bienne-Neuchâtel Kurs LNM",
              "operator": "LMN",
              "public_transport:version": "2",
              "ref": "3215",
              "route": "ferry",
              "to": "Neuchâtel",
              "type": "route",
              "website": "https://bielersee.ch/fahrplan"
            }
          },
          {
            "role": "stop",
            "rel": 18638846,
            "reltags": {
              "bicycle": "yes",
              "duration": "03:15",
              "foot": "yes",
              "from": "Biel/Bienne",
              "motor_vehicle": "no",
              "name": "3215: Biel/Bienne-Murten Kurs BSG,301",
              "operator": "BSG",
              "public_transport:version": "2",
              "ref": "3215",
              "route": "ferry",
              "to": "Murten",
              "type": "route",
              "website": "https://bielersee.ch/fahrplan"
            }
          }
        ]
      },
      "geometry": {
        "type": "Point",
        "coordinates": [
          7.1355205,
          47.0832911
        ]
      },
      "id": "node/270483649"
    },
    {
      "type": "Feature",
      "properties": {
        "@id": "node/270483651",
        "@relations": [
          {
            "role": "stop",
            "rel": 18638379,
            "reltags": {
              "bicycle": "yes",
              "duration": "02:25",
              "foot": "yes",
              "from": "Neuchâtel",
              "motor_vehicle": "no",
              "name": "3215: Neuchâtel-Biel/Bienne Kurs 302",
              "operator": "LMN",
              "public_transport:version": "2",
              "ref": "3215",
              "route": "ferry",
              "to": "Biel/Bienne",
              "type": "route",
              "website": "https://bielersee.ch/fahrplan"
            }
          },
          {
            "role": "stop",
            "rel": 18638380,
            "reltags": {
              "bicycle": "yes",
              "duration": "02:25",
              "foot": "yes",
              "from": "Neuchâtel",
              "motor_vehicle": "no",
              "name": "3215: Neuchâtel-Biel/Bienne Kurs LNM",
              "operator": "LMN",
              "public_transport:version": "2",
              "ref": "3215",
              "route": "ferry",
              "to": "Biel/Bienne",
              "type": "route",
              "website": "https://bielersee.ch/fahrplan"
            }
          },
          {
            "role": "stop",
            "rel": 18638381,
            "reltags": {
              "bicycle": "yes",
              "duration": "02:25",
              "foot": "yes",
              "from": "Biel/Bienne",
              "motor_vehicle": "no",
              "name": "3215: Biel/Bienne-Neuchâtel Kurs LNM",
              "operator": "LMN",
              "public_transport:version": "2",
              "ref": "3215",
              "route": "ferry",
              "to": "Neuchâtel",
              "type": "route",
              "website": "https://bielersee.ch/fahrplan"
            }
          },
          {
            "role": "stop",
            "rel": 18638846,
            "reltags": {
              "bicycle": "yes",
              "duration": "03:15",
              "foot": "yes",
              "from": "Biel/Bienne",
              "motor_vehicle": "no",
              "name": "3215: Biel/Bienne-Murten Kurs BSG,301",
              "operator": "BSG",
              "public_transport:version": "2",
              "ref": "3215",
              "route": "ferry",
              "to": "Murten",
              "type": "route",
              "website": "https://bielersee.ch/fahrplan"
            }
          }
        ]
      },
      "geometry": {
        "type": "Point",
        "coordinates": [
          7.1570487,
          47.09334
        ]
      },
      "id": "node/270483651"
    },
    {
      "type": "Feature",
      "properties": {
        "@id": "node/270483655",
        "@relations": [
          {
            "role": "stop",
            "rel": 18638379,
            "reltags": {
              "bicycle": "yes",
              "duration": "02:25",
              "foot": "yes",
              "from": "Neuchâtel",
              "motor_vehicle": "no",
              "name": "3215: Neuchâtel-Biel/Bienne Kurs 302",
              "operator": "LMN",
              "public_transport:version": "2",
              "ref": "3215",
              "route": "ferry",
              "to": "Biel/Bienne",
              "type": "route",
              "website": "https://bielersee.ch/fahrplan"
            }
          },
          {
            "role": "stop",
            "rel": 18638380,
            "reltags": {
              "bicycle": "yes",
              "duration": "02:25",
              "foot": "yes",
              "from": "Neuchâtel",
              "motor_vehicle": "no",
              "name": "3215: Neuchâtel-Biel/Bienne Kurs LNM",
              "operator": "LMN",
              "public_transport:version": "2",
              "ref": "3215",
              "route": "ferry",
              "to": "Biel/Bienne",
              "type": "route",
              "website": "https://bielersee.ch/fahrplan"
            }
          },
          {
            "role": "stop",
            "rel": 18638381,
            "reltags": {
              "bicycle": "yes",
              "duration": "02:25",
              "foot": "yes",
              "from": "Biel/Bienne",
              "motor_vehicle": "no",
              "name": "3215: Biel/Bienne-Neuchâtel Kurs LNM",
              "operator": "LMN",
              "public_transport:version": "2",
              "ref": "3215",
              "route": "ferry",
              "to": "Neuchâtel",
              "type": "route",
              "website": "https://bielersee.ch/fahrplan"
            }
          },
          {
            "role": "stop",
            "rel": 18638846,
            "reltags": {
              "bicycle": "yes",
              "duration": "03:15",
              "foot": "yes",
              "from": "Biel/Bienne",
              "motor_vehicle": "no",
              "name": "3215: Biel/Bienne-Murten Kurs BSG,301",
              "operator": "BSG",
              "public_transport:version": "2",
              "ref": "3215",
              "route": "ferry",
              "to": "Murten",
              "type": "route",
              "website": "https://bielersee.ch/fahrplan"
            }
          }
        ]
      },
      "geometry": {
        "type": "Point",
        "coordinates": [
          7.2357925,
          47.1311447
        ]
      },
      "id": "node/270483655"
    },
    {
      "type": "Feature",
      "properties": {
        "@id": "node/271846258",
        "amenity": "ferry_terminal",
        "ele": "429",
        "ferry": "yes",
        "name": "Gorgier - Chez-le-Bart",
        "operator": "LNM",
        "public_transport": "stop_position",
        "source": "Bundesamt für Verkehr (BAV), DIDOK 2009",
        "uic_name": "Gorgier-Chez-le-Bart",
        "uic_ref": "8504554",
        "@relations": [
          {
            "role": "stop",
            "rel": 18642769,
            "reltags": {
              "bicycle": "yes",
              "duration": "00:50",
              "foot": "yes",
              "from": "Estavayer",
              "motor_vehicle": "no",
              "name": "3211: Yverdon-Estavayer Course 11,12,13,14",
              "operator": "LNM",
              "public_transport:version": "2",
              "ref": "3211",
              "route": "ferry",
              "to": "Yverdon",
              "type": "route",
              "website": "https://www.lnm.ch/Unsere-Fahrten"
            }
          },
          {
            "role": "stop",
            "rel": 18642770,
            "reltags": {
              "bicycle": "yes",
              "duration": "00:50",
              "foot": "yes",
              "from": "Estavayer",
              "motor_vehicle": "no",
              "name": "3211: Estavayer-Yverdon Course 11,12,13,14",
              "operator": "LNM",
              "public_transport:version": "2",
              "ref": "3211",
              "route": "ferry",
              "to": "Yverdon",
              "type": "route",
              "website": "https://www.lnm.ch/Unsere-Fahrten"
            }
          }
        ]
      },
      "geometry": {
        "type": "Point",
        "coordinates": [
          6.7875279,
          46.8998571
        ]
      },
      "id": "node/271846258"
    },
    {
      "type": "Feature",
      "properties": {
        "@id": "node/301264585",
        "amenity": "ferry_terminal",
        "ele": "430",
        "ferry": "yes",
        "name": "Cortaillod",
        "operator": "LNM",
        "public_transport": "stop_position",
        "uic_name": "Cortaillod",
        "uic_ref": "8504553",
        "@relations": [
          {
            "role": "stop",
            "rel": 18642771,
            "reltags": {
              "bicycle": "yes",
              "duration": "01:45",
              "foot": "yes",
              "from": "Neuchâtel",
              "motor_vehicle": "no",
              "name": "3214: Neuchâtel-Neuchâtel Course 411,412,413,414,415,416",
              "operator": "LNM",
              "public_transport:version": "2",
              "ref": "3214",
              "route": "ferry",
              "to": "Neuchâtel",
              "type": "route",
              "via": "Estavayer",
              "website": "https://www.lnm.ch/Unsere-Fahrten"
            }
          }
        ]
      },
      "geometry": {
        "type": "Point",
        "coordinates": [
          6.8544087,
          46.9387132
        ]
      },
      "id": "node/301264585"
    },
    {
      "type": "Feature",
      "properties": {
        "@id": "node/312077539",
        "amenity": "ferry_terminal",
        "ele": "430",
        "ferry": "yes",
        "name": "Vaumarcus",
        "operator": "LNM",
        "public_transport": "stop_position",
        "uic_name": "Vaumarcus débarcadère",
        "uic_ref": "8504243",
        "@relations": [
          {
            "role": "stop",
            "rel": 18642769,
            "reltags": {
              "bicycle": "yes",
              "duration": "00:50",
              "foot": "yes",
              "from": "Estavayer",
              "motor_vehicle": "no",
              "name": "3211: Yverdon-Estavayer Course 11,12,13,14",
              "operator": "LNM",
              "public_transport:version": "2",
              "ref": "3211",
              "route": "ferry",
              "to": "Yverdon",
              "type": "route",
              "website": "https://www.lnm.ch/Unsere-Fahrten"
            }
          },
          {
            "role": "stop",
            "rel": 18642770,
            "reltags": {
              "bicycle": "yes",
              "duration": "00:50",
              "foot": "yes",
              "from": "Estavayer",
              "motor_vehicle": "no",
              "name": "3211: Estavayer-Yverdon Course 11,12,13,14",
              "operator": "LNM",
              "public_transport:version": "2",
              "ref": "3211",
              "route": "ferry",
              "to": "Yverdon",
              "type": "route",
              "website": "https://www.lnm.ch/Unsere-Fahrten"
            }
          }
        ]
      },
      "geometry": {
        "type": "Point",
        "coordinates": [
          6.7611321,
          46.8774592
        ]
      },
      "id": "node/312077539"
    },
    {
      "type": "Feature",
      "properties": {
        "@id": "node/361541056",
        "amenity": "ferry_terminal",
        "ele": "430",
        "ferry": "yes",
        "internet_access": "wlan",
        "name": "Saint-Blaise",
        "operator": "LNM",
        "public_transport": "stop_position",
        "uic_name": "St-Blaise (bateau)",
        "uic_ref": "8504560",
        "@relations": [
          {
            "role": "stop",
            "rel": 18642518,
            "reltags": {
              "bicycle": "yes",
              "duration": "01:20",
              "foot": "yes",
              "from": "Neuchâtel",
              "motor_vehicle": "no",
              "name": "3214: Neuchâtel-Neuchâtel Course 311,313,315",
              "operator": "LNM",
              "public_transport:version": "2",
              "ref": "3212",
              "route": "ferry",
              "to": "Neuchâtel",
              "type": "route",
              "via": "Coudrefin",
              "website": "https://www.lnm.ch/Unsere-Fahrten"
            }
          },
          {
            "role": "stop",
            "rel": 18642522,
            "reltags": {
              "bicycle": "yes",
              "duration": "01:42",
              "fee": "yes",
              "foot": "yes",
              "from": "Neuchâtel",
              "motor_vehicle": "no",
              "name": "3210: Neuchâtel-Neuchâtel Course 111,115,117",
              "operator": "LNM",
              "public_transport:version": "2",
              "ref": "3210",
              "route": "ferry",
              "to": "Neuchâtel",
              "type": "route",
              "via": "St-Blaise",
              "website": "https://www.lnm.ch/Unsere-Fahrten"
            }
          }
        ]
      },
      "geometry": {
        "type": "Point",
        "coordinates": [
          6.9825434,
          47.0096903
        ]
      },
      "id": "node/361541056"
    },
    {
      "type": "Feature",
      "properties": {
        "@id": "node/418850065",
        "amenity": "ferry_terminal",
        "ele": "430",
        "ferry": "yes",
        "name": "Bevaix",
        "operator": "LNM",
        "public_transport": "stop_position",
        "uic_name": "Bevaix (bateau)",
        "uic_ref": "8504559",
        "@relations": [
          {
            "role": "stop",
            "rel": 18642771,
            "reltags": {
              "bicycle": "yes",
              "duration": "01:45",
              "foot": "yes",
              "from": "Neuchâtel",
              "motor_vehicle": "no",
              "name": "3214: Neuchâtel-Neuchâtel Course 411,412,413,414,415,416",
              "operator": "LNM",
              "public_transport:version": "2",
              "ref": "3214",
              "route": "ferry",
              "to": "Neuchâtel",
              "type": "route",
              "via": "Estavayer",
              "website": "https://www.lnm.ch/Unsere-Fahrten"
            }
          }
        ]
      },
      "geometry": {
        "type": "Point",
        "coordinates": [
          6.8224898,
          46.9220719
        ]
      },
      "id": "node/418850065"
    },
    {
      "type": "Feature",
      "properties": {
        "@id": "node/440605004",
        "@relations": [
          {
            "role": "stop",
            "rel": 18638844,
            "reltags": {
              "bicycle": "yes",
              "duration": "01:20",
              "foot": "yes",
              "from": "Neuchâtel",
              "motor_vehicle": "no",
              "name": "3215: Murten Neuchâtel Kurs BSG,302",
              "operator": "BSG",
              "public_transport:version": "2",
              "ref": "3215",
              "route": "ferry",
              "to": "Murten",
              "type": "route",
              "website": "https://www.bielersee.ch/fahrplan"
            }
          },
          {
            "role": "stop",
            "rel": 18638846,
            "reltags": {
              "bicycle": "yes",
              "duration": "03:15",
              "foot": "yes",
              "from": "Biel/Bienne",
              "motor_vehicle": "no",
              "name": "3215: Biel/Bienne-Murten Kurs BSG,301",
              "operator": "BSG",
              "public_transport:version": "2",
              "ref": "3215",
              "route": "ferry",
              "to": "Murten",
              "type": "route",
              "website": "https://bielersee.ch/fahrplan"
            }
          },
          {
            "role": "stop",
            "rel": 18642519,
            "reltags": {
              "bicycle": "yes",
              "duration": "01:40",
              "foot": "yes",
              "from": "Neuchâtel",
              "motor_vehicle": "no",
              "name": "3212: Neuchâtel-Morat/Murten Course 4",
              "operator": "LNM",
              "public_transport:version": "2",
              "ref": "3212",
              "route": "ferry",
              "to": "Morat/Murten",
              "type": "route",
              "website": "https://www.lnm.ch/Unsere-Fahrten"
            }
          },
          {
            "role": "stop",
            "rel": 18642520,
            "reltags": {
              "bicycle": "yes",
              "duration": "01:22",
              "foot": "yes",
              "from": "Neuchâtel",
              "motor_vehicle": "no",
              "name": "3212: Neuchâtel-Morat/Murten Course 21",
              "operator": "LNM",
              "public_transport:version": "2",
              "ref": "3212",
              "route": "ferry",
              "to": "Morat/Murten",
              "type": "route",
              "website": "https://www.lnm.ch/Unsere-Fahrten"
            }
          },
          {
            "role": "stop",
            "rel": 18644537,
            "reltags": {
              "bicycle": "yes",
              "duration": "01:25",
              "foot": "yes",
              "from": "Neuchâtel",
              "motor_vehicle": "no",
              "name": "3212: Neuchâtel-Morat/Murten Course 23,24",
              "operator": "LNM",
              "public_transport:version": "2",
              "ref": "3212",
              "route": "ferry",
              "to": "Morat/Murten",
              "type": "route",
              "website": "https://www.lnm.ch/Unsere-Fahrten"
            }
          },
          {
            "role": "stop",
            "rel": 18669862,
            "reltags": {
              "bicycle": "yes",
              "duration": "01:45",
              "foot": "yes",
              "from": "Morat/Murten",
              "motor_vehicle": "no",
              "name": "3212: Morat/Murten-Neuchâtel Course 1,26",
              "operator": "LNM",
              "public_transport:version": "2",
              "ref": "3212",
              "route": "ferry",
              "to": "Neuchâtel",
              "type": "route",
              "website": "https://www.lnm.ch/TicketCms/Search"
            }
          }
        ]
      },
      "geometry": {
        "type": "Point",
        "coordinates": [
          7.1164789,
          46.9307331
        ]
      },
      "id": "node/440605004"
    },
    {
      "type": "Feature",
      "properties": {
        "@id": "node/440607028",
        "@relations": [
          {
            "role": "stop",
            "rel": 18642519,
            "reltags": {
              "bicycle": "yes",
              "duration": "01:40",
              "foot": "yes",
              "from": "Neuchâtel",
              "motor_vehicle": "no",
              "name": "3212: Neuchâtel-Morat/Murten Course 4",
              "operator": "LNM",
              "public_transport:version": "2",
              "ref": "3212",
              "route": "ferry",
              "to": "Morat/Murten",
              "type": "route",
              "website": "https://www.lnm.ch/Unsere-Fahrten"
            }
          }
        ]
      },
      "geometry": {
        "type": "Point",
        "coordinates": [
          7.0972774,
          46.9515105
        ]
      },
      "id": "node/440607028"
    },
    {
      "type": "Feature",
      "properties": {
        "@id": "node/440608219",
        "@relations": [
          {
            "role": "stop",
            "rel": 18638379,
            "reltags": {
              "bicycle": "yes",
              "duration": "02:25",
              "foot": "yes",
              "from": "Neuchâtel",
              "motor_vehicle": "no",
              "name": "3215: Neuchâtel-Biel/Bienne Kurs 302",
              "operator": "LMN",
              "public_transport:version": "2",
              "ref": "3215",
              "route": "ferry",
              "to": "Biel/Bienne",
              "type": "route",
              "website": "https://bielersee.ch/fahrplan"
            }
          },
          {
            "role": "stop",
            "rel": 18638380,
            "reltags": {
              "bicycle": "yes",
              "duration": "02:25",
              "foot": "yes",
              "from": "Neuchâtel",
              "motor_vehicle": "no",
              "name": "3215: Neuchâtel-Biel/Bienne Kurs LNM",
              "operator": "LMN",
              "public_transport:version": "2",
              "ref": "3215",
              "route": "ferry",
              "to": "Biel/Bienne",
              "type": "route",
              "website": "https://bielersee.ch/fahrplan"
            }
          },
          {
            "role": "stop",
            "rel": 18638381,
            "reltags": {
              "bicycle": "yes",
              "duration": "02:25",
              "foot": "yes",
              "from": "Biel/Bienne",
              "motor_vehicle": "no",
              "name": "3215: Biel/Bienne-Neuchâtel Kurs LNM",
              "operator": "LMN",
              "public_transport:version": "2",
              "ref": "3215",
              "route": "ferry",
              "to": "Neuchâtel",
              "type": "route",
              "website": "https://bielersee.ch/fahrplan"
            }
          },
          {
            "role": "stop",
            "rel": 18638846,
            "reltags": {
              "bicycle": "yes",
              "duration": "03:15",
              "foot": "yes",
              "from": "Biel/Bienne",
              "motor_vehicle": "no",
              "name": "3215: Biel/Bienne-Murten Kurs BSG,301",
              "operator": "BSG",
              "public_transport:version": "2",
              "ref": "3215",
              "route": "ferry",
              "to": "Murten",
              "type": "route",
              "website": "https://bielersee.ch/fahrplan"
            }
          }
        ]
      },
      "geometry": {
        "type": "Point",
        "coordinates": [
          7.0973536,
          47.0493995
        ]
      },
      "id": "node/440608219"
    },
    {
      "type": "Feature",
      "properties": {
        "@id": "node/440608236",
        "@relations": [
          {
            "role": "stop",
            "rel": 18638379,
            "reltags": {
              "bicycle": "yes",
              "duration": "02:25",
              "foot": "yes",
              "from": "Neuchâtel",
              "motor_vehicle": "no",
              "name": "3215: Neuchâtel-Biel/Bienne Kurs 302",
              "operator": "LMN",
              "public_transport:version": "2",
              "ref": "3215",
              "route": "ferry",
              "to": "Biel/Bienne",
              "type": "route",
              "website": "https://bielersee.ch/fahrplan"
            }
          },
          {
            "role": "stop",
            "rel": 18638846,
            "reltags": {
              "bicycle": "yes",
              "duration": "03:15",
              "foot": "yes",
              "from": "Biel/Bienne",
              "motor_vehicle": "no",
              "name": "3215: Biel/Bienne-Murten Kurs BSG,301",
              "operator": "BSG",
              "public_transport:version": "2",
              "ref": "3215",
              "route": "ferry",
              "to": "Murten",
              "type": "route",
              "website": "https://bielersee.ch/fahrplan"
            }
          }
        ]
      },
      "geometry": {
        "type": "Point",
        "coordinates": [
          7.1777881,
          47.1020359
        ]
      },
      "id": "node/440608236"
    },
    {
      "type": "Feature",
      "properties": {
        "@id": "node/440610525",
        "@relations": [
          {
            "role": "stop",
            "rel": 18638844,
            "reltags": {
              "bicycle": "yes",
              "duration": "01:20",
              "foot": "yes",
              "from": "Neuchâtel",
              "motor_vehicle": "no",
              "name": "3215: Murten Neuchâtel Kurs BSG,302",
              "operator": "BSG",
              "public_transport:version": "2",
              "ref": "3215",
              "route": "ferry",
              "to": "Murten",
              "type": "route",
              "website": "https://www.bielersee.ch/fahrplan"
            }
          },
          {
            "role": "stop",
            "rel": 18638846,
            "reltags": {
              "bicycle": "yes",
              "duration": "03:15",
              "foot": "yes",
              "from": "Biel/Bienne",
              "motor_vehicle": "no",
              "name": "3215: Biel/Bienne-Murten Kurs BSG,301",
              "operator": "BSG",
              "public_transport:version": "2",
              "ref": "3215",
              "route": "ferry",
              "to": "Murten",
              "type": "route",
              "website": "https://bielersee.ch/fahrplan"
            }
          },
          {
            "role": "stop",
            "rel": 18642519,
            "reltags": {
              "bicycle": "yes",
              "duration": "01:40",
              "foot": "yes",
              "from": "Neuchâtel",
              "motor_vehicle": "no",
              "name": "3212: Neuchâtel-Morat/Murten Course 4",
              "operator": "LNM",
              "public_transport:version": "2",
              "ref": "3212",
              "route": "ferry",
              "to": "Morat/Murten",
              "type": "route",
              "website": "https://www.lnm.ch/Unsere-Fahrten"
            }
          },
          {
            "role": "stop",
            "rel": 18642520,
            "reltags": {
              "bicycle": "yes",
              "duration": "01:22",
              "foot": "yes",
              "from": "Neuchâtel",
              "motor_vehicle": "no",
              "name": "3212: Neuchâtel-Morat/Murten Course 21",
              "operator": "LNM",
              "public_transport:version": "2",
              "ref": "3212",
              "route": "ferry",
              "to": "Morat/Murten",
              "type": "route",
              "website": "https://www.lnm.ch/Unsere-Fahrten"
            }
          },
          {
            "role": "stop",
            "rel": 18644536,
            "reltags": {
              "bicycle": "yes",
              "duration": "01:20",
              "foot": "yes",
              "from": "Morat/Murten",
              "motor_vehicle": "no",
              "name": "3212: Morat/Murten-Neuchâtel Course 302/BSG",
              "operator": "LNM/BSG",
              "public_transport:version": "2",
              "ref": "3212",
              "route": "ferry",
              "to": "Neuchâtel",
              "type": "route",
              "website": "https://www.lnm.ch/Unsere-Fahrten"
            }
          },
          {
            "role": "stop",
            "rel": 18644537,
            "reltags": {
              "bicycle": "yes",
              "duration": "01:25",
              "foot": "yes",
              "from": "Neuchâtel",
              "motor_vehicle": "no",
              "name": "3212: Neuchâtel-Morat/Murten Course 23,24",
              "operator": "LNM",
              "public_transport:version": "2",
              "ref": "3212",
              "route": "ferry",
              "to": "Morat/Murten",
              "type": "route",
              "website": "https://www.lnm.ch/Unsere-Fahrten"
            }
          }
        ]
      },
      "geometry": {
        "type": "Point",
        "coordinates": [
          7.0541014,
          46.9758117
        ]
      },
      "id": "node/440610525"
    },
    {
      "type": "Feature",
      "properties": {
        "@id": "node/440613534",
        "@relations": [
          {
            "role": "stop",
            "rel": 18638379,
            "reltags": {
              "bicycle": "yes",
              "duration": "02:25",
              "foot": "yes",
              "from": "Neuchâtel",
              "motor_vehicle": "no",
              "name": "3215: Neuchâtel-Biel/Bienne Kurs 302",
              "operator": "LMN",
              "public_transport:version": "2",
              "ref": "3215",
              "route": "ferry",
              "to": "Biel/Bienne",
              "type": "route",
              "website": "https://bielersee.ch/fahrplan"
            }
          },
          {
            "role": "stop",
            "rel": 18638380,
            "reltags": {
              "bicycle": "yes",
              "duration": "02:25",
              "foot": "yes",
              "from": "Neuchâtel",
              "motor_vehicle": "no",
              "name": "3215: Neuchâtel-Biel/Bienne Kurs LNM",
              "operator": "LMN",
              "public_transport:version": "2",
              "ref": "3215",
              "route": "ferry",
              "to": "Biel/Bienne",
              "type": "route",
              "website": "https://bielersee.ch/fahrplan"
            }
          },
          {
            "role": "stop",
            "rel": 18638381,
            "reltags": {
              "bicycle": "yes",
              "duration": "02:25",
              "foot": "yes",
              "from": "Biel/Bienne",
              "motor_vehicle": "no",
              "name": "3215: Biel/Bienne-Neuchâtel Kurs LNM",
              "operator": "LMN",
              "public_transport:version": "2",
              "ref": "3215",
              "route": "ferry",
              "to": "Neuchâtel",
              "type": "route",
              "website": "https://bielersee.ch/fahrplan"
            }
          },
          {
            "role": "stop",
            "rel": 18638846,
            "reltags": {
              "bicycle": "yes",
              "duration": "03:15",
              "foot": "yes",
              "from": "Biel/Bienne",
              "motor_vehicle": "no",
              "name": "3215: Biel/Bienne-Murten Kurs BSG,301",
              "operator": "BSG",
              "public_transport:version": "2",
              "ref": "3215",
              "route": "ferry",
              "to": "Murten",
              "type": "route",
              "website": "https://bielersee.ch/fahrplan"
            }
          }
        ]
      },
      "geometry": {
        "type": "Point",
        "coordinates": [
          7.0331618,
          47.0196787
        ]
      },
      "id": "node/440613534"
    },
    {
      "type": "Feature",
      "properties": {
        "@id": "node/440613536",
        "@relations": [
          {
            "role": "stop",
            "rel": 18638379,
            "reltags": {
              "bicycle": "yes",
              "duration": "02:25",
              "foot": "yes",
              "from": "Neuchâtel",
              "motor_vehicle": "no",
              "name": "3215: Neuchâtel-Biel/Bienne Kurs 302",
              "operator": "LMN",
              "public_transport:version": "2",
              "ref": "3215",
              "route": "ferry",
              "to": "Biel/Bienne",
              "type": "route",
              "website": "https://bielersee.ch/fahrplan"
            }
          },
          {
            "role": "stop",
            "rel": 18638380,
            "reltags": {
              "bicycle": "yes",
              "duration": "02:25",
              "foot": "yes",
              "from": "Neuchâtel",
              "motor_vehicle": "no",
              "name": "3215: Neuchâtel-Biel/Bienne Kurs LNM",
              "operator": "LMN",
              "public_transport:version": "2",
              "ref": "3215",
              "route": "ferry",
              "to": "Biel/Bienne",
              "type": "route",
              "website": "https://bielersee.ch/fahrplan"
            }
          },
          {
            "role": "stop",
            "rel": 18638381,
            "reltags": {
              "bicycle": "yes",
              "duration": "02:25",
              "foot": "yes",
              "from": "Biel/Bienne",
              "motor_vehicle": "no",
              "name": "3215: Biel/Bienne-Neuchâtel Kurs LNM",
              "operator": "LMN",
              "public_transport:version": "2",
              "ref": "3215",
              "route": "ferry",
              "to": "Neuchâtel",
              "type": "route",
              "website": "https://bielersee.ch/fahrplan"
            }
          },
          {
            "role": "stop",
            "rel": 18638846,
            "reltags": {
              "bicycle": "yes",
              "duration": "03:15",
              "foot": "yes",
              "from": "Biel/Bienne",
              "motor_vehicle": "no",
              "name": "3215: Biel/Bienne-Murten Kurs BSG,301",
              "operator": "BSG",
              "public_transport:version": "2",
              "ref": "3215",
              "route": "ferry",
              "to": "Murten",
              "type": "route",
              "website": "https://bielersee.ch/fahrplan"
            }
          }
        ]
      },
      "geometry": {
        "type": "Point",
        "coordinates": [
          7.0762905,
          47.0511431
        ]
      },
      "id": "node/440613536"
    },
    {
      "type": "Feature",
      "properties": {
        "@id": "node/440617750",
        "amenity": "ferry_terminal",
        "ele": "430",
        "ferry": "yes",
        "name": "Neuchâtel",
        "name:de": "Neuenburg",
        "name:fr": "Neuchâtel",
        "operator": "LNM",
        "public_transport": "stop_position",
        "uic_name": "Neuchâtel (bateau)",
        "uic_ref": "8504550",
        "@relations": [
          {
            "role": "stop",
            "rel": 18638379,
            "reltags": {
              "bicycle": "yes",
              "duration": "02:25",
              "foot": "yes",
              "from": "Neuchâtel",
              "motor_vehicle": "no",
              "name": "3215: Neuchâtel-Biel/Bienne Kurs 302",
              "operator": "LMN",
              "public_transport:version": "2",
              "ref": "3215",
              "route": "ferry",
              "to": "Biel/Bienne",
              "type": "route",
              "website": "https://bielersee.ch/fahrplan"
            }
          },
          {
            "role": "stop",
            "rel": 18638380,
            "reltags": {
              "bicycle": "yes",
              "duration": "02:25",
              "foot": "yes",
              "from": "Neuchâtel",
              "motor_vehicle": "no",
              "name": "3215: Neuchâtel-Biel/Bienne Kurs LNM",
              "operator": "LMN",
              "public_transport:version": "2",
              "ref": "3215",
              "route": "ferry",
              "to": "Biel/Bienne",
              "type": "route",
              "website": "https://bielersee.ch/fahrplan"
            }
          },
          {
            "role": "stop",
            "rel": 18638381,
            "reltags": {
              "bicycle": "yes",
              "duration": "02:25",
              "foot": "yes",
              "from": "Biel/Bienne",
              "motor_vehicle": "no",
              "name": "3215: Biel/Bienne-Neuchâtel Kurs LNM",
              "operator": "LMN",
              "public_transport:version": "2",
              "ref": "3215",
              "route": "ferry",
              "to": "Neuchâtel",
              "type": "route",
              "website": "https://bielersee.ch/fahrplan"
            }
          },
          {
            "role": "stop",
            "rel": 18638844,
            "reltags": {
              "bicycle": "yes",
              "duration": "01:20",
              "foot": "yes",
              "from": "Neuchâtel",
              "motor_vehicle": "no",
              "name": "3215: Murten Neuchâtel Kurs BSG,302",
              "operator": "BSG",
              "public_transport:version": "2",
              "ref": "3215",
              "route": "ferry",
              "to": "Murten",
              "type": "route",
              "website": "https://www.bielersee.ch/fahrplan"
            }
          },
          {
            "role": "stop",
            "rel": 18642518,
            "reltags": {
              "bicycle": "yes",
              "duration": "01:20",
              "foot": "yes",
              "from": "Neuchâtel",
              "motor_vehicle": "no",
              "name": "3214: Neuchâtel-Neuchâtel Course 311,313,315",
              "operator": "LNM",
              "public_transport:version": "2",
              "ref": "3212",
              "route": "ferry",
              "to": "Neuchâtel",
              "type": "route",
              "via": "Coudrefin",
              "website": "https://www.lnm.ch/Unsere-Fahrten"
            }
          },
          {
            "role": "stop",
            "rel": 18642518,
            "reltags": {
              "bicycle": "yes",
              "duration": "01:20",
              "foot": "yes",
              "from": "Neuchâtel",
              "motor_vehicle": "no",
              "name": "3214: Neuchâtel-Neuchâtel Course 311,313,315",
              "operator": "LNM",
              "public_transport:version": "2",
              "ref": "3212",
              "route": "ferry",
              "to": "Neuchâtel",
              "type": "route",
              "via": "Coudrefin",
              "website": "https://www.lnm.ch/Unsere-Fahrten"
            }
          },
          {
            "role": "stop",
            "rel": 18642519,
            "reltags": {
              "bicycle": "yes",
              "duration": "01:40",
              "foot": "yes",
              "from": "Neuchâtel",
              "motor_vehicle": "no",
              "name": "3212: Neuchâtel-Morat/Murten Course 4",
              "operator": "LNM",
              "public_transport:version": "2",
              "ref": "3212",
              "route": "ferry",
              "to": "Morat/Murten",
              "type": "route",
              "website": "https://www.lnm.ch/Unsere-Fahrten"
            }
          },
          {
            "role": "stop",
            "rel": 18642520,
            "reltags": {
              "bicycle": "yes",
              "duration": "01:22",
              "foot": "yes",
              "from": "Neuchâtel",
              "motor_vehicle": "no",
              "name": "3212: Neuchâtel-Morat/Murten Course 21",
              "operator": "LNM",
              "public_transport:version": "2",
              "ref": "3212",
              "route": "ferry",
              "to": "Morat/Murten",
              "type": "route",
              "website": "https://www.lnm.ch/Unsere-Fahrten"
            }
          },
          {
            "role": "stop",
            "rel": 18642521,
            "reltags": {
              "bicycle": "yes",
              "duration": "01:22",
              "fee": "yes",
              "foot": "yes",
              "from": "Neuchâtel",
              "motor_vehicle": "no",
              "name": "3210: Neuchâtel-Neuchâtel Course 113",
              "operator": "LNM",
              "public_transport:version": "2",
              "ref": "3210",
              "route": "ferry",
              "to": "Neuchâtel",
              "type": "route",
              "via": "Cudrefin",
              "website": "https://www.lnm.ch/Unsere-Fahrten"
            }
          },
          {
            "role": "stop",
            "rel": 18642521,
            "reltags": {
              "bicycle": "yes",
              "duration": "01:22",
              "fee": "yes",
              "foot": "yes",
              "from": "Neuchâtel",
              "motor_vehicle": "no",
              "name": "3210: Neuchâtel-Neuchâtel Course 113",
              "operator": "LNM",
              "public_transport:version": "2",
              "ref": "3210",
              "route": "ferry",
              "to": "Neuchâtel",
              "type": "route",
              "via": "Cudrefin",
              "website": "https://www.lnm.ch/Unsere-Fahrten"
            }
          },
          {
            "role": "stop",
            "rel": 18642522,
            "reltags": {
              "bicycle": "yes",
              "duration": "01:42",
              "fee": "yes",
              "foot": "yes",
              "from": "Neuchâtel",
              "motor_vehicle": "no",
              "name": "3210: Neuchâtel-Neuchâtel Course 111,115,117",
              "operator": "LNM",
              "public_transport:version": "2",
              "ref": "3210",
              "route": "ferry",
              "to": "Neuchâtel",
              "type": "route",
              "via": "St-Blaise",
              "website": "https://www.lnm.ch/Unsere-Fahrten"
            }
          },
          {
            "role": "stop",
            "rel": 18642522,
            "reltags": {
              "bicycle": "yes",
              "duration": "01:42",
              "fee": "yes",
              "foot": "yes",
              "from": "Neuchâtel",
              "motor_vehicle": "no",
              "name": "3210: Neuchâtel-Neuchâtel Course 111,115,117",
              "operator": "LNM",
              "public_transport:version": "2",
              "ref": "3210",
              "route": "ferry",
              "to": "Neuchâtel",
              "type": "route",
              "via": "St-Blaise",
              "website": "https://www.lnm.ch/Unsere-Fahrten"
            }
          },
          {
            "role": "stop",
            "rel": 18642771,
            "reltags": {
              "bicycle": "yes",
              "duration": "01:45",
              "foot": "yes",
              "from": "Neuchâtel",
              "motor_vehicle": "no",
              "name": "3214: Neuchâtel-Neuchâtel Course 411,412,413,414,415,416",
              "operator": "LNM",
              "public_transport:version": "2",
              "ref": "3214",
              "route": "ferry",
              "to": "Neuchâtel",
              "type": "route",
              "via": "Estavayer",
              "website": "https://www.lnm.ch/Unsere-Fahrten"
            }
          },
          {
            "role": "stop",
            "rel": 18642771,
            "reltags": {
              "bicycle": "yes",
              "duration": "01:45",
              "foot": "yes",
              "from": "Neuchâtel",
              "motor_vehicle": "no",
              "name": "3214: Neuchâtel-Neuchâtel Course 411,412,413,414,415,416",
              "operator": "LNM",
              "public_transport:version": "2",
              "ref": "3214",
              "route": "ferry",
              "to": "Neuchâtel",
              "type": "route",
              "via": "Estavayer",
              "website": "https://www.lnm.ch/Unsere-Fahrten"
            }
          },
          {
            "role": "stop",
            "rel": 18642773,
            "reltags": {
              "bicycle": "yes",
              "duration": "01:25",
              "foot": "yes",
              "from": "Neuchâtel",
              "motor_vehicle": "no",
              "name": "3214: Neuchâtel-Neuchâtel Course 211,213,215",
              "operator": "LNM",
              "public_transport:version": "2",
              "ref": "3214",
              "route": "ferry",
              "to": "Neuchâtel",
              "type": "route",
              "via": "Auvernier",
              "website": "https://www.lnm.ch/Unsere-Fahrten"
            }
          },
          {
            "role": "stop",
            "rel": 18642773,
            "reltags": {
              "bicycle": "yes",
              "duration": "01:25",
              "foot": "yes",
              "from": "Neuchâtel",
              "motor_vehicle": "no",
              "name": "3214: Neuchâtel-Neuchâtel Course 211,213,215",
              "operator": "LNM",
              "public_transport:version": "2",
              "ref": "3214",
              "route": "ferry",
              "to": "Neuchâtel",
              "type": "route",
              "via": "Auvernier",
              "website": "https://www.lnm.ch/Unsere-Fahrten"
            }
          },
          {
            "role": "stop",
            "rel": 18644536,
            "reltags": {
              "bicycle": "yes",
              "duration": "01:20",
              "foot": "yes",
              "from": "Morat/Murten",
              "motor_vehicle": "no",
              "name": "3212: Morat/Murten-Neuchâtel Course 302/BSG",
              "operator": "LNM/BSG",
              "public_transport:version": "2",
              "ref": "3212",
              "route": "ferry",
              "to": "Neuchâtel",
              "type": "route",
              "website": "https://www.lnm.ch/Unsere-Fahrten"
            }
          },
          {
            "role": "stop",
            "rel": 18644537,
            "reltags": {
              "bicycle": "yes",
              "duration": "01:25",
              "foot": "yes",
              "from": "Neuchâtel",
              "motor_vehicle": "no",
              "name": "3212: Neuchâtel-Morat/Murten Course 23,24",
              "operator": "LNM",
              "public_transport:version": "2",
              "ref": "3212",
              "route": "ferry",
              "to": "Morat/Murten",
              "type": "route",
              "website": "https://www.lnm.ch/Unsere-Fahrten"
            }
          },
          {
            "role": "stop",
            "rel": 18669861,
            "reltags": {
              "bicycle": "yes",
              "duration": "01:25",
              "foot": "yes",
              "from": "Neuchâtel",
              "motor_vehicle": "no",
              "name": "3214: Neuchâtel-Neuchâtel Course 217",
              "operator": "LNM",
              "public_transport:version": "2",
              "ref": "3212",
              "route": "ferry",
              "to": "Neuchâtel",
              "type": "route",
              "via": "Portalban",
              "website": "https://www.lnm.ch/Unsere-Fahrten"
            }
          },
          {
            "role": "stop",
            "rel": 18669861,
            "reltags": {
              "bicycle": "yes",
              "duration": "01:25",
              "foot": "yes",
              "from": "Neuchâtel",
              "motor_vehicle": "no",
              "name": "3214: Neuchâtel-Neuchâtel Course 217",
              "operator": "LNM",
              "public_transport:version": "2",
              "ref": "3212",
              "route": "ferry",
              "to": "Neuchâtel",
              "type": "route",
              "via": "Portalban",
              "website": "https://www.lnm.ch/Unsere-Fahrten"
            }
          }
        ]
      },
      "geometry": {
        "type": "Point",
        "coordinates": [
          6.9332432,
          46.990931
        ]
      },
      "id": "node/440617750"
    },
    {
      "type": "Feature",
      "properties": {
        "@id": "node/440619412",
        "amenity": "ferry_terminal",
        "ele": "430",
        "ferry": "yes",
        "name": "Hauterive",
        "operator": "LNM",
        "public_transport": "stop_position",
        "uic_name": "Hauterive NE débarcadère",
        "uic_ref": "8504808",
        "@relations": [
          {
            "role": "stop",
            "rel": 18642518,
            "reltags": {
              "bicycle": "yes",
              "duration": "01:20",
              "foot": "yes",
              "from": "Neuchâtel",
              "motor_vehicle": "no",
              "name": "3214: Neuchâtel-Neuchâtel Course 311,313,315",
              "operator": "LNM",
              "public_transport:version": "2",
              "ref": "3212",
              "route": "ferry",
              "to": "Neuchâtel",
              "type": "route",
              "via": "Coudrefin",
              "website": "https://www.lnm.ch/Unsere-Fahrten"
            }
          },
          {
            "role": "stop",
            "rel": 18642522,
            "reltags": {
              "bicycle": "yes",
              "duration": "01:42",
              "fee": "yes",
              "foot": "yes",
              "from": "Neuchâtel",
              "motor_vehicle": "no",
              "name": "3210: Neuchâtel-Neuchâtel Course 111,115,117",
              "operator": "LNM",
              "public_transport:version": "2",
              "ref": "3210",
              "route": "ferry",
              "to": "Neuchâtel",
              "type": "route",
              "via": "St-Blaise",
              "website": "https://www.lnm.ch/Unsere-Fahrten"
            }
          }
        ]
      },
      "geometry": {
        "type": "Point",
        "coordinates": [
          6.9706605,
          47.0054116
        ]
      },
      "id": "node/440619412"
    },
    {
      "type": "Feature",
      "properties": {
        "@id": "node/440623252",
        "amenity": "ferry_terminal",
        "ele": "430",
        "ferry": "yes",
        "fixme": "ferry_terminal not connected with ferry route, not connected to ground route",
        "name": "Estavayer-le-Lac",
        "operator": "LNM",
        "public_transport": "stop_position",
        "uic_name": "Estavayer-le-Lac (bateau)",
        "uic_ref": "8504564",
        "@relations": [
          {
            "role": "stop",
            "rel": 18642769,
            "reltags": {
              "bicycle": "yes",
              "duration": "00:50",
              "foot": "yes",
              "from": "Estavayer",
              "motor_vehicle": "no",
              "name": "3211: Yverdon-Estavayer Course 11,12,13,14",
              "operator": "LNM",
              "public_transport:version": "2",
              "ref": "3211",
              "route": "ferry",
              "to": "Yverdon",
              "type": "route",
              "website": "https://www.lnm.ch/Unsere-Fahrten"
            }
          },
          {
            "role": "stop",
            "rel": 18642770,
            "reltags": {
              "bicycle": "yes",
              "duration": "00:50",
              "foot": "yes",
              "from": "Estavayer",
              "motor_vehicle": "no",
              "name": "3211: Estavayer-Yverdon Course 11,12,13,14",
              "operator": "LNM",
              "public_transport:version": "2",
              "ref": "3211",
              "route": "ferry",
              "to": "Yverdon",
              "type": "route",
              "website": "https://www.lnm.ch/Unsere-Fahrten"
            }
          },
          {
            "role": "stop",
            "rel": 18642771,
            "reltags": {
              "bicycle": "yes",
              "duration": "01:45",
              "foot": "yes",
              "from": "Neuchâtel",
              "motor_vehicle": "no",
              "name": "3214: Neuchâtel-Neuchâtel Course 411,412,413,414,415,416",
              "operator": "LNM",
              "public_transport:version": "2",
              "ref": "3214",
              "route": "ferry",
              "to": "Neuchâtel",
              "type": "route",
              "via": "Estavayer",
              "website": "https://www.lnm.ch/Unsere-Fahrten"
            }
          }
        ]
      },
      "geometry": {
        "type": "Point",
        "coordinates": [
          6.8378064,
          46.8523702
        ]
      },
      "id": "node/440623252"
    },
    {
      "type": "Feature",
      "properties": {
        "@id": "node/440624617",
        "amenity": "ferry_terminal",
        "ele": "430",
        "ferry": "yes",
        "name": "Saint-Aubin",
        "operator": "LNM",
        "public_transport": "stop_position",
        "uic_name": "St-Aubin NE (bateau)",
        "uic_ref": "8504555"
      },
      "geometry": {
        "type": "Point",
        "coordinates": [
          6.7750622,
          46.8896587
        ]
      },
      "id": "node/440624617"
    },
    {
      "type": "Feature",
      "properties": {
        "@id": "node/440638696",
        "amenity": "ferry_terminal",
        "ele": "430",
        "ferry": "yes",
        "name": "Chevroux",
        "operator": "LNM",
        "public_transport": "stop_position",
        "uic_name": "Chevroux",
        "uic_ref": "8504563",
        "wheelchair": "yes",
        "@relations": [
          {
            "role": "stop",
            "rel": 18642771,
            "reltags": {
              "bicycle": "yes",
              "duration": "01:45",
              "foot": "yes",
              "from": "Neuchâtel",
              "motor_vehicle": "no",
              "name": "3214: Neuchâtel-Neuchâtel Course 411,412,413,414,415,416",
              "operator": "LNM",
              "public_transport:version": "2",
              "ref": "3214",
              "route": "ferry",
              "to": "Neuchâtel",
              "type": "route",
              "via": "Estavayer",
              "website": "https://www.lnm.ch/Unsere-Fahrten"
            }
          }
        ]
      },
      "geometry": {
        "type": "Point",
        "coordinates": [
          6.8969022,
          46.8998202
        ]
      },
      "id": "node/440638696"
    },
    {
      "type": "Feature",
      "properties": {
        "@id": "node/440638698",
        "amenity": "ferry_terminal",
        "ele": "430",
        "ferry": "yes",
        "name": "Cudrefin",
        "operator": "LNM",
        "public_transport": "stop_position",
        "uic_name": "Cudrefin",
        "uic_ref": "8504561",
        "@relations": [
          {
            "role": "stop",
            "rel": 18642518,
            "reltags": {
              "bicycle": "yes",
              "duration": "01:20",
              "foot": "yes",
              "from": "Neuchâtel",
              "motor_vehicle": "no",
              "name": "3214: Neuchâtel-Neuchâtel Course 311,313,315",
              "operator": "LNM",
              "public_transport:version": "2",
              "ref": "3212",
              "route": "ferry",
              "to": "Neuchâtel",
              "type": "route",
              "via": "Coudrefin",
              "website": "https://www.lnm.ch/Unsere-Fahrten"
            }
          },
          {
            "role": "stop",
            "rel": 18642521,
            "reltags": {
              "bicycle": "yes",
              "duration": "01:22",
              "fee": "yes",
              "foot": "yes",
              "from": "Neuchâtel",
              "motor_vehicle": "no",
              "name": "3210: Neuchâtel-Neuchâtel Course 113",
              "operator": "LNM",
              "public_transport:version": "2",
              "ref": "3210",
              "route": "ferry",
              "to": "Neuchâtel",
              "type": "route",
              "via": "Cudrefin",
              "website": "https://www.lnm.ch/Unsere-Fahrten"
            }
          },
          {
            "role": "stop",
            "rel": 18642522,
            "reltags": {
              "bicycle": "yes",
              "duration": "01:42",
              "fee": "yes",
              "foot": "yes",
              "from": "Neuchâtel",
              "motor_vehicle": "no",
              "name": "3210: Neuchâtel-Neuchâtel Course 111,115,117",
              "operator": "LNM",
              "public_transport:version": "2",
              "ref": "3210",
              "route": "ferry",
              "to": "Neuchâtel",
              "type": "route",
              "via": "St-Blaise",
              "website": "https://www.lnm.ch/Unsere-Fahrten"
            }
          },
          {
            "role": "stop",
            "rel": 18669861,
            "reltags": {
              "bicycle": "yes",
              "duration": "01:25",
              "foot": "yes",
              "from": "Neuchâtel",
              "motor_vehicle": "no",
              "name": "3214: Neuchâtel-Neuchâtel Course 217",
              "operator": "LNM",
              "public_transport:version": "2",
              "ref": "3212",
              "route": "ferry",
              "to": "Neuchâtel",
              "type": "route",
              "via": "Portalban",
              "website": "https://www.lnm.ch/Unsere-Fahrten"
            }
          }
        ]
      },
      "geometry": {
        "type": "Point",
        "coordinates": [
          7.0137346,
          46.9592795
        ]
      },
      "id": "node/440638698"
    },
    {
      "type": "Feature",
      "properties": {
        "@id": "node/440638706",
        "amenity": "ferry_terminal",
        "ele": "430",
        "ferry": "yes",
        "name": "Portalban",
        "operator": "LNM",
        "public_transport": "stop_position",
        "uic_name": "Portalban",
        "uic_ref": "8504562",
        "@relations": [
          {
            "role": "stop",
            "rel": 18642521,
            "reltags": {
              "bicycle": "yes",
              "duration": "01:22",
              "fee": "yes",
              "foot": "yes",
              "from": "Neuchâtel",
              "motor_vehicle": "no",
              "name": "3210: Neuchâtel-Neuchâtel Course 113",
              "operator": "LNM",
              "public_transport:version": "2",
              "ref": "3210",
              "route": "ferry",
              "to": "Neuchâtel",
              "type": "route",
              "via": "Cudrefin",
              "website": "https://www.lnm.ch/Unsere-Fahrten"
            }
          },
          {
            "role": "stop",
            "rel": 18642522,
            "reltags": {
              "bicycle": "yes",
              "duration": "01:42",
              "fee": "yes",
              "foot": "yes",
              "from": "Neuchâtel",
              "motor_vehicle": "no",
              "name": "3210: Neuchâtel-Neuchâtel Course 111,115,117",
              "operator": "LNM",
              "public_transport:version": "2",
              "ref": "3210",
              "route": "ferry",
              "to": "Neuchâtel",
              "type": "route",
              "via": "St-Blaise",
              "website": "https://www.lnm.ch/Unsere-Fahrten"
            }
          },
          {
            "role": "stop",
            "rel": 18642773,
            "reltags": {
              "bicycle": "yes",
              "duration": "01:25",
              "foot": "yes",
              "from": "Neuchâtel",
              "motor_vehicle": "no",
              "name": "3214: Neuchâtel-Neuchâtel Course 211,213,215",
              "operator": "LNM",
              "public_transport:version": "2",
              "ref": "3214",
              "route": "ferry",
              "to": "Neuchâtel",
              "type": "route",
              "via": "Auvernier",
              "website": "https://www.lnm.ch/Unsere-Fahrten"
            }
          },
          {
            "role": "stop",
            "rel": 18669861,
            "reltags": {
              "bicycle": "yes",
              "duration": "01:25",
              "foot": "yes",
              "from": "Neuchâtel",
              "motor_vehicle": "no",
              "name": "3214: Neuchâtel-Neuchâtel Course 217",
              "operator": "LNM",
              "public_transport:version": "2",
              "ref": "3212",
              "route": "ferry",
              "to": "Neuchâtel",
              "type": "route",
              "via": "Portalban",
              "website": "https://www.lnm.ch/Unsere-Fahrten"
            }
          }
        ]
      },
      "geometry": {
        "type": "Point",
        "coordinates": [
          6.952682,
          46.926486
        ]
      },
      "id": "node/440638706"
    },
    {
      "type": "Feature",
      "properties": {
        "@id": "node/497048354",
        "@relations": [
          {
            "role": "stop",
            "rel": 18638379,
            "reltags": {
              "bicycle": "yes",
              "duration": "02:25",
              "foot": "yes",
              "from": "Neuchâtel",
              "motor_vehicle": "no",
              "name": "3215: Neuchâtel-Biel/Bienne Kurs 302",
              "operator": "LMN",
              "public_transport:version": "2",
              "ref": "3215",
              "route": "ferry",
              "to": "Biel/Bienne",
              "type": "route",
              "website": "https://bielersee.ch/fahrplan"
            }
          },
          {
            "role": "stop",
            "rel": 18638846,
            "reltags": {
              "bicycle": "yes",
              "duration": "03:15",
              "foot": "yes",
              "from": "Biel/Bienne",
              "motor_vehicle": "no",
              "name": "3215: Biel/Bienne-Murten Kurs BSG,301",
              "operator": "BSG",
              "public_transport:version": "2",
              "ref": "3215",
              "route": "ferry",
              "to": "Murten",
              "type": "route",
              "website": "https://bielersee.ch/fahrplan"
            }
          }
        ]
      },
      "geometry": {
        "type": "Point",
        "coordinates": [
          7.1937804,
          47.1124025
        ]
      },
      "id": "node/497048354"
    },
    {
      "type": "Feature",
      "properties": {
        "@id": "node/559606396",
        "@relations": [
          {
            "role": "stop",
            "rel": 18638379,
            "reltags": {
              "bicycle": "yes",
              "duration": "02:25",
              "foot": "yes",
              "from": "Neuchâtel",
              "motor_vehicle": "no",
              "name": "3215: Neuchâtel-Biel/Bienne Kurs 302",
              "operator": "LMN",
              "public_transport:version": "2",
              "ref": "3215",
              "route": "ferry",
              "to": "Biel/Bienne",
              "type": "route",
              "website": "https://bielersee.ch/fahrplan"
            }
          },
          {
            "role": "stop",
            "rel": 18638380,
            "reltags": {
              "bicycle": "yes",
              "duration": "02:25",
              "foot": "yes",
              "from": "Neuchâtel",
              "motor_vehicle": "no",
              "name": "3215: Neuchâtel-Biel/Bienne Kurs LNM",
              "operator": "LMN",
              "public_transport:version": "2",
              "ref": "3215",
              "route": "ferry",
              "to": "Biel/Bienne",
              "type": "route",
              "website": "https://bielersee.ch/fahrplan"
            }
          },
          {
            "role": "stop",
            "rel": 18638381,
            "reltags": {
              "bicycle": "yes",
              "duration": "02:25",
              "foot": "yes",
              "from": "Biel/Bienne",
              "motor_vehicle": "no",
              "name": "3215: Biel/Bienne-Neuchâtel Kurs LNM",
              "operator": "LMN",
              "public_transport:version": "2",
              "ref": "3215",
              "route": "ferry",
              "to": "Neuchâtel",
              "type": "route",
              "website": "https://bielersee.ch/fahrplan"
            }
          },
          {
            "role": "stop",
            "rel": 18638846,
            "reltags": {
              "bicycle": "yes",
              "duration": "03:15",
              "foot": "yes",
              "from": "Biel/Bienne",
              "motor_vehicle": "no",
              "name": "3215: Biel/Bienne-Murten Kurs BSG,301",
              "operator": "BSG",
              "public_transport:version": "2",
              "ref": "3215",
              "route": "ferry",
              "to": "Murten",
              "type": "route",
              "website": "https://bielersee.ch/fahrplan"
            }
          }
        ]
      },
      "geometry": {
        "type": "Point",
        "coordinates": [
          7.0228084,
          47.0047268
        ]
      },
      "id": "node/559606396"
    },
    {
      "type": "Feature",
      "properties": {
        "@id": "node/660433957",
        "amenity": "ferry_terminal",
        "ele": "430",
        "ferry": "yes",
        "name": "Auvernier",
        "operator": "LNM",
        "public_transport": "stop_position",
        "uic_name": "Auvernier (bateau)",
        "uic_ref": "8504552",
        "@relations": [
          {
            "role": "stop",
            "rel": 18642773,
            "reltags": {
              "bicycle": "yes",
              "duration": "01:25",
              "foot": "yes",
              "from": "Neuchâtel",
              "motor_vehicle": "no",
              "name": "3214: Neuchâtel-Neuchâtel Course 211,213,215",
              "operator": "LNM",
              "public_transport:version": "2",
              "ref": "3214",
              "route": "ferry",
              "to": "Neuchâtel",
              "type": "route",
              "via": "Auvernier",
              "website": "https://www.lnm.ch/Unsere-Fahrten"
            }
          }
        ]
      },
      "geometry": {
        "type": "Point",
        "coordinates": [
          6.8815855,
          46.9736636
        ]
      },
      "id": "node/660433957"
    },
    {
      "type": "Feature",
      "properties": {
        "@id": "node/709041737",
        "@relations": [
          {
            "role": "stop",
            "rel": 18638844,
            "reltags": {
              "bicycle": "yes",
              "duration": "01:20",
              "foot": "yes",
              "from": "Neuchâtel",
              "motor_vehicle": "no",
              "name": "3215: Murten Neuchâtel Kurs BSG,302",
              "operator": "BSG",
              "public_transport:version": "2",
              "ref": "3215",
              "route": "ferry",
              "to": "Murten",
              "type": "route",
              "website": "https://www.bielersee.ch/fahrplan"
            }
          },
          {
            "role": "stop",
            "rel": 18638846,
            "reltags": {
              "bicycle": "yes",
              "duration": "03:15",
              "foot": "yes",
              "from": "Biel/Bienne",
              "motor_vehicle": "no",
              "name": "3215: Biel/Bienne-Murten Kurs BSG,301",
              "operator": "BSG",
              "public_transport:version": "2",
              "ref": "3215",
              "route": "ferry",
              "to": "Murten",
              "type": "route",
              "website": "https://bielersee.ch/fahrplan"
            }
          },
          {
            "role": "stop",
            "rel": 18642519,
            "reltags": {
              "bicycle": "yes",
              "duration": "01:40",
              "foot": "yes",
              "from": "Neuchâtel",
              "motor_vehicle": "no",
              "name": "3212: Neuchâtel-Morat/Murten Course 4",
              "operator": "LNM",
              "public_transport:version": "2",
              "ref": "3212",
              "route": "ferry",
              "to": "Morat/Murten",
              "type": "route",
              "website": "https://www.lnm.ch/Unsere-Fahrten"
            }
          },
          {
            "role": "stop",
            "rel": 18642520,
            "reltags": {
              "bicycle": "yes",
              "duration": "01:22",
              "foot": "yes",
              "from": "Neuchâtel",
              "motor_vehicle": "no",
              "name": "3212: Neuchâtel-Morat/Murten Course 21",
              "operator": "LNM",
              "public_transport:version": "2",
              "ref": "3212",
              "route": "ferry",
              "to": "Morat/Murten",
              "type": "route",
              "website": "https://www.lnm.ch/Unsere-Fahrten"
            }
          },
          {
            "role": "stop",
            "rel": 18644536,
            "reltags": {
              "bicycle": "yes",
              "duration": "01:20",
              "foot": "yes",
              "from": "Morat/Murten",
              "motor_vehicle": "no",
              "name": "3212: Morat/Murten-Neuchâtel Course 302/BSG",
              "operator": "LNM/BSG",
              "public_transport:version": "2",
              "ref": "3212",
              "route": "ferry",
              "to": "Neuchâtel",
              "type": "route",
              "website": "https://www.lnm.ch/Unsere-Fahrten"
            }
          },
          {
            "role": "stop",
            "rel": 18644537,
            "reltags": {
              "bicycle": "yes",
              "duration": "01:25",
              "foot": "yes",
              "from": "Neuchâtel",
              "motor_vehicle": "no",
              "name": "3212: Neuchâtel-Morat/Murten Course 23,24",
              "operator": "LNM",
              "public_transport:version": "2",
              "ref": "3212",
              "route": "ferry",
              "to": "Morat/Murten",
              "type": "route",
              "website": "https://www.lnm.ch/Unsere-Fahrten"
            }
          }
        ]
      },
      "geometry": {
        "type": "Point",
        "coordinates": [
          7.0931285,
          46.975588
        ]
      },
      "id": "node/709041737"
    },
    {
      "type": "Feature",
      "properties": {
        "@id": "node/983858046",
        "@relations": [
          {
            "role": "stop",
            "rel": 18638844,
            "reltags": {
              "bicycle": "yes",
              "duration": "01:20",
              "foot": "yes",
              "from": "Neuchâtel",
              "motor_vehicle": "no",
              "name": "3215: Murten Neuchâtel Kurs BSG,302",
              "operator": "BSG",
              "public_transport:version": "2",
              "ref": "3215",
              "route": "ferry",
              "to": "Murten",
              "type": "route",
              "website": "https://www.bielersee.ch/fahrplan"
            }
          },
          {
            "role": "stop",
            "rel": 18638846,
            "reltags": {
              "bicycle": "yes",
              "duration": "03:15",
              "foot": "yes",
              "from": "Biel/Bienne",
              "motor_vehicle": "no",
              "name": "3215: Biel/Bienne-Murten Kurs BSG,301",
              "operator": "BSG",
              "public_transport:version": "2",
              "ref": "3215",
              "route": "ferry",
              "to": "Murten",
              "type": "route",
              "website": "https://bielersee.ch/fahrplan"
            }
          },
          {
            "role": "stop",
            "rel": 18642519,
            "reltags": {
              "bicycle": "yes",
              "duration": "01:40",
              "foot": "yes",
              "from": "Neuchâtel",
              "motor_vehicle": "no",
              "name": "3212: Neuchâtel-Morat/Murten Course 4",
              "operator": "LNM",
              "public_transport:version": "2",
              "ref": "3212",
              "route": "ferry",
              "to": "Morat/Murten",
              "type": "route",
              "website": "https://www.lnm.ch/Unsere-Fahrten"
            }
          },
          {
            "role": "stop",
            "rel": 18642520,
            "reltags": {
              "bicycle": "yes",
              "duration": "01:22",
              "foot": "yes",
              "from": "Neuchâtel",
              "motor_vehicle": "no",
              "name": "3212: Neuchâtel-Morat/Murten Course 21",
              "operator": "LNM",
              "public_transport:version": "2",
              "ref": "3212",
              "route": "ferry",
              "to": "Morat/Murten",
              "type": "route",
              "website": "https://www.lnm.ch/Unsere-Fahrten"
            }
          },
          {
            "role": "stop",
            "rel": 18644536,
            "reltags": {
              "bicycle": "yes",
              "duration": "01:20",
              "foot": "yes",
              "from": "Morat/Murten",
              "motor_vehicle": "no",
              "name": "3212: Morat/Murten-Neuchâtel Course 302/BSG",
              "operator": "LNM/BSG",
              "public_transport:version": "2",
              "ref": "3212",
              "route": "ferry",
              "to": "Neuchâtel",
              "type": "route",
              "website": "https://www.lnm.ch/Unsere-Fahrten"
            }
          },
          {
            "role": "stop",
            "rel": 18644537,
            "reltags": {
              "bicycle": "yes",
              "duration": "01:25",
              "foot": "yes",
              "from": "Neuchâtel",
              "motor_vehicle": "no",
              "name": "3212: Neuchâtel-Morat/Murten Course 23,24",
              "operator": "LNM",
              "public_transport:version": "2",
              "ref": "3212",
              "route": "ferry",
              "to": "Morat/Murten",
              "type": "route",
              "website": "https://www.lnm.ch/Unsere-Fahrten"
            }
          }
        ]
      },
      "geometry": {
        "type": "Point",
        "coordinates": [
          7.1143711,
          46.9642105
        ]
      },
      "id": "node/983858046"
    },
    {
      "type": "Feature",
      "properties": {
        "@id": "node/2403644720",
        "amenity": "ferry_terminal",
        "ele": "430",
        "ferry": "yes",
        "name": "Concise (bateau)",
        "operator": "LNM",
        "public_transport": "stop_position",
        "uic_name": "Concise (bateau)",
        "uic_ref": "8504556",
        "@relations": [
          {
            "role": "stop",
            "rel": 18642769,
            "reltags": {
              "bicycle": "yes",
              "duration": "00:50",
              "foot": "yes",
              "from": "Estavayer",
              "motor_vehicle": "no",
              "name": "3211: Yverdon-Estavayer Course 11,12,13,14",
              "operator": "LNM",
              "public_transport:version": "2",
              "ref": "3211",
              "route": "ferry",
              "to": "Yverdon",
              "type": "route",
              "website": "https://www.lnm.ch/Unsere-Fahrten"
            }
          },
          {
            "role": "stop",
            "rel": 18642770,
            "reltags": {
              "bicycle": "yes",
              "duration": "00:50",
              "foot": "yes",
              "from": "Estavayer",
              "motor_vehicle": "no",
              "name": "3211: Estavayer-Yverdon Course 11,12,13,14",
              "operator": "LNM",
              "public_transport:version": "2",
              "ref": "3211",
              "route": "ferry",
              "to": "Yverdon",
              "type": "route",
              "website": "https://www.lnm.ch/Unsere-Fahrten"
            }
          }
        ]
      },
      "geometry": {
        "type": "Point",
        "coordinates": [
          6.7207766,
          46.8474962
        ]
      },
      "id": "node/2403644720"
    },
    {
      "type": "Feature",
      "properties": {
        "@id": "node/2895142688",
        "@relations": [
          {
            "role": "stop",
            "rel": 18642768,
            "reltags": {
              "bicycle": "yes",
              "duration": "01:05",
              "foot": "yes",
              "from": "Yverdon",
              "motor_vehicle": "no",
              "name": "3211: Yverdon-Yverdon Course 511",
              "operator": "LNM",
              "public_transport:version": "2",
              "ref": "3211",
              "route": "ferry",
              "to": "Yverdon",
              "type": "route",
              "via": "Grandson",
              "website": "https://www.lnm.ch/Unsere-Fahrten"
            }
          },
          {
            "role": "stop",
            "rel": 18642768,
            "reltags": {
              "bicycle": "yes",
              "duration": "01:05",
              "foot": "yes",
              "from": "Yverdon",
              "motor_vehicle": "no",
              "name": "3211: Yverdon-Yverdon Course 511",
              "operator": "LNM",
              "public_transport:version": "2",
              "ref": "3211",
              "route": "ferry",
              "to": "Yverdon",
              "type": "route",
              "via": "Grandson",
              "website": "https://www.lnm.ch/Unsere-Fahrten"
            }
          },
          {
            "role": "stop",
            "rel": 18642769,
            "reltags": {
              "bicycle": "yes",
              "duration": "00:50",
              "foot": "yes",
              "from": "Estavayer",
              "motor_vehicle": "no",
              "name": "3211: Yverdon-Estavayer Course 11,12,13,14",
              "operator": "LNM",
              "public_transport:version": "2",
              "ref": "3211",
              "route": "ferry",
              "to": "Yverdon",
              "type": "route",
              "website": "https://www.lnm.ch/Unsere-Fahrten"
            }
          },
          {
            "role": "stop",
            "rel": 18642770,
            "reltags": {
              "bicycle": "yes",
              "duration": "00:50",
              "foot": "yes",
              "from": "Estavayer",
              "motor_vehicle": "no",
              "name": "3211: Estavayer-Yverdon Course 11,12,13,14",
              "operator": "LNM",
              "public_transport:version": "2",
              "ref": "3211",
              "route": "ferry",
              "to": "Yverdon",
              "type": "route",
              "website": "https://www.lnm.ch/Unsere-Fahrten"
            }
          }
        ]
      },
      "geometry": {
        "type": "Point",
        "coordinates": [
          6.6405632,
          46.7872281
        ]
      },
      "id": "node/2895142688"
    },
    {
      "type": "Feature",
      "properties": {
        "@id": "node/8946991315",
        "amenity": "ferry_terminal",
        "ele": "430",
        "ferry": "yes",
        "name": "Grandson",
        "operator": "LNM",
        "public_transport": "stop_position",
        "uic_name": "Grandson (bateau)",
        "uic_ref": "8504557",
        "@relations": [
          {
            "role": "stop",
            "rel": 18642768,
            "reltags": {
              "bicycle": "yes",
              "duration": "01:05",
              "foot": "yes",
              "from": "Yverdon",
              "motor_vehicle": "no",
              "name": "3211: Yverdon-Yverdon Course 511",
              "operator": "LNM",
              "public_transport:version": "2",
              "ref": "3211",
              "route": "ferry",
              "to": "Yverdon",
              "type": "route",
              "via": "Grandson",
              "website": "https://www.lnm.ch/Unsere-Fahrten"
            }
          }
        ]
      },
      "geometry": {
        "type": "Point",
        "coordinates": [
          6.6430295,
          46.8058723
        ]
      },
      "id": "node/8946991315"
    },
    {
      "type": "Feature",
      "properties": {
        "@id": "node/6518684928",
        "@relations": [
          {
            "role": "stop",
            "rel": 18642773,
            "reltags": {
              "bicycle": "yes",
              "duration": "01:25",
              "foot": "yes",
              "from": "Neuchâtel",
              "motor_vehicle": "no",
              "name": "3214: Neuchâtel-Neuchâtel Course 211,213,215",
              "operator": "LNM",
              "public_transport:version": "2",
              "ref": "3214",
              "route": "ferry",
              "to": "Neuchâtel",
              "type": "route",
              "via": "Auvernier",
              "website": "https://www.lnm.ch/Unsere-Fahrten"
            }
          }
        ]
      },
      "geometry": {
        "type": "Point",
        "coordinates": [
          6.9037645,
          46.9800236
        ]
      },
      "id": "node/6518684928"
    }
  ]
}